Datetime,METAR
2025-12-05 14:30 UTC,METAR WSSS 051430Z 34006KT 9999 FEW018 BKN300 27/23 Q1012 NOSIG
2025-12-05 15:00 UTC,METAR WSSS 051500Z 34006KT 9999 FEW018 BKN300 27/23 Q1012 NOSIG
2025-12-05 15:30 UTC,METAR WSSS 051530Z 35005KT 9999 FEW018 BKN300 27/23 Q1012 NOSIG
2025-12-05 16:00 UTC,METAR WSSS 051600Z 32004KT 280V360 9999 FEW018 BKN300 27/23 Q1012 NOSIG
2025-12-05 16:30 UTC,METAR WSSS 051630Z 33003KT 9999 FEW018 BKN300 27/23 Q1012 NOSIG
2025-12-05 17:00 UTC,METAR WSSS 051700Z 34005KT 9999 FEW018 BKN300 27/23 Q1012 NOSIG
2025-12-05 17:30 UTC,METAR WSSS 051730Z 33005KT 9999 FEW018 BKN300 26/24 Q1011 NOSIG
2025-12-05 18:00 UTC,METAR WSSS 051800Z 34005KT 9999 FEW018 BKN300 26/24 Q1011 NOSIG
2025-12-05 18:30 UTC,METAR WSSS 051830Z 34004KT 300V360 9999 FEW018 BKN300 26/24 Q1011 NOSIG
2025-12-05 19:00 UTC,METAR WSSS 051900Z 33004KT 310V010 9999 FEW018 BKN300 26/24 Q1010 NOSIG
2025-12-05 19:30 UTC,METAR WSSS 051930Z 34004KT 9999 FEW018 BKN300 26/24 Q1010 NOSIG
2025-12-05 20:00 UTC,METAR WSSS 052000Z 35003KT 8000 FEW018 BKN300 25/24 Q1010 NOSIG
2025-12-05 20:30 UTC,METAR WSSS 052030Z 34006KT 9000 FEW018 BKN300 26/24 Q1009 NOSIG
2025-12-05 21:00 UTC,METAR WSSS 052100Z 33005KT 9000 FEW018 BKN300 26/24 Q1010 NOSIG
2025-12-05 21:30 UTC,METAR WSSS 052130Z 33004KT 9000 FEW018 BKN300 26/24 Q1010 NOSIG
2025-12-05 22:00 UTC,METAR WSSS 052200Z 33003KT 290V360 8000 FEW016 BKN300 26/24 Q1010 NOSIG
2025-12-05 22:30 UTC,METAR WSSS 052230Z 33004KT 280V350 8000 FEW016 BKN300 26/24 Q1011 NOSIG
2025-12-05 23:00 UTC,METAR WSSS 052300Z 32004KT 270V350 8000 FEW016 FEW020TCU BKN300 26/24 Q1011 NOSIG
2025-12-05 23:30 UTC,METAR WSSS 052330Z 32003KT 290V350 9000 FEW016 FEW020TCU BKN300 26/24 Q1011 NOSIG
2025-12-06 00:00 UTC,METAR WSSS 060000Z 33005KT 300V360 9999 FEW018 FEW020TCU BKN300 27/24 Q1012 NOSIG
2025-12-06 00:30 UTC,METAR WSSS 060030Z 33005KT 280V010 9999 FEW018 BKN300 28/24 Q1012 NOSIG
2025-12-06 01:00 UTC,METAR WSSS 060100Z 34007KT 300V010 9999 FEW018 BKN300 29/24 Q1012 NOSIG
2025-12-06 01:30 UTC,METAR WSSS 060130Z 33007KT 280V360 9999 FEW018 BKN300 29/25 Q1012 NOSIG
2025-12-06 02:00 UTC,METAR WSSS 060200Z 32008KT 280V350 9999 SCT018 BKN300 29/24 Q1013 NOSIG
2025-12-06 02:30 UTC,METAR WSSS 060230Z 34007KT 300V010 9999 SCT018 BKN300 30/25 Q1013 NOSIG
2025-12-06 03:00 UTC,METAR WSSS 060300Z 35008KT 310V020 9999 SCT018 BKN300 30/24 Q1012 NOSIG
2025-12-06 03:30 UTC,METAR WSSS 060330Z 34009KT 290V010 9999 SCT018 FEW020TCU BKN300 30/25 Q1012 NOSIG
2025-12-06 04:00 UTC,METAR WSSS 060400Z 35011KT 9999 SCT018 FEW020TCU BKN300 30/25 Q1012 NOSIG
2025-12-06 04:30 UTC,METAR WSSS 060430Z 35012KT 9999 SCT018 FEW020TCU BKN300 28/24 Q1012 NOSIG
2025-12-06 05:00 UTC,METAR WSSS 060500Z 36015KT 9999 SCT018 FEW020TCU SCT300 29/24 Q1011 NOSIG
2025-12-06 05:30 UTC,METAR WSSS 060530Z 35013KT 9999 SCT016 FEW018CB FEW020TCU SCT160 28/24 Q1011 NOSIG
2025-12-06 06:00 UTC,METAR WSSS 060600Z 35014KT 9999 FEW018 FEW020TCU SCT160 27/23 Q1011 NOSIG
2025-12-06 06:30 UTC,METAR WSSS 060630Z 34009KT 310V010 9999 FEW018 FEW020CB SCT150 BKN300 28/24 Q1010 NOSIG
2025-12-06 07:00 UTC,METAR WSSS 060700Z 35010KT 320V030 9999 SCT018 BKN300 28/24 Q1009 NOSIG
2025-12-06 07:30 UTC,METAR WSSS 060730Z 35012KT 9999 SCT018 BKN300 28/24 Q1009 NOSIG
2025-12-06 08:00 UTC,METAR WSSS 060800Z 35009KT 310V020 9999 FEW018 BKN300 28/24 Q1009 NOSIG
2025-12-06 08:30 UTC,METAR WSSS 060830Z 35013KT 9999 FEW018 BKN300 28/24 Q1009 NOSIG
2025-12-06 09:00 UTC,METAR WSSS 060900Z 35014KT 9999 SCT018 BKN300 28/23 Q1008 NOSIG
2025-12-06 09:30 UTC,METAR WSSS 060930Z 01014KT 9999 SCT018 BKN300 28/24 Q1008 NOSIG
2025-12-06 10:00 UTC,METAR WSSS 061000Z 35009KT 310V020 9999 FEW018 SCT160 BKN300 28/24 Q1008 NOSIG
2025-12-06 10:30 UTC,METAR WSSS 061030Z 35008KT 9999 FEW018 SCT160 BKN300 27/24 Q1009 NOSIG
2025-12-06 11:00 UTC,METAR WSSS 061100Z 35009KT 320V020 9999 FEW018 SCT160 BKN300 27/24 Q1009 NOSIG
2025-12-06 11:30 UTC,METAR WSSS 061130Z 34007KT 290V010 9999 FEW018 SCT160 BKN300 27/24 Q1010 NOSIG
2025-12-06 12:00 UTC,METAR WSSS 061200Z 34007KT 9999 FEW018 BKN300 27/24 Q1010 NOSIG
2025-12-06 12:30 UTC,METAR WSSS 061230Z 34008KT 9999 FEW018 BKN300 27/24 Q1010 NOSIG
2025-12-06 13:00 UTC,METAR WSSS 061300Z 33005KT 290V360 9999 FEW018 BKN300 27/24 Q1011 NOSIG
2025-12-06 13:30 UTC,METAR WSSS 061330Z 34006KT 9999 FEW018 BKN300 27/24 Q1011 NOSIG
2025-12-06 14:00 UTC,METAR WSSS 061400Z 35005KT 9000 -SHRA FEW017TCU BKN300 26/24 Q1012 NOSIG
2025-12-06 14:30 UTC,METAR WSSS 061430Z 34005KT 300V360 9999 FEW018 BKN300 26/24 Q1011 NOSIG
2025-12-06 15:00 UTC,METAR WSSS 061500Z 34004KT 300V360 9999 FEW018 BKN300 26/24 Q1011 NOSIG
2025-12-06 15:30 UTC,METAR WSSS 061530Z 34005KT 9999 FEW018 BKN300 26/23 Q1011 NOSIG
2025-12-06 16:00 UTC,METAR WSSS 061600Z 34006KT 9999 FEW018 BKN150 26/23 Q1011 NOSIG
2025-12-06 16:30 UTC,METAR WSSS 061630Z 33006KT 290V350 9999 FEW018 BKN150 26/23 Q1011 NOSIG
2025-12-06 17:00 UTC,METAR WSSS 061700Z 32004KT 270V340 9999 FEW018 BKN150 26/23 Q1011 NOSIG
2025-12-06 17:30 UTC,METAR WSSS 061730Z 33006KT 9999 FEW018 BKN150 26/23 Q1011 NOSIG
2025-12-06 18:00 UTC,METAR WSSS 061800Z 33006KT 9999 FEW018 BKN150 26/23 Q1010 NOSIG
2025-12-06 18:30 UTC,METAR WSSS 061830Z 32005KT 280V350 9999 FEW018 BKN150 26/23 Q1010 NOSIG
2025-12-06 19:00 UTC,METAR WSSS 061900Z 33006KT 9999 FEW018 SCT150 26/23 Q1010 NOSIG
2025-12-06 19:30 UTC,METAR WSSS 061930Z 33006KT 9999 FEW018 SCT280 26/23 Q1010 NOSIG
2025-12-06 20:00 UTC,METAR WSSS 062000Z 34005KT 9999 FEW018 SCT280 26/23 Q1009 NOSIG
2025-12-06 20:30 UTC,METAR WSSS 062030Z 33005KT 300V360 9999 FEW018 BKN280 26/23 Q1009 NOSIG
2025-12-06 21:00 UTC,METAR WSSS 062100Z 33005KT 9999 FEW018 BKN280 26/23 Q1009 NOSIG
2025-12-06 21:30 UTC,METAR WSSS 062130Z 34004KT 300V360 9999 FEW018 BKN280 26/23 Q1010 NOSIG
2025-12-06 22:00 UTC,METAR WSSS 062200Z 32004KT 290V350 9000 FEW018 SCT150 26/23 Q1010 NOSIG
2025-12-06 22:30 UTC,METAR WSSS 062230Z 33006KT 300V360 9000 FEW018 BKN280 26/23 Q1010 NOSIG
2025-12-06 23:00 UTC,METAR WSSS 062300Z 33005KT 7000 FEW018 BKN270 26/23 Q1010 NOSIG
2025-12-06 23:30 UTC,METAR WSSS 062330Z 34006KT 7000 FEW018 BKN270 26/23 Q1010 NOSIG
2025-12-07 00:00 UTC,METAR WSSS 070000Z 33006KT 9999 FEW018 BKN270 26/23 Q1010 NOSIG
2025-12-07 00:30 UTC,METAR WSSS 070030Z 33008KT 290V350 9000 FEW018 BKN270 26/23 Q1011 NOSIG
2025-12-07 01:00 UTC,METAR WSSS 070100Z 34007KT 9999 FEW018 BKN270 27/23 Q1011 NOSIG
2025-12-07 01:30 UTC,METAR WSSS 070130Z 34007KT 9999 FEW018 SCT170 BKN280 27/23 Q1011 NOSIG
2025-12-07 02:00 UTC,METAR WSSS 070200Z 34007KT 9999 FEW018 BKN280 28/23 Q1011 NOSIG
2025-12-07 02:30 UTC,METAR WSSS 070230Z 34006KT 300V360 9999 FEW018 BKN280 28/24 Q1011 NOSIG
2025-12-07 03:00 UTC,METAR WSSS 070300Z 34010KT 310V010 9999 SCT020 SCT280 BKN300 29/24 Q1011 NOSIG
2025-12-07 03:30 UTC,METAR WSSS 070330Z 34009KT 320V020 9999 SCT020 SCT280 BKN300 30/24 Q1011 NOSIG
2025-12-07 04:00 UTC,METAR WSSS 070400Z 35013KT 310V010 9999 SCT020 SCT280 BKN300 30/23 Q1011 NOSIG
2025-12-07 04:30 UTC,METAR WSSS 070430Z 35011KT 300V010 9999 SCT020 SCT280 31/24 Q1011 NOSIG
2025-12-07 05:00 UTC,METAR WSSS 070500Z 35013KT 9999 SCT022 SCT280 31/23 Q1010 NOSIG
2025-12-07 05:30 UTC,METAR WSSS 070530Z 33011KT 300V360 9999 SCT022 SCT280 30/23 Q1010 NOSIG
2025-12-07 06:00 UTC,METAR WSSS 070600Z 34010KT 9999 SCT022 SCT280 31/23 Q1010 NOSIG
2025-12-07 06:30 UTC,METAR WSSS 070630Z 34012KT 310V030 9999 FEW020 BKN280 31/23 Q1009 NOSIG
2025-12-07 07:00 UTC,METAR WSSS 070700Z 35012KT 300V030 9999 FEW020 BKN280 30/22 Q1009 NOSIG
2025-12-07 07:30 UTC,METAR WSSS 070730Z 35010KT 9999 FEW020 BKN280 31/23 Q1008 NOSIG
2025-12-07 08:00 UTC,METAR WSSS 070800Z 34009KT 9999 FEW020 BKN280 31/23 Q1008 NOSIG
2025-12-07 08:30 UTC,METAR WSSS 070830Z 35009KT 310V010 9999 FEW020 BKN280 30/23 Q1008 NOSIG
2025-12-07 09:00 UTC,METAR WSSS 070900Z 35010KT 9999 FEW020 BKN280 30/23 Q1008 NOSIG
2025-12-07 09:30 UTC,METAR WSSS 070930Z 36012KT 9999 FEW020 BKN280 30/23 Q1008 NOSIG
2025-12-07 10:00 UTC,METAR WSSS 071000Z 34010KT 300V010 9999 FEW020 BKN280 29/23 Q1009 NOSIG
2025-12-07 10:30 UTC,METAR WSSS 071030Z 35010KT 9999 FEW020 BKN280 29/23 Q1009 NOSIG
2025-12-07 11:00 UTC,METAR WSSS 071100Z 35007KT 9999 FEW018 BKN280 28/23 Q1009 NOSIG
2025-12-07 11:30 UTC,METAR WSSS 071130Z 34007KT 9999 FEW018 BKN280 28/23 Q1009 NOSIG
2025-12-07 12:00 UTC,METAR WSSS 071200Z 35009KT 9999 FEW018 BKN280 28/23 Q1010 NOSIG
2025-12-07 12:30 UTC,METAR WSSS 071230Z 34008KT 300V010 9999 FEW018 SCT160 BKN270 28/23 Q1010 NOSIG
2025-12-07 13:00 UTC,METAR WSSS 071300Z 33007KT 300V360 9999 FEW018 SCT160 BKN270 27/23 Q1011 NOSIG
2025-12-07 13:30 UTC,METAR WSSS 071330Z 34006KT 290V010 9999 FEW018 SCT160 BKN270 27/23 Q1011 NOSIG
2025-12-07 14:00 UTC,METAR WSSS 071400Z 34007KT 290V360 9999 FEW018 BKN160 27/23 Q1011 NOSIG
2025-12-07 14:30 UTC,METAR WSSS 071430Z 33005KT 290V010 9999 FEW018 BKN160 27/23 Q1012 NOSIG
2025-12-07 15:00 UTC,METAR WSSS 071500Z 33006KT 290V360 9999 FEW018 BKN160 27/23 Q1012 NOSIG
2025-12-07 15:30 UTC,METAR WSSS 071530Z 34006KT 300V360 9999 FEW018 BKN160 27/23 Q1012 NOSIG
2025-12-07 16:00 UTC,METAR WSSS 071600Z 34007KT 300V010 9999 FEW018 BKN160 27/23 Q1011 NOSIG
2025-12-07 16:30 UTC,METAR WSSS 071630Z 33007KT 9999 FEW018 BKN160 27/23 Q1011 NOSIG
2025-12-07 17:00 UTC,METAR WSSS 071700Z 33006KT 300V360 9999 FEW018 BKN160 27/22 Q1011 NOSIG
2025-12-07 17:30 UTC,METAR WSSS 071730Z 34007KT 9999 FEW018 BKN160 27/23 Q1011 NOSIG
2025-12-07 18:00 UTC,METAR WSSS 071800Z 33008KT 9999 FEW018 BKN160 27/22 Q1011 NOSIG
2025-12-07 18:30 UTC,METAR WSSS 071830Z 33007KT 300V010 9999 FEW018 BKN160 26/22 Q1010 NOSIG
2025-12-07 19:00 UTC,METAR WSSS 071900Z 33005KT 300V360 9999 FEW018 BKN160 26/23 Q1010 NOSIG
2025-12-07 19:30 UTC,METAR WSSS 071930Z 33005KT 290V350 9999 FEW018 BKN160 26/22 Q1010 NOSIG
2025-12-07 20:00 UTC,METAR WSSS 072000Z 34006KT 9999 FEW018 SCT160 BKN300 26/22 Q1010 NOSIG
2025-12-07 20:30 UTC,METAR WSSS 072030Z 32005KT 9999 FEW018 SCT160 BKN300 26/22 Q1009 NOSIG
2025-12-07 21:00 UTC,METAR WSSS 072100Z 33004KT 300V360 9999 FEW018 SCT160 BKN300 26/23 Q1009 NOSIG
2025-12-07 21:30 UTC,METAR WSSS 072130Z 34005KT 9999 FEW018 SCT160 BKN300 26/23 Q1009 NOSIG
2025-12-07 22:00 UTC,METAR WSSS 072200Z 34006KT 9999 FEW018 SCT160 BKN300 26/23 Q1010 NOSIG
2025-12-07 22:30 UTC,METAR WSSS 072230Z 34004KT 310V010 9999 FEW018 BKN300 26/23 Q1010 NOSIG
2025-12-07 23:00 UTC,METAR WSSS 072300Z 33006KT 300V360 9999 FEW018 BKN300 26/23 Q1010 NOSIG
2025-12-07 23:30 UTC,METAR WSSS 072330Z 33005KT 310V010 9999 FEW018 BKN300 26/23 Q1010 NOSIG
2025-12-08 00:00 UTC,METAR WSSS 080000Z 33004KT 270V360 9999 FEW018 SCT270 BKN300 26/23 Q1011 NOSIG
2025-12-08 00:30 UTC,METAR WSSS 080030Z 33004KT 300V360 9999 FEW018 BKN270 27/23 Q1011 NOSIG
2025-12-08 01:00 UTC,METAR WSSS 080100Z 34007KT 9999 FEW018 SCT160 BKN270 27/23 Q1012 NOSIG
2025-12-08 01:30 UTC,METAR WSSS 080130Z 34007KT 9999 FEW018 SCT160 BKN270 28/23 Q1012 NOSIG
2025-12-08 02:00 UTC,METAR WSSS 080200Z 35009KT 320V020 9999 FEW018 BKN270 28/23 Q1012 NOSIG
2025-12-08 02:30 UTC,METAR WSSS 080230Z 35010KT 9999 FEW016 BKN270 28/23 Q1012 NOSIG
2025-12-08 03:00 UTC,METAR WSSS 080300Z 01011KT 9999 FEW016 BKN270 29/24 Q1012 NOSIG
2025-12-08 03:30 UTC,METAR WSSS 080330Z 36010KT 9999 FEW016 BKN270 29/23 Q1012 NOSIG
2025-12-08 04:00 UTC,METAR WSSS 080400Z 01013KT 9999 FEW016 SCT030 BKN270 29/23 Q1012 NOSIG
2025-12-08 04:30 UTC,METAR WSSS 080430Z 36013KT 9999 FEW016 FEW020TCU SCT030 30/24 Q1012 NOSIG
2025-12-08 05:00 UTC,METAR WSSS 080500Z 36014KT 9999 FEW016 FEW020TCU SCT030 29/22 Q1011 NOSIG
2025-12-08 05:30 UTC,METAR WSSS 080530Z 36014KT 9999 FEW016 FEW020TCU SCT030 29/23 Q1011 NOSIG
2025-12-08 06:00 UTC,METAR WSSS 080600Z 36015KT 9999 FEW016 SCT030 BKN270 29/23 Q1011 NOSIG
2025-12-08 06:30 UTC,METAR WSSS 080630Z 36016KT 9999 FEW016 FEW020TCU SCT150 BKN270 29/23 Q1010 NOSIG
2025-12-08 07:00 UTC,METAR WSSS 080700Z 36016KT 9999 FEW016 FEW020TCU SCT150 BKN280 29/23 Q1010 NOSIG
2025-12-08 07:30 UTC,METAR WSSS 080730Z 36017KT 9999 FEW018 FEW020TCU BKN280 29/23 Q1009 NOSIG
2025-12-08 08:00 UTC,METAR WSSS 080800Z 36016KT 9999 FEW018 SCT280 29/23 Q1009 NOSIG
2025-12-08 08:30 UTC,METAR WSSS 080830Z 36017KT 9999 FEW018 SCT280 BKN300 29/22 Q1009 NOSIG
2025-12-08 09:00 UTC,METAR WSSS 080900Z 35014KT 9999 FEW018 SCT280 28/22 Q1009 NOSIG
2025-12-08 09:30 UTC,METAR WSSS 080930Z 35011KT 9999 FEW018 SCT280 28/22 Q1009 NOSIG
2025-12-08 10:00 UTC,METAR WSSS 081000Z 36014KT 9999 FEW018 SCT280 28/22 Q1009 NOSIG
2025-12-08 10:30 UTC,METAR WSSS 081030Z 35009KT 9999 FEW018 SCT280 BKN300 28/22 Q1009 NOSIG
2025-12-08 11:00 UTC,METAR WSSS 081100Z 35007KT 9999 FEW018 SCT280 BKN300 27/22 Q1009 NOSIG
2025-12-08 11:30 UTC,METAR WSSS 081130Z 35008KT 9999 FEW018 BKN300 27/22 Q1010 NOSIG
2025-12-08 12:00 UTC,METAR WSSS 081200Z 35007KT 310V010 9999 FEW018 BKN300 27/22 Q1010 NOSIG
2025-12-08 12:30 UTC,METAR WSSS 081230Z 34006KT 9999 FEW018 BKN300 26/22 Q1010 NOSIG
2025-12-08 13:00 UTC,METAR WSSS 081300Z 34006KT 9999 FEW018 BKN300 27/23 Q1010 NOSIG
2025-12-08 13:30 UTC,METAR WSSS 081330Z 33004KT 9999 FEW018 BKN300 26/23 Q1011 NOSIG
2025-12-08 14:00 UTC,METAR WSSS 081400Z 33005KT 9999 FEW018 BKN300 26/23 Q1011 NOSIG
2025-12-08 14:48 UTC,METAR WSSS 081430Z 34005KT 9999 FEW018 BKN300 26/22 Q1011 NOSIG
2025-12-08 15:41 UTC,METAR WSSS 081530Z 33005KT 9999 FEW018 BKN300 26/22 Q1011 NOSIG
2025-12-08 16:55 UTC,METAR WSSS 081630Z 33004KT 9000 FEW018 BKN300 26/22 Q1011 NOSIG
2025-12-08 17:41 UTC,METAR WSSS 081730Z 34004KT 320V020 9999 FEW018 BKN300 25/22 Q1010 NOSIG
2025-12-08 18:54 UTC,METAR WSSS 081830Z 34004KT 9999 FEW018 BKN300 25/22 Q1010 NOSIG
2025-12-08 19:30 UTC,METAR WSSS 081900Z 34003KT 9999 FEW018 BKN300 24/22 Q1010 NOSIG
2025-12-08 19:44 UTC,METAR WSSS 081930Z 33005KT 9999 FEW018 BKN300 25/22 Q1009 NOSIG
2025-12-08 20:42 UTC,METAR WSSS 082030Z 32005KT 9999 FEW018 BKN300 26/23 Q1009 NOSIG
2025-12-08 21:29 UTC,METAR WSSS 082100Z 33005KT 9000 FEW018 BKN300 25/22 Q1009 NOSIG
2025-12-08 21:44 UTC,METAR WSSS 082130Z 33005KT 9000 FEW018 BKN300 26/22 Q1009 NOSIG
2025-12-08 22:40 UTC,METAR WSSS 082230Z 33004KT 9000 FEW018 BKN300 25/22 Q1010 NOSIG
2025-12-08 23:32 UTC,METAR WSSS 082330Z 34004KT 9000 FEW018 BKN300 25/23 Q1010 NOSIG
2025-12-09 00:00 UTC,METAR WSSS 090000Z 34005KT 9000 FEW018 BKN300 26/23 Q1010 NOSIG
2025-12-09 01:00 UTC,METAR WSSS 090030Z 33005KT 310V020 9999 FEW020 BKN300 27/23 Q1011 NOSIG
2025-12-09 01:15 UTC,METAR WSSS 090100Z 35006KT 9999 FEW020 BKN300 27/23 Q1011 NOSIG
2025-12-09 01:30 UTC,METAR WSSS 090130Z 35007KT 9999 FEW020 BKN300 28/23 Q1011 NOSIG
2025-12-09 02:00 UTC,METAR WSSS 090200Z 35008KT 320V020 9999 SCT018 BKN300 28/23 Q1011 NOSIG
2025-12-09 02:30 UTC,METAR WSSS 090230Z 36010KT 320V020 9999 SCT018 BKN300 29/23 Q1011 NOSIG
2025-12-09 03:28 UTC,METAR WSSS 090300Z 36011KT 330V030 9999 SCT018 BKN300 29/23 Q1011 NOSIG
2025-12-09 03:43 UTC,METAR WSSS 090330Z 01014KT 9999 SCT018 BKN300 29/23 Q1011 NOSIG
2025-12-09 04:00 UTC,METAR WSSS 090400Z 36014KT 9999 FEW018 BKN300 29/23 Q1011 NOSIG
2025-12-09 04:48 UTC,METAR WSSS 090430Z 01012KT 9999 FEW018 BKN300 29/23 Q1010 NOSIG
2025-12-09 05:00 UTC,METAR WSSS 090500Z 36012KT 330V040 9999 FEW018 SCT150 30/23 Q1010 NOSIG
2025-12-09 05:43 UTC,METAR WSSS 090530Z 36012KT 9999 FEW018 SCT280 30/24 Q1009 NOSIG
2025-12-09 06:58 UTC,METAR WSSS 090630Z 01014KT 9999 SCT018 FEW020TCU BKN300 30/24 Q1009 NOSIG
2025-12-09 07:41 UTC,METAR WSSS 090730Z 36014KT 9999 FEW018 SCT080 BKN300 30/23 Q1008 NOSIG
2025-12-09 08:57 UTC,METAR WSSS 090830Z 35011KT 9999 FEW018 SCT060 BKN300 29/22 Q1008 NOSIG
2025-12-09 09:46 UTC,METAR WSSS 090930Z 35011KT 9999 FEW018 SCT060 BKN300 29/23 Q1008 NOSIG
2025-12-09 10:52 UTC,METAR WSSS 091030Z 35011KT 9999 FEW018 BKN300 28/22 Q1008 NOSIG
2025-12-09 11:49 UTC,METAR WSSS 091130Z 35008KT 9999 FEW018 BKN300 28/23 Q1009 NOSIG
2025-12-09 13:48 UTC,METAR WSSS 091330Z 36009KT 9999 FEW018 BKN070 27/23 Q1011 NOSIG
2025-12-09 14:49 UTC,METAR WSSS 091430Z 36009KT 9999 FEW018 BKN080 27/23 Q1011 NOSIG
2025-12-09 15:59 UTC,METAR WSSS 091530Z 35008KT 9999 FEW018 SCT080 27/23 Q1011 NOSIG
2025-12-09 16:56 UTC,METAR WSSS 091630Z 34005KT 310V010 9999 FEW018 BKN300 26/23 Q1011 NOSIG
2025-12-09 17:44 UTC,METAR WSSS 091730Z 33005KT 290V360 9999 FEW018 BKN150 26/23 Q1010 NOSIG
2025-12-09 18:54 UTC,METAR WSSS 091830Z 33004KT 300V360 9999 FEW018 SCT160 BKN300 26/23 Q1009 NOSIG
2025-12-09 19:25 UTC,METAR WSSS 091900Z 33005KT 9999 FEW018 SCT160 BKN300 26/23 Q1009 NOSIG
2025-12-09 19:58 UTC,METAR WSSS 091930Z 33005KT 310V010 9999 FEW018 SCT160 BKN300 26/23 Q1009 NOSIG
2025-12-09 20:37 UTC,METAR WSSS 092030Z 33005KT 290V350 9999 FEW018 BKN300 26/23 Q1009 NOSIG
2025-12-09 21:33 UTC,METAR WSSS 092130Z 34005KT 9000 FEW018 BKN300 25/23 Q1009 NOSIG
2025-12-09 22:38 UTC,METAR WSSS 092230Z 35005KT 9000 FEW018 BKN300 25/23 Q1009 NOSIG
2025-12-09 23:32 UTC,METAR WSSS 092300Z 33005KT 290V360 9000 FEW018 BKN300 25/23 Q1009 NOSIG
2025-12-09 23:49 UTC,METAR WSSS 092330Z 33005KT 300V360 9999 FEW018 BKN300 26/23 Q1010 NOSIG
2025-12-10 01:34 UTC,METAR WSSS 100130Z 36008KT 310V020 9999 FEW018 BKN160 28/24 Q1011 NOSIG
2025-12-10 04:04 UTC,METAR WSSS 100400Z 35009KT 320V030 9999 SCT020 SCT170 BKN300 31/24 Q1010 NOSIG
2025-12-10 04:59 UTC,METAR WSSS 100430Z 35007KT 310V020 9999 SCT020 SCT170 BKN300 31/23 Q1010 NOSIG
2025-12-10 05:44 UTC,METAR WSSS 100530Z 01010KT 340V040 9999 FEW018TCU SCT020 BKN160 31/24 Q1009 NOSIG
2025-12-10 06:58 UTC,METAR WSSS 100630Z 36012KT 9999 -SHRA FEW017TCU SCT030 30/24 Q1008 NOSIG
2025-12-10 07:41 UTC,METAR WSSS 100730Z 36010KT 9000 -TSRA FEW016CB FEW017TCU SCT030 28/23 Q1007 BECMG FM0800 TL0815 NSW
2025-12-10 08:55 UTC,METAR WSSS 100830Z 01003KT 300V080 6000 -TSRA FEW016CB FEW017TCU SCT150 26/25 Q1007 BECMG FM0915 TL0930 NSW
2025-12-10 09:47 UTC,METAR WSSS 100930Z 31004KT 240V360 2000 +TSRA FEW008 FEW014CB SCT016TCU BKN150 25/24 Q1008 BECMG FM0945 TL1000 6000 NSW
2025-12-10 10:53 UTC,METAR WSSS 101030Z 36003KT 6000 -RA FEW015 FEW017TCU BKN160 25/25 Q1008 NOSIG
2025-12-10 11:33 UTC,METAR WSSS 101130Z 32003KT 8000 -RA FEW016 SCT060 BKN160 25/25 Q1009 NOSIG
2025-12-10 13:50 UTC,METAR WSSS 101330Z 32002KT 9999 FEW018 BKN160 26/25 Q1010 NOSIG
2025-12-10 14:52 UTC,METAR WSSS 101430Z 33003KT 9999 FEW018 SCT070 BKN300 26/24 Q1010 NOSIG
2025-12-10 15:44 UTC,METAR WSSS 101530Z 34004KT 9999 FEW018 SCT070 BKN160 26/24 Q1010 NOSIG
2025-12-10 16:56 UTC,METAR WSSS 101630Z 33004KT 9999 FEW018 SCT080 BKN160 26/24 Q1010 NOSIG
2025-12-10 17:47 UTC,METAR WSSS 101730Z 33003KT 300V360 9999 FEW018 SCT080 BKN160 26/24 Q1010 NOSIG
2025-12-10 18:55 UTC,METAR WSSS 101830Z 32004KT 9999 FEW018 BKN150 26/24 Q1009 NOSIG
2025-12-10 19:31 UTC,METAR WSSS 101930Z 33003KT 9999 FEW018 BKN150 26/24 Q1009 NOSIG
2025-12-10 20:48 UTC,METAR WSSS 102030Z 34003KT 9999 FEW018 BKN150 26/24 Q1008 NOSIG
2025-12-10 21:40 UTC,METAR WSSS 102130Z 33003KT 300V360 9999 FEW018 BKN150 26/24 Q1009 NOSIG
2025-12-10 22:42 UTC,METAR WSSS 102230Z VRB02KT 9999 FEW018 BKN150 26/24 Q1010 NOSIG
2025-12-10 23:33 UTC,METAR WSSS 102330Z VRB01KT 9999 FEW018 BKN150 26/24 Q1010 NOSIG
2025-12-11 03:51 UTC,METAR WSSS 110330Z 33003KT 270V020 9999 FEW020 BKN150 28/23 Q1011 NOSIG
2025-12-11 04:59 UTC,METAR WSSS 110430Z 32003KT 260V020 9999 FEW020 BKN160 29/23 Q1011 NOSIG
2025-12-11 05:47 UTC,METAR WSSS 110530Z 33003KT 250V020 9999 FEW020 BKN160 29/24 Q1010 NOSIG
2025-12-11 07:01 UTC,METAR WSSS 110630Z VRB02KT 9999 FEW020 SCT160 BKN270 30/23 Q1009 NOSIG
2025-12-11 07:42 UTC,METAR WSSS 110730Z VRB04KT 9999 FEW020 SCT160 BKN280 29/24 Q1008 NOSIG
2025-12-11 08:57 UTC,METAR WSSS 110830Z 18005KT 120V200 9999 FEW020 BKN280 29/24 Q1007 NOSIG
2025-12-11 09:48 UTC,METAR WSSS 110930Z 17005KT 9999 FEW020 BKN280 29/24 Q1007 NOSIG
2025-12-11 10:51 UTC,METAR WSSS 111030Z 16005KT 9999 FEW018 SCT025 BKN280 28/24 Q1007 NOSIG
2025-12-11 11:33 UTC,METAR WSSS 111130Z 16004KT 9999 FEW018 SCT280 BKN300 27/24 Q1008 NOSIG
2025-12-11 13:53 UTC,METAR WSSS 111330Z 07003KT 020V140 9000 FEW018 SCT160 BKN300 28/24 Q1010 NOSIG
2025-12-11 14:43 UTC,METAR WSSS 111430Z 01004KT 340V040 9000 FEW018 SCT280 27/24 Q1010 NOSIG
2025-12-11 15:52 UTC,METAR WSSS 111530Z 34005KT 9999 FEW018 BKN160 27/24 Q1010 NOSIG
2025-12-11 17:01 UTC,METAR WSSS 111630Z 34004KT 9999 FEW018 BKN160 27/24 Q1010 NOSIG
2025-12-11 17:58 UTC,METAR WSSS 111730Z 33004KT 9999 FEW018 BKN160 27/24 Q1009 NOSIG
2025-12-11 18:59 UTC,METAR WSSS 111830Z 33004KT 9999 FEW018 SCT080 BKN160 26/24 Q1009 NOSIG
2025-12-11 19:35 UTC,METAR WSSS 111930Z 34003KT 9999 FEW018 BKN160 26/24 Q1008 NOSIG
2025-12-11 20:39 UTC,METAR WSSS 112030Z 33002KT 9999 FEW018 SCT160 26/24 Q1007 NOSIG
2025-12-11 21:38 UTC,METAR WSSS 112130Z 33004KT 9999 FEW018 SCT160 26/24 Q1007 NOSIG
2025-12-11 22:42 UTC,METAR WSSS 112230Z VRB02KT 7000 FEW016 SCT170 BKN300 25/24 Q1008 NOSIG
2025-12-11 23:33 UTC,METAR WSSS 112330Z 34003KT 3500 BR FEW016 FEW018TCU BKN300 25/24 Q1008 BECMG FM2345 TL0000 6000 NSW
2025-12-12 03:50 UTC,METAR WSSS 120330Z 34005KT 240V040 9999 FEW018 FEW020TCU BKN300 30/24 Q1010 NOSIG
2025-12-12 04:56 UTC,METAR WSSS 120430Z 01008KT 320V050 9999 FEW018 FEW020TCU BKN300 31/24 Q1009 NOSIG
2025-12-12 05:44 UTC,METAR WSSS 120530Z 02007KT 350V050 9999 VCSH FEW018TCU FEW020CB BKN300 32/24 Q1008 NOSIG
2025-12-12 06:59 UTC,METAR WSSS 120630Z 02010KT 360V060 9000 -SHRA FEW017TCU FEW018CB SCT025 30/25 Q1007 NOSIG
2025-12-12 07:40 UTC,METAR WSSS 120730Z 01014KT 350V050 6000 -TSRA FEW013 FEW015CB SCT017TCU 28/23 Q1006 TEMPO TL0830 1000 +TSRA
2025-12-12 08:57 UTC,METAR WSSS 120830Z 32006KT 270V010 5000 TSRA FEW010 FEW014CB SCT016TCU BKN150 24/23 Q1007 BECMG FM0850 TL0905 -TSRA BECMG FM0920 TL0935 NSW
2025-12-12 09:47 UTC,SPECI WSSS 120941Z 30004KT 240V010 4000 TSRA FEW012 FEW015CB FEW017TCU BKN150 25/23 Q1007 BECMG FM1015 TL1025 6000 NSW
2025-12-12 10:49 UTC,METAR WSSS 121030Z 25003KT 220V290 7000 -RA FEW015 FEW017TCU FEW018CB BKN150 25/24 Q1008 RETSRA NOSIG
2025-12-12 11:35 UTC,METAR WSSS 121130Z VRB01KT 9000 -RA FEW015 BKN160 25/24 Q1009 NOSIG
2025-12-12 13:47 UTC,METAR WSSS 121330Z 35003KT 9999 FEW016 FEW020CB BKN140 25/24 Q1010 NOSIG
2025-12-12 14:38 UTC,METAR WSSS 121430Z 35004KT 9999 FEW016 FEW020CB BKN160 25/24 Q1010 NOSIG
2025-12-12 15:42 UTC,METAR WSSS 121530Z 34004KT 9999 FEW016 BKN160 26/24 Q1010 NOSIG
2025-12-12 16:48 UTC,METAR WSSS 121630Z 33003KT 9999 FEW016 BKN160 26/24 Q1010 NOSIG
2025-12-12 17:41 UTC,METAR WSSS 121730Z 33005KT 9999 FEW016 BKN160 26/24 Q1010 NOSIG
2025-12-12 18:56 UTC,METAR WSSS 121830Z 36005KT 7000 FEW016 BKN160 26/24 Q1009 NOSIG
2025-12-12 19:30 UTC,METAR WSSS 121900Z 34004KT 7000 FEW016 BKN160 26/24 Q1009 NOSIG
2025-12-12 19:44 UTC,METAR WSSS 121930Z 35004KT 5000 HZ FEW014 BKN160 25/24 Q1009 NOSIG
2025-12-12 20:41 UTC,METAR WSSS 122030Z 33004KT 9000 FEW014 SCT080 BKN160 25/24 Q1008 NOSIG
2025-12-12 21:32 UTC,METAR WSSS 122130Z 29003KT 240V330 7000 FEW014 BKN160 26/24 Q1009 NOSIG
2025-12-12 22:40 UTC,METAR WSSS 122230Z 28003KT 230V360 9999 FEW014 FEW018TCU SCT060 26/24 Q1009 NOSIG
2025-12-12 23:32 UTC,METAR WSSS 122330Z 23008KT 190V310 7000 3000S -SHRA FEW012 FEW015CB SCT016TCU 25/22 Q1010 TEMPO TL0015 3000 SHRA
2025-12-13 03:41 UTC,METAR WSSS 130330Z VRB03KT 9999 FEW016 SCT070 BKN140 28/23 Q1010 NOSIG
2025-12-13 04:47 UTC,METAR WSSS 130430Z VRB02KT 9999 FEW018 SCT150 BKN270 29/24 Q1009 NOSIG
2025-12-13 05:41 UTC,METAR WSSS 130530Z 35004KT 320V050 9999 FEW018 BKN280 30/24 Q1008 NOSIG
2025-12-13 06:54 UTC,METAR WSSS 130630Z VRB03KT 9999 VCSH FEW014 FEW017TCU FEW018CB SCT030 30/25 Q1007 NOSIG
2025-12-13 07:34 UTC,METAR WSSS 130730Z 11005KT 080V150 9999 -SHRA FEW014 FEW017TCU FEW018CB SCT040 28/24 Q1006 NOSIG
2025-12-13 08:46 UTC,METAR WSSS 130830Z 10007KT 050V120 9999 -SHRA FEW014 FEW017TCU FEW018CB SCT030 28/24 Q1006 NOSIG
2025-12-13 09:33 UTC,METAR WSSS 130930Z VRB03KT 9999 -SHRA FEW012 FEW016TCU FEW017CB SCT030 27/24 Q1007 NOSIG
2025-12-13 10:39 UTC,METAR WSSS 131030Z 26004KT 210V320 8000 -TSRA FEW008 FEW016CB FEW017TCU SCT020 26/24 Q1007 TEMPO TL1045 3000 TSRA BECMG FM1100 TL1115 NSW
2025-12-13 11:27 UTC,METAR WSSS 131100Z 21005KT 9999 -SHRA FEW012 FEW016CB FEW017TCU SCT030 26/24 Q1008 RETS NOSIG
2025-12-13 11:41 UTC,METAR WSSS 131130Z VRB01KT 9999 SCT015 FEW017TCU SCT030 26/24 Q1008 NOSIG
2025-12-13 13:19 UTC,METAR WSSS 131300Z 35006KT 9999 FEW016 SCT060 26/23 Q1009 NOSIG
2025-12-13 13:46 UTC,METAR WSSS 131330Z 35005KT 9999 FEW016 SCT060 26/23 Q1009 NOSIG
2025-12-13 14:36 UTC,METAR WSSS 131430Z 33005KT 300V360 9999 FEW016 BKN300 26/23 Q1010 NOSIG
2025-12-13 15:33 UTC,METAR WSSS 131530Z 34005KT 310V010 9999 FEW016 BKN300 26/23 Q1010 NOSIG
2025-12-13 16:46 UTC,METAR WSSS 131630Z 33005KT 310V010 9999 FEW018 BKN300 26/23 Q1010 NOSIG
2025-12-13 17:33 UTC,METAR WSSS 131730Z 33005KT 9999 FEW018 SCT160 BKN300 26/23 Q1010 NOSIG
2025-12-13 18:48 UTC,METAR WSSS 131830Z 34007KT 9000 FEW018 BKN150 26/23 Q1009 NOSIG
2025-12-13 19:26 UTC,METAR WSSS 131900Z 34007KT 9000 FEW018 BKN150 25/23 Q1008 NOSIG
2025-12-13 19:39 UTC,METAR WSSS 131930Z 34008KT 300V360 8000 FEW018 BKN150 25/23 Q1008 NOSIG
2025-12-13 20:37 UTC,METAR WSSS 132030Z 34007KT 9000 FEW018 BKN150 25/23 Q1008 NOSIG
2025-12-13 21:30 UTC,METAR WSSS 132100Z 35007KT 9000 FEW016 BKN150 25/23 Q1008 NOSIG
2025-12-13 21:42 UTC,METAR WSSS 132130Z 35006KT 300V010 9000 FEW016 BKN150 25/23 Q1007 NOSIG
2025-12-13 22:38 UTC,METAR WSSS 132230Z 34006KT 9999 FEW016 FEW020TCU SCT150 BKN300 25/23 Q1008 NOSIG
2025-12-13 23:32 UTC,METAR WSSS 132300Z 34004KT 9999 FEW016 FEW020TCU SCT160 BKN300 25/23 Q1008 NOSIG
2025-12-14 03:53 UTC,METAR WSSS 140300Z 33007KT 280V360 9999 FEW018 SCT150 BKN300 29/25 Q1010 NOSIG
2025-12-14 04:57 UTC,METAR WSSS 140400Z 36008KT 320V040 9999 FEW018 FEW020TCU BKN150 30/25 Q1010 NOSIG
2025-12-14 05:40 UTC,METAR WSSS 132300Z 34004KT 9999 FEW016 FEW020TCU SCT160 BKN300 25/23 Q1008 NOSIG
2025-12-14 08:47 UTC,METAR WSSS 140830Z 20006KT 7000 -SHRA FEW014 FEW016CB FEW017TCU BKN160 24/24 Q1007 RETS NOSIG
2025-12-14 09:34 UTC,METAR WSSS 140930Z VRB01KT 7000 -SHRA SCT016 FEW017TCU BKN160 25/24 Q1007 TEMPO TL1000 4500 SHRA
2025-12-14 10:40 UTC,METAR WSSS 141030Z 28003KT 240V310 9999 FEW016 FEW017TCU SCT150 26/24 Q1006 NOSIG
2025-12-14 11:28 UTC,METAR WSSS 141100Z VRB02KT 9999 FEW016 SCT150 BKN300 26/24 Q1007 NOSIG
2025-12-14 11:41 UTC,METAR WSSS 141130Z 29004KT 250V330 9999 FEW016 SCT150 BKN300 26/24 Q1007 NOSIG
2025-12-14 13:20 UTC,METAR WSSS 141300Z 32005KT 9999 TS FEW015 FEW017CB FEW018TCU SCT300 25/24 Q1009 BECMG FM1305 TL1315 NSW
2025-12-14 13:46 UTC,METAR WSSS 141330Z 32005KT 9999 FEW015 FEW018TCU SCT150 26/24 Q1009 RETS NOSIG
2025-12-14 14:37 UTC,METAR WSSS 141430Z 36003KT 9999 -SHRA FEW015 FEW017TCU BKN150 25/24 Q1010 NOSIG
2025-12-14 15:34 UTC,METAR WSSS 141530Z 32004KT 9999 FEW014 SCT018TCU 26/24 Q1010 TEMPO FM1600 TL1645 4000 SHRA
2025-12-14 16:45 UTC,METAR WSSS 141630Z 01005KT 340V060 9999 -SHRA FEW012 FEW017TCU SCT030 25/24 Q1010 NOSIG
2025-12-14 17:33 UTC,METAR WSSS 141730Z 17003KT 110V230 8000 -SHRA FEW015 FEW017TCU SCT040 24/23 Q1009 NOSIG
2025-12-14 18:51 UTC,METAR WSSS 141830Z 31003KT 260V340 8000 FEW015 SCT060 BKN160 25/23 Q1009 NOSIG
2025-12-14 19:27 UTC,METAR WSSS 141900Z 31004KT 260V350 8000 FEW012 SCT080 BKN170 25/24 Q1009 NOSIG
2025-12-14 19:40 UTC,METAR WSSS 141930Z 35009KT 7000 -SHRA FEW010 FEW015TCU SCT030 BKN170 25/24 Q1009 NOSIG
2025-12-14 20:39 UTC,METAR WSSS 142030Z 34006KT 300V020 7000 -SHRA FEW012 FEW016TCU SCT040 24/23 Q1008 NOSIG
2025-12-14 21:31 UTC,METAR WSSS 142130Z 34007KT 7000 FEW012 FEW016TCU SCT050 BKN140 24/23 Q1009 NOSIG
2025-12-14 22:38 UTC,METAR WSSS 142230Z 33004KT 280V360 7000 -SHRA FEW012 FEW016TCU SCT050 BKN150 24/23 Q1009 TEMPO TL2310 4000 SHRA
2025-12-14 23:32 UTC,METAR WSSS 142300Z 35002KT 8000 -RA FEW012 FEW017TCU SCT070 BKN150 24/23 Q1009 NOSIG
2025-12-15 03:59 UTC,METAR WSSS 150330Z 36006KT 330V030 6000 -RA FEW012 SCT020 OVC150 25/24 Q1011 NOSIG
2025-12-15 05:02 UTC,METAR WSSS 150500Z 34004KT 310V010 8000 -RA FEW015 BKN160 25/24 Q1011 NOSIG
2025-12-15 05:53 UTC,METAR WSSS 150530Z 34003KT 310V020 8000 -RA FEW015 SCT020 BKN160 25/24 Q1010 NOSIG
2025-12-15 07:01 UTC,METAR WSSS 150700Z 34004KT 8000 -RA FEW015 SCT018 BKN160 25/24 Q1008 NOSIG
2025-12-15 07:49 UTC,METAR WSSS 150730Z 35005KT 320V030 9000 -RA FEW015 SCT018 BKN160 26/24 Q1008 NOSIG
2025-12-15 08:59 UTC,METAR WSSS 150830Z 35006KT 9000 -RA FEW015 SCT040 BKN160 26/24 Q1008 NOSIG
2025-12-15 09:56 UTC,METAR WSSS 150930Z 35007KT 8000 -RA FEW012 FEW016TCU SCT018 BKN160 25/24 Q1008 NOSIG
2025-12-15 10:54 UTC,METAR WSSS 151030Z 34007KT 9999 FEW015 FEW018TCU BKN180 26/24 Q1008 NOSIG
2025-12-15 11:35 UTC,METAR WSSS 151130Z 34004KT 9999 FEW012 SCT018 BKN180 25/24 Q1009 NOSIG
2025-12-15 13:54 UTC,METAR WSSS 151330Z 32004KT 7000 -RA FEW015 BKN180 25/24 Q1010 NOSIG
2025-12-15 14:56 UTC,METAR WSSS 151430Z 32004KT 290V350 9999 FEW015 BKN160 25/24 Q1011 NOSIG
2025-12-15 15:51 UTC,METAR WSSS 151530Z VRB02KT 9999 FEW018 BKN160 25/24 Q1011 NOSIG
2025-12-15 17:01 UTC,METAR WSSS 151700Z VRB01KT 9999 FEW018 SCT160 BKN300 25/24 Q1010 NOSIG
2025-12-15 17:54 UTC,METAR WSSS 151730Z VRB02KT 9999 FEW018 BKN300 24/24 Q1010 NOSIG
2025-12-15 18:58 UTC,METAR WSSS 151830Z VRB02KT 9999 FEW018 BKN300 25/24 Q1009 NOSIG
2025-12-15 19:34 UTC,METAR WSSS 151930Z 27003KT 220V330 9999 FEW018 SCT150 BKN300 25/23 Q1009 NOSIG
2025-12-15 20:46 UTC,METAR WSSS 152030Z 28004KT 250V320 9999 FEW018 SCT150 BKN300 25/23 Q1008 NOSIG
2025-12-15 21:37 UTC,METAR WSSS 152130Z VRB02KT 9999 FEW018 SCT150 BKN300 24/24 Q1008 NOSIG
2025-12-15 22:42 UTC,METAR WSSS 152230Z 31003KT 280V350 9999 -RA FEW018 SCT150 BKN300 25/23 Q1008 NOSIG
2025-12-15 23:35 UTC,METAR WSSS 152330Z 31003KT 9999 -RA FEW018 SCT150 BKN170 25/23 Q1008 NOSIG
2025-12-16 03:50 UTC,METAR WSSS 160330Z 32005KT 270V010 9999 FEW012 FEW018TCU SCT140 27/24 Q1010 NOSIG
2025-12-16 04:58 UTC,METAR WSSS 160430Z 30005KT 210V350 9999 VCSH FEW012 SCT015 FEW018TCU 28/24 Q1009 NOSIG
2025-12-16 05:48 UTC,METAR WSSS 160530Z 35007KT 7000 -SHRA SCT012 FEW017TCU FEW020CB SCT140 27/24 Q1009 NOSIG
2025-12-16 07:00 UTC,METAR WSSS 160630Z 01011KT 4500 -SHRA FEW012 FEW016TCU FEW018CB BKN160 26/24 Q1008 NOSIG
2025-12-16 07:41 UTC,METAR WSSS 160730Z 06010KT 4000 RA SCT010 FEW016TCU FEW018CB BKN150 25/23 Q1008 NOSIG
2025-12-16 08:58 UTC,METAR WSSS 160830Z 04007KT 4500 RA FEW010 FEW016TCU OVC150 24/23 Q1008 NOSIG
2025-12-16 09:50 UTC,METAR WSSS 160930Z 32005KT 4500 RA FEW010 FEW016TCU OVC150 24/23 Q1008 NOSIG
2025-12-16 10:52 UTC,METAR WSSS 161030Z 34004KT 8000 -RA FEW012 FEW018TCU OVC160 25/24 Q1008 RERA NOSIG
2025-12-16 11:35 UTC,METAR WSSS 161130Z 35006KT 7000 -RA FEW012 FEW018TCU BKN160 24/23 Q1008 NOSIG
2025-12-16 13:52 UTC,METAR WSSS 161330Z 35006KT 320V030 8000 -RA FEW014 SCT018 BKN160 25/24 Q1010 NOSIG
2025-12-16 14:54 UTC,METAR WSSS 161430Z 32003KT 290V360 8000 -RA FEW014 SCT018 BKN160 25/24 Q1010 NOSIG
2025-12-16 15:44 UTC,METAR WSSS 161530Z 32003KT 290V350 9000 SCT016 SCT170 BKN270 25/24 Q1010 NOSIG
2025-12-16 16:59 UTC,METAR WSSS 161630Z 34003KT 9000 SCT016 SCT270 25/24 Q1010 NOSIG
2025-12-16 17:49 UTC,METAR WSSS 161730Z 00000KT 9999 FEW016 SCT270 25/24 Q1010 NOSIG
2025-12-16 18:58 UTC,METAR WSSS 161830Z 31003KT 290V360 8000 FEW012 FEW016TCU BKN300 25/24 Q1009 NOSIG
2025-12-16 19:33 UTC,METAR WSSS 161930Z VRB02KT 5000 -SHRA FEW012 FEW016TCU SCT030 BKN300 25/24 Q1008 NOSIG
2025-12-16 20:44 UTC,METAR WSSS 162030Z 28004KT 250V320 5000 -SHRA FEW012 FEW016TCU SCT030 25/24 Q1008 NOSIG
2025-12-16 21:38 UTC,METAR WSSS 162130Z 25004KT 200V310 2000 +SHRA FEW010 SCT015TCU BKN150 24/24 Q1008 BECMG TL2200 4000 SHRA BECMG FM2230 TL2300 6000 NSW
2025-12-16 22:40 UTC,METAR WSSS 162230Z 31004KT 270V360 5000 -SHRA FEW012 FEW016TCU BKN150 24/24 Q1008 RESHRA TEMPO FM2245 TL2330 SHRA
2025-12-16 23:34 UTC,METAR WSSS 162330Z 34004KT 300V360 3000 RA SCT015 FEW018TCU BKN150 24/23 Q1009 BECMG FM2345 TL0015 6000 NSW
2025-12-17 03:46 UTC,METAR WSSS 170330Z 32005KT 280V360 5000 -RA FEW014 SCT050 BKN160 26/24 Q1011 NOSIG
2025-12-17 04:56 UTC,METAR WSSS 170430Z 33005KT 270V010 9999 FEW014 SCT070 BKN150 26/24 Q1010 NOSIG
2025-12-17 05:45 UTC,METAR WSSS 170530Z 33007KT 300V360 9999 SCT014 BKN150 27/24 Q1009 NOSIG
2025-12-17 06:58 UTC,METAR WSSS 170630Z 32006KT 260V010 9999 SCT014 BKN160 27/23 Q1008 NOSIG
2025-12-17 07:40 UTC,METAR WSSS 170730Z 32005KT 280V360 9999 SCT015 BKN160 27/24 Q1008 NOSIG
2025-12-17 08:58 UTC,METAR WSSS 170830Z 35003KT 290V030 9999 -SHRA SCT014 FEW017TCU SCT160 27/24 Q1008 NOSIG
2025-12-17 09:50 UTC,METAR WSSS 170930Z 34008KT 9999 -SHRA FEW012 SCT015 FEW017TCU 26/24 Q1008 NOSIG
2025-12-17 10:51 UTC,METAR WSSS 171030Z 34007KT 300V010 9999 FEW016 SCT150 26/24 Q1008 NOSIG
2025-12-17 11:34 UTC,METAR WSSS 171130Z 32004KT 250V360 9999 FEW016 BKN280 26/24 Q1009 NOSIG
2025-12-17 13:46 UTC,METAR WSSS 171330Z 32006KT 280V350 9999 FEW015 SCT040 BKN280 26/23 Q1010 NOSIG
2025-12-17 14:53 UTC,METAR WSSS 171430Z 33006KT 290V350 9999 FEW015 SCT040 26/23 Q1011 NOSIG
2025-12-17 15:48 UTC,METAR WSSS 171530Z 30005KT 260V360 9999 FEW015 SCT050 26/23 Q1011 NOSIG
2025-12-17 16:59 UTC,METAR WSSS 171630Z 28004KT 210V350 9999 FEW015 BKN070 26/23 Q1010 NOSIG
2025-12-17 17:48 UTC,METAR WSSS 171730Z 30003KT 220V030 9999 FEW016 BKN070 26/23 Q1010 NOSIG
2025-12-17 18:59 UTC,METAR WSSS 171830Z 29003KT 220V340 9999 FEW016 BKN070 26/23 Q1010 NOSIG
2025-12-17 19:32 UTC,METAR WSSS 171930Z 29004KT 210V010 9999 FEW016 SCT025 BKN140 26/23 Q1009 NOSIG
2025-12-17 20:44 UTC,METAR WSSS 172030Z 25003KT 200V320 9999 FEW016 BKN140 25/23 Q1008 NOSIG
2025-12-17 21:38 UTC,METAR WSSS 172130Z 30004KT 240V360 9999 FEW016 BKN140 25/23 Q1008 NOSIG
2025-12-17 22:42 UTC,METAR WSSS 172230Z 31005KT 240V030 9999 FEW016 BKN140 25/22 Q1009 NOSIG
2025-12-17 23:35 UTC,METAR WSSS 172330Z 33007KT 290V360 9999 FEW016 BKN140 25/23 Q1009 NOSIG
2025-12-18 03:46 UTC,METAR WSSS 180330Z 34015G29KT 290V360 9999 SCT018 BKN300 28/24 Q1010 NOSIG
2025-12-18 04:57 UTC,METAR WSSS 180430Z 35011KT 320V030 9999 SCT018 BKN300 28/24 Q1010 NOSIG
2025-12-18 05:47 UTC,METAR WSSS 180530Z 35013KT 310V020 9999 SCT018 BKN300 30/25 Q1009 NOSIG
2025-12-18 07:00 UTC,METAR WSSS 180630Z 36014KT 9999 SCT018 BKN130 29/23 Q1008 NOSIG
2025-12-18 07:40 UTC,METAR WSSS 180730Z 35011KT 320V020 9999 SCT018 SCT130 BKN300 29/24 Q1007 NOSIG
2025-12-18 08:57 UTC,METAR WSSS 180830Z 01015KT 9999 FEW018 BKN130 28/24 Q1007 NOSIG
2025-12-18 09:51 UTC,METAR WSSS 180930Z 34009KT 300V010 9999 FEW018 SCT150 BKN300 29/24 Q1006 NOSIG
2025-12-18 10:49 UTC,METAR WSSS 181030Z 36009KT 9999 FEW018 BKN150 27/23 Q1007 NOSIG
2025-12-18 11:32 UTC,METAR WSSS 181130Z 34007KT 9999 FEW018 SCT050 BKN300 27/24 Q1008 NOSIG
2025-12-18 13:50 UTC,METAR WSSS 181330Z 33006KT 300V360 9999 FEW016 SCT160 BKN300 26/24 Q1009 NOSIG
2025-12-18 14:50 UTC,METAR WSSS 181430Z 33003KT 290V010 9999 FEW018 SCT160 BKN300 26/24 Q1009 NOSIG
2025-12-18 15:44 UTC,METAR WSSS 181530Z 34005KT 9999 FEW018 BKN300 26/24 Q1009 NOSIG
2025-12-18 16:58 UTC,METAR WSSS 181630Z 33004KT 280V350 9999 FEW015 BKN300 26/23 Q1009 NOSIG
2025-12-18 17:48 UTC,METAR WSSS 181730Z 33005KT 300V010 9999 FEW017 SCT030 BKN300 26/23 Q1009 NOSIG
2025-12-18 18:58 UTC,METAR WSSS 181830Z 32004KT 270V360 9999 FEW017 SCT030 26/23 Q1008 NOSIG
2025-12-18 19:28 UTC,METAR WSSS 181900Z 32004KT 250V350 9999 FEW016 SCT030 26/23 Q1008 NOSIG
2025-12-18 19:42 UTC,METAR WSSS 181930Z 33005KT 290V360 9999 FEW016 SCT030 26/23 Q1007 NOSIG
2025-12-18 20:38 UTC,METAR WSSS 182030Z 32005KT 9999 FEW016 BKN300 26/24 Q1007 NOSIG
2025-12-18 21:30 UTC,METAR WSSS 182100Z 32003KT 240V360 9999 FEW016 SCT030 BKN300 26/24 Q1007 NOSIG
2025-12-18 22:41 UTC,METAR WSSS 182230Z 29004KT 240V340 9999 FEW016 BKN140 26/24 Q1008 NOSIG
2025-12-18 23:34 UTC,METAR WSSS 182330Z 25004KT 180V350 9999 FEW015 FEW020TCU SCT030 26/24 Q1009 NOSIG
2025-12-19 03:50 UTC,METAR WSSS 190330Z 33006KT 290V350 9999 SCT015 SCT060 BKN180 27/23 Q1010 NOSIG
2025-12-19 04:58 UTC,METAR WSSS 190430Z 33007KT 290V360 9999 FEW015 SCT060 BKN170 27/23 Q1010 NOSIG
2025-12-19 05:44 UTC,METAR WSSS 190530Z 34008KT 310V010 9999 FEW018 SCT070 BKN270 28/23 Q1009 NOSIG
2025-12-19 06:58 UTC,METAR WSSS 190630Z 32008KT 290V350 9999 FEW016 SCT070 BKN270 28/23 Q1008 NOSIG
2025-12-19 07:38 UTC,METAR WSSS 190730Z 34008KT 290V010 9999 FEW016 BKN280 28/23 Q1007 NOSIG
2025-12-19 08:57 UTC,METAR WSSS 190830Z 34007KT 300V010 9999 FEW016 BKN280 29/24 Q1006 NOSIG
2025-12-19 09:46 UTC,METAR WSSS 190930Z 34008KT 9999 VCSH FEW018 FEW020TCU BKN280 28/23 Q1006 NOSIG
2025-12-19 10:48 UTC,METAR WSSS 191030Z 33005KT 9999 FEW016 FEW018TCU SCT070 28/24 Q1007 NOSIG
2025-12-19 11:32 UTC,METAR WSSS 191130Z 35006KT 9999 FEW016 FEW018TCU SCT040 27/23 Q1007 NOSIG
2025-12-19 13:45 UTC,METAR WSSS 191330Z 34005KT 290V360 9999 FEW018 SCT150 BKN300 26/24 Q1008 NOSIG
2025-12-19 14:45 UTC,METAR WSSS 191430Z 34007KT 310V010 9999 FEW018 BKN300 26/24 Q1009 NOSIG
2025-12-19 15:42 UTC,METAR WSSS 191530Z 33005KT 9999 FEW018 BKN300 26/24 Q1009 NOSIG
2025-12-19 16:53 UTC,METAR WSSS 191630Z 33006KT 300V360 9999 FEW018 BKN300 26/24 Q1009 NOSIG
2025-12-19 17:32 UTC,METAR WSSS 191730Z 33005KT 300V360 9999 FEW018 BKN300 26/23 Q1009 NOSIG
2025-12-19 18:56 UTC,METAR WSSS 191830Z 34005KT 9999 FEW018 BKN300 25/24 Q1008 NOSIG
2025-12-19 19:29 UTC,METAR WSSS 191900Z 34005KT 300V360 9999 FEW018 BKN300 26/24 Q1007 NOSIG
2025-12-19 19:42 UTC,METAR WSSS 191930Z 34006KT 310V010 9999 FEW018 BKN300 26/24 Q1007 NOSIG
2025-12-19 20:40 UTC,METAR WSSS 192030Z 34005KT 9999 FEW018 BKN300 25/24 Q1007 NOSIG
2025-12-19 21:32 UTC,METAR WSSS 192130Z 34005KT 9999 FEW018 BKN300 25/24 Q1007 NOSIG
2025-12-19 22:40 UTC,METAR WSSS 192230Z 34003KT 310V010 9999 FEW018 BKN300 25/23 Q1007 NOSIG
2025-12-19 23:32 UTC,METAR WSSS 192330Z 33003KT 290V350 9999 FEW018 BKN300 25/24 Q1008 NOSIG
2025-12-20 03:40 UTC,METAR WSSS 200330Z 35010KT 310V020 9999 SCT016 FEW020TCU BKN300 30/24 Q1009 NOSIG
2025-12-20 04:47 UTC,METAR WSSS 200430Z 34009KT 310V020 9999 SCT018 BKN300 31/25 Q1008 NOSIG
2025-12-20 05:39 UTC,METAR WSSS 200530Z 35008KT 320V020 9999 SCT018 FEW020TCU BKN300 30/24 Q1007 NOSIG
2025-12-20 06:53 UTC,METAR WSSS 200630Z 34008KT 300V030 8000 -SHRA FEW017TCU FEW020CB SCT025 30/25 Q1006 NOSIG
2025-12-20 07:30 UTC,METAR WSSS 200700Z 01013KT 9999 FEW018 FEW020TCU SCT070 30/24 Q1005 NOSIG
2025-12-20 08:48 UTC,METAR WSSS 200830Z 35008KT 9000 VCSH FEW018TCU FEW020CB SCT040 30/24 Q1005 NOSIG
2025-12-20 09:34 UTC,METAR WSSS 200930Z 36010KT 9999 FEW016 FEW018TCU FEW020CB SCT150 29/24 Q1005 NOSIG
2025-12-20 10:39 UTC,METAR WSSS 201030Z 36011KT 9999 FEW016 FEW020TCU SCT150 28/23 Q1006 NOSIG
2025-12-20 11:28 UTC,METAR WSSS 201100Z 35009KT 9999 FEW016 FEW018TCU SCT150 28/24 Q1006 NOSIG
2025-12-20 11:41 UTC,METAR WSSS 201130Z 35006KT 9999 FEW018TCU SCT150 28/23 Q1006 NOSIG
2025-12-20 13:19 UTC,METAR WSSS 201300Z 35005KT 310V020 9999 FEW018 FEW020CB BKN150 27/24 Q1008 NOSIG
2025-12-20 13:46 UTC,METAR WSSS 201330Z 34006KT 9999 FEW018 BKN150 27/24 Q1008 NOSIG
2025-12-20 14:36 UTC,METAR WSSS 201430Z 34006KT 9999 FEW016 SCT160 BKN300 27/24 Q1009 NOSIG
2025-12-20 15:34 UTC,METAR WSSS 201530Z 35006KT 9999 FEW016 SCT160 BKN300 26/24 Q1009 NOSIG
2025-12-20 16:43 UTC,METAR WSSS 201630Z 34005KT 8000 FEW016 BKN300 26/24 Q1009 NOSIG
2025-12-20 17:32 UTC,METAR WSSS 201730Z 34007KT 8000 FEW018 BKN300 26/24 Q1008 NOSIG
2025-12-20 18:48 UTC,METAR WSSS 201830Z 34007KT 9999 FEW016 BKN300 26/24 Q1008 NOSIG
2025-12-20 19:26 UTC,METAR WSSS 201900Z 34007KT 9999 FEW016 BKN300 26/24 Q1008 NOSIG
2025-12-20 19:39 UTC,METAR WSSS 201930Z 34006KT 9999 FEW014 BKN300 26/24 Q1008 NOSIG
2025-12-20 20:36 UTC,METAR WSSS 202030Z 34007KT 310V010 9999 FEW016 BKN070 26/24 Q1007 NOSIG
2025-12-20 21:30 UTC,METAR WSSS 202100Z 34007KT 9999 FEW016 SCT070 BKN300 26/24 Q1007 NOSIG
2025-12-20 21:42 UTC,METAR WSSS 202130Z 34008KT 9999 FEW016 BKN300 26/24 Q1007 NOSIG
2025-12-20 22:37 UTC,METAR WSSS 202230Z 34008KT 9999 FEW016 BKN160 26/24 Q1007 NOSIG
2025-12-20 23:31 UTC,METAR WSSS 202330Z 34006KT 300V360 9000 FEW018 BKN160 26/24 Q1008 NOSIG
2025-12-21 03:55 UTC,METAR WSSS 210330Z 34010KT 290V010 9999 SCT018 BKN300 30/24 Q1010 NOSIG
2025-12-21 04:57 UTC,METAR WSSS 210430Z 36012KT 320V020 9999 SCT020 BKN300 31/24 Q1009 NOSIG
2025-12-21 05:42 UTC,METAR WSSS 210530Z 36012KT 310V030 9999 SCT020 BKN300 31/24 Q1008 NOSIG
2025-12-21 06:55 UTC,METAR WSSS 210630Z 36014KT 9999 FEW020 BKN300 30/23 Q1007 NOSIG
2025-12-21 07:33 UTC,METAR WSSS 210730Z 36010KT 9999 FEW020 BKN300 32/24 Q1006 NOSIG
2025-12-21 08:49 UTC,METAR WSSS 210830Z 35012KT 9999 FEW020 BKN300 32/23 Q1006 NOSIG
2025-12-21 09:35 UTC,METAR WSSS 210930Z 36012KT 320V020 9999 FEW020 BKN300 31/23 Q1006 NOSIG
2025-12-21 10:41 UTC,METAR WSSS 211030Z 35011KT 9999 FEW020 BKN300 30/23 Q1006 NOSIG
2025-12-21 11:29 UTC,METAR WSSS 211100Z 36007KT 9999 FEW018 FEW020TCU BKN300 28/23 Q1007 NOSIG
2025-12-21 11:42 UTC,METAR WSSS 211130Z 35007KT 9999 FEW018 FEW020TCU BKN300 28/23 Q1007 NOSIG
2025-12-21 13:34 UTC,METAR WSSS 211330Z 35006KT 9999 FEW018 BKN300 27/23 Q1009 NOSIG
2025-12-21 14:38 UTC,METAR WSSS 211430Z 34006KT 9999 FEW020 BKN300 27/23 Q1010 NOSIG
2025-12-21 15:33 UTC,METAR WSSS 211530Z 34006KT 310V010 9999 FEW020 BKN300 27/23 Q1010 NOSIG
2025-12-21 16:45 UTC,METAR WSSS 211630Z 34007KT 9999 FEW018 BKN300 27/23 Q1010 NOSIG
2025-12-21 17:34 UTC,METAR WSSS 211730Z 33005KT 300V360 9999 FEW018 BKN300 26/23 Q1009 NOSIG
2025-12-21 18:52 UTC,METAR WSSS 211830Z 34007KT 9999 FEW018 BKN300 26/23 Q1009 NOSIG
2025-12-21 19:27 UTC,METAR WSSS 211900Z 34007KT 310V010 9999 FEW018 BKN300 26/23 Q1008 NOSIG
2025-12-21 19:41 UTC,METAR WSSS 211930Z 34009KT 9999 FEW018 BKN300 26/23 Q1008 NOSIG
2025-12-21 20:38 UTC,METAR WSSS 212030Z 35009KT 9999 FEW018 BKN300 26/23 Q1008 NOSIG
2025-12-21 21:31 UTC,METAR WSSS 212130Z 34007KT 9999 FEW018 BKN300 26/23 Q1008 NOSIG
2025-12-21 22:39 UTC,METAR WSSS 212230Z 34007KT 9000 FEW018 BKN300 25/23 Q1008 NOSIG
2025-12-21 23:33 UTC,METAR WSSS 212330Z 33006KT 9000 FEW018 BKN300 26/23 Q1009 NOSIG
2025-12-22 03:58 UTC,SPECI WSSS 220341Z 35010KT 320V020 9999 FEW020 BKN300 31/25 Q1009 NOSIG
2025-12-22 05:01 UTC,METAR WSSS 220500Z 36014KT 330V030 9999 FEW020 BKN300 30/24 Q1009 NOSIG
2025-12-22 05:51 UTC,METAR WSSS 220530Z 36014KT 9999 FEW022 BKN300 32/23 Q1008 NOSIG
2025-12-22 07:00 UTC,METAR WSSS 220630Z 36014KT 9999 FEW022 BKN300 31/23 Q1007 NOSIG
2025-12-22 07:43 UTC,METAR WSSS 220730Z 36014KT 9999 FEW022 BKN300 31/24 Q1006 NOSIG
2025-12-22 08:57 UTC,METAR WSSS 220830Z 01015KT 9999 FEW022 BKN300 31/23 Q1006 NOSIG
2025-12-22 09:53 UTC,METAR WSSS 220930Z 36015KT 9999 FEW022 BKN300 30/22 Q1006 NOSIG
2025-12-22 10:47 UTC,METAR WSSS 221030Z 35011KT 9999 FEW020 BKN300 29/23 Q1006 NOSIG
2025-12-22 11:31 UTC,METAR WSSS 221130Z 35009KT 9999 FEW020 BKN300 28/23 Q1007 NOSIG
2025-12-22 13:47 UTC,METAR WSSS 221330Z 34005KT 9999 FEW018 BKN300 27/23 Q1009 NOSIG
2025-12-22 14:43 UTC,METAR WSSS 221430Z 35006KT 9999 FEW018 BKN300 26/24 Q1009 NOSIG
2025-12-22 15:41 UTC,METAR WSSS 221530Z 34005KT 9999 FEW018 BKN300 26/24 Q1009 NOSIG
2025-12-22 16:53 UTC,METAR WSSS 221630Z 33004KT 300V010 9999 FEW018 BKN300 26/24 Q1009 NOSIG
2025-12-22 17:39 UTC,METAR WSSS 221730Z 33006KT 9999 FEW018 BKN300 26/24 Q1009 NOSIG
2025-12-22 18:55 UTC,METAR WSSS 221830Z 34006KT 9000 FEW015 BKN300 26/24 Q1008 NOSIG
2025-12-22 19:30 UTC,METAR WSSS 221900Z 33006KT 9000 FEW015 SCT150 BKN300 26/24 Q1008 NOSIG
2025-12-22 19:43 UTC,METAR WSSS 221930Z 33006KT 9000 FEW015 SCT150 BKN300 26/24 Q1008 NOSIG
2025-12-22 20:41 UTC,METAR WSSS 222030Z 33006KT 9000 FEW017 SCT160 BKN300 26/24 Q1007 NOSIG
2025-12-22 21:32 UTC,METAR WSSS 222130Z 34006KT 9000 FEW017 BKN300 26/23 Q1007 NOSIG
2025-12-22 22:42 UTC,METAR WSSS 222230Z 34005KT 9000 FEW018 BKN300 25/23 Q1008 NOSIG
2025-12-22 23:33 UTC,METAR WSSS 222330Z 33004KT 270V360 9999 FEW018 SCT170 BKN300 26/23 Q1008 NOSIG
2025-12-23 03:52 UTC,METAR WSSS 230330Z 36011KT 320V040 9999 FEW020 BKN300 31/24 Q1009 NOSIG
2025-12-23 05:00 UTC,METAR WSSS 230430Z 35011KT 320V020 9999 FEW020 BKN300 32/24 Q1009 NOSIG
2025-12-23 05:50 UTC,METAR WSSS 230530Z 01015KT 9999 FEW020 BKN300 31/24 Q1008 NOSIG
2025-12-23 07:00 UTC,METAR WSSS 230630Z 36011KT 330V030 9999 SCT020 BKN300 32/24 Q1006 NOSIG
2025-12-23 07:43 UTC,METAR WSSS 230730Z 33010KT 290V010 9999 FEW020TCU SCT022 BKN300 31/23 Q1006 NOSIG
2025-12-23 08:57 UTC,METAR WSSS 230830Z 35012KT 320V020 9999 FEW022 BKN300 32/24 Q1006 NOSIG
2025-12-23 09:47 UTC,METAR WSSS 230930Z 35013KT 9999 FEW020 BKN300 31/23 Q1006 NOSIG
2025-12-23 10:49 UTC,METAR WSSS 231030Z 34010KT 9999 FEW020 BKN300 30/23 Q1006 NOSIG
2025-12-23 11:33 UTC,METAR WSSS 231130Z 34008KT 9999 FEW018 BKN300 28/23 Q1006 NOSIG
2025-12-23 13:48 UTC,METAR WSSS 231330Z 34005KT 290V010 9999 FEW018 BKN300 27/23 Q1008 NOSIG
2025-12-23 14:45 UTC,METAR WSSS 231430Z 33007KT 310V010 9999 FEW018 BKN300 27/23 Q1008 NOSIG
2025-12-23 15:41 UTC,METAR WSSS 231530Z 34008KT 310V010 9999 FEW018 BKN300 27/24 Q1008 NOSIG
2025-12-23 16:55 UTC,METAR WSSS 231630Z 34006KT 9999 FEW018 BKN300 26/24 Q1008 NOSIG
2025-12-23 17:41 UTC,METAR WSSS 231730Z 34007KT 9999 FEW018 BKN300 26/23 Q1008 NOSIG
2025-12-23 18:57 UTC,METAR WSSS 231830Z 34007KT 9999 FEW018 BKN300 26/23 Q1008 NOSIG
2025-12-23 19:30 UTC,METAR WSSS 231900Z 34006KT 9999 FEW018 BKN300 26/23 Q1007 NOSIG
2025-12-23 19:43 UTC,METAR WSSS 231930Z 33005KT 300V360 9999 FEW018 BKN300 26/23 Q1007 NOSIG
2025-12-23 20:40 UTC,METAR WSSS 232030Z 35003KT 9999 FEW018 BKN300 25/23 Q1007 NOSIG
2025-12-23 21:33 UTC,METAR WSSS 232130Z 34004KT 310V020 9999 FEW018 BKN300 26/23 Q1007 NOSIG
2025-12-23 22:40 UTC,METAR WSSS 232230Z 33005KT 280V350 9999 FEW018 BKN300 26/23 Q1007 NOSIG
2025-12-23 23:33 UTC,METAR WSSS 232330Z 32005KT 290V360 9999 FEW018 BKN300 26/23 Q1008 NOSIG
2025-12-24 03:49 UTC,METAR WSSS 240330Z 34011KT 9999 SCT018 BKN300 31/24 Q1008 NOSIG
2025-12-24 05:00 UTC,METAR WSSS 240430Z 36012KT 9999 FEW018 FEW020TCU BKN300 31/25 Q1008 NOSIG
2025-12-24 05:49 UTC,METAR WSSS 240530Z 36013KT 9999 FEW018 FEW020TCU BKN300 32/25 Q1007 NOSIG
2025-12-24 07:00 UTC,METAR WSSS 240630Z 36013KT 9999 FEW020TCU BKN300 31/25 Q1006 NOSIG
2025-12-24 07:42 UTC,METAR WSSS 240730Z 36014KT 9999 FEW018TCU SCT020 32/25 Q1005 NOSIG
2025-12-24 08:57 UTC,METAR WSSS 240830Z 35012KT 310V010 9999 VCSH FEW018TCU SCT300 32/24 Q1005 NOSIG
2025-12-24 09:44 UTC,METAR WSSS 240930Z 35014KT 9999 FEW018TCU FEW020CB SCT300 30/23 Q1005 NOSIG
2025-12-24 10:45 UTC,METAR WSSS 241030Z 35009KT 310V010 9999 FEW018TCU FEW020CB SCT300 29/24 Q1006 NOSIG
2025-12-24 11:32 UTC,METAR WSSS 241130Z 34007KT 9999 FEW018TCU SCT300 28/23 Q1007 NOSIG
2025-12-24 13:42 UTC,METAR WSSS 241330Z 35006KT 9999 FEW018 BKN300 27/24 Q1008 NOSIG
2025-12-24 14:41 UTC,METAR WSSS 241430Z 35006KT 9999 FEW018 BKN300 27/24 Q1008 NOSIG
2025-12-24 15:39 UTC,METAR WSSS 241530Z 34007KT 310V010 9999 FEW016 BKN300 27/24 Q1008 NOSIG
2025-12-24 16:50 UTC,METAR WSSS 241630Z 34007KT 9999 FEW016 BKN300 26/24 Q1008 NOSIG
2025-12-24 17:36 UTC,METAR WSSS 241730Z 35005KT 310V010 9999 FEW016 BKN300 26/24 Q1008 NOSIG
2025-12-24 18:55 UTC,METAR WSSS 241830Z 34006KT 8000 FEW016 BKN300 26/24 Q1007 NOSIG
2025-12-24 19:27 UTC,METAR WSSS 241900Z 35006KT 8000 FEW016 BKN300 26/24 Q1007 NOSIG
2025-12-24 19:43 UTC,METAR WSSS 241930Z 33006KT 300V360 8000 FEW016 BKN300 26/24 Q1007 NOSIG
2025-12-24 20:40 UTC,METAR WSSS 242030Z 34007KT 8000 FEW016 BKN300 26/24 Q1006 NOSIG
2025-12-24 21:32 UTC,METAR WSSS 242130Z 33006KT 8000 FEW016 BKN300 26/24 Q1006 NOSIG
2025-12-24 22:41 UTC,METAR WSSS 242230Z 34007KT 8000 FEW016 BKN300 26/24 Q1007 NOSIG
2025-12-24 23:33 UTC,METAR WSSS 242330Z 33004KT 300V010 8000 FEW018 BKN300 26/24 Q1008 NOSIG
2025-12-25 03:52 UTC,METAR WSSS 250330Z 35010KT 9999 FEW018 FEW020TCU BKN300 31/25 Q1009 NOSIG
2025-12-25 04:59 UTC,METAR WSSS 250430Z 34009KT 310V030 9999 FEW018 FEW020TCU BKN300 31/25 Q1008 NOSIG
2025-12-25 05:49 UTC,METAR WSSS 250530Z 35008KT 9999 SCT018 FEW020TCU BKN300 31/24 Q1008 NOSIG
2025-12-25 06:58 UTC,METAR WSSS 250630Z 01013KT 9999 VCSH SCT018 FEW020TCU BKN300 30/25 Q1007 NOSIG
2025-12-25 07:39 UTC,METAR WSSS 250730Z 36009KT 9999 FEW017TCU SCT018 BKN300 31/25 Q1006 NOSIG
2025-12-25 08:55 UTC,METAR WSSS 250830Z 36014KT 9999 FEW017 FEW018TCU BKN300 29/25 Q1005 NOSIG
2025-12-25 09:46 UTC,METAR WSSS 250930Z 36012KT 9999 FEW018TCU BKN300 30/24 Q1005 NOSIG
2025-12-25 10:50 UTC,METAR WSSS 251030Z 36009KT 9999 FEW018TCU SCT050 BKN300 29/24 Q1006 NOSIG
2025-12-25 11:36 UTC,METAR WSSS 251130Z 34006KT 320V030 9999 FEW016 FEW018TCU BKN300 28/24 Q1007 NOSIG
2025-12-25 13:50 UTC,METAR WSSS 251330Z 34006KT 300V020 9999 FEW018 SCT050 BKN300 27/24 Q1009 NOSIG
2025-12-25 14:46 UTC,METAR WSSS 251430Z 34007KT 9999 FEW016 SCT050 BKN300 27/24 Q1009 NOSIG
2025-12-25 15:43 UTC,METAR WSSS 251530Z 34006KT 310V010 9999 FEW016 FEW020CB BKN300 27/24 Q1009 NOSIG
2025-12-25 16:50 UTC,METAR WSSS 251630Z 33005KT 300V360 9000 FEW016 FEW020CB BKN300 27/24 Q1009 NOSIG
2025-12-25 17:38 UTC,METAR WSSS 251730Z 33004KT 300V010 9999 FEW018 FEW020CB BKN300 26/24 Q1009 NOSIG
2025-12-25 18:59 UTC,METAR WSSS 251830Z 32004KT 270V010 9999 FEW018 FEW020CB BKN300 27/24 Q1009 NOSIG
2025-12-25 19:27 UTC,METAR WSSS 251900Z 32005KT 290V350 9999 FEW018 FEW020CB BKN300 27/24 Q1008 NOSIG
2025-12-25 19:42 UTC,METAR WSSS 251930Z 33004KT 300V060 9999 FEW018 FEW020CB BKN300 27/24 Q1008 NOSIG
2025-12-25 20:40 UTC,METAR WSSS 252030Z 32004KT 280V010 9999 FEW018 FEW020CB SCT040 27/24 Q1008 NOSIG
2025-12-25 21:32 UTC,METAR WSSS 252130Z 32005KT 250V060 9999 FEW016 SCT040 27/24 Q1008 NOSIG
2025-12-25 22:40 UTC,METAR WSSS 252230Z 31005KT 250V360 4500 -SHRA FEW014 FEW017TCU SCT025 26/24 Q1008 BECMG TL2300 6000
2025-12-25 23:33 UTC,METAR WSSS 252330Z 34005KT 9999 FEW016 FEW018TCU BKN300 26/24 Q1008 NOSIG
2025-12-26 03:49 UTC,METAR WSSS 260330Z 34006KT 300V010 9999 SCT018 BKN300 30/24 Q1010 NOSIG
2025-12-26 04:58 UTC,METAR WSSS 260430Z 35006KT 300V020 9999 SCT018 BKN300 30/25 Q1009 NOSIG
2025-12-26 05:45 UTC,METAR WSSS 260530Z 01008KT 300V040 9999 SCT018 FEW020TCU BKN300 31/25 Q1008 NOSIG
2025-12-26 06:57 UTC,METAR WSSS 260630Z 35011KT 9999 SCT018 FEW020TCU BKN300 30/24 Q1007 TEMPO FM0645 TL0745 4500 SHRA
2025-12-26 07:38 UTC,METAR WSSS 260730Z 36010KT 9999 FEW017 FEW018CB FEW020TCU BKN300 30/24 Q1006 TEMPO FM0830 4500 SHRA
2025-12-26 08:53 UTC,METAR WSSS 260830Z 36009KT 9999 FEW017 FEW018CB FEW020TCU BKN300 30/24 Q1006 TEMPO TL0930 4500 SHRA
2025-12-26 09:41 UTC,METAR WSSS 260930Z 35010KT 9999 FEW018TCU FEW020CB BKN300 29/23 Q1006 NOSIG
2025-12-26 10:50 UTC,METAR WSSS 261030Z 35008KT 9999 FEW018 FEW020CB BKN300 28/24 Q1007 NOSIG
2025-12-26 11:37 UTC,METAR WSSS 261130Z 36007KT 9999 FEW018 SCT040 BKN300 28/24 Q1008 NOSIG
2025-12-26 13:50 UTC,METAR WSSS 261330Z 34005KT 9999 FEW016 BKN280 27/24 Q1009 NOSIG
2025-12-26 14:47 UTC,METAR WSSS 261430Z 34004KT 310V020 9999 FEW014 BKN280 27/24 Q1010 NOSIG
2025-12-26 15:39 UTC,METAR WSSS 261530Z 33004KT 300V360 9999 FEW014 BKN280 27/24 Q1010 NOSIG
2025-12-26 16:47 UTC,METAR WSSS 261630Z 33003KT 300V010 9999 FEW016 BKN300 26/24 Q1010 NOSIG
2025-12-26 17:35 UTC,METAR WSSS 261730Z 36004KT 9999 FEW018 BKN300 26/24 Q1009 NOSIG
2025-12-26 18:54 UTC,METAR WSSS 261830Z 35005KT 9999 FEW016 BKN300 26/24 Q1008 NOSIG
2025-12-26 19:28 UTC,METAR WSSS 261900Z 35005KT 9999 FEW016 BKN300 26/24 Q1008 NOSIG
2025-12-26 19:43 UTC,METAR WSSS 261930Z 33003KT 290V360 9999 FEW016 BKN300 26/24 Q1008 NOSIG
2025-12-26 20:39 UTC,METAR WSSS 262030Z 32002KT 9999 FEW018 BKN300 26/24 Q1008 NOSIG
2025-12-26 21:32 UTC,METAR WSSS 262130Z 33003KT 9999 FEW018 BKN300 26/24 Q1008 NOSIG
2025-12-26 22:40 UTC,METAR WSSS 262230Z 32003KT 290V360 9999 FEW016 SCT050 BKN300 26/24 Q1009 NOSIG
2025-12-26 23:34 UTC,METAR WSSS 262330Z 31003KT 260V010 8000 FEW016 FEW018TCU SCT050 BKN300 26/25 Q1010 NOSIG
2025-12-27 03:46 UTC,METAR WSSS 270330Z 36007KT 9999 FEW015 FEW018TCU FEW020CB SCT030 29/25 Q1011 NOSIG
2025-12-27 04:56 UTC,METAR WSSS 270430Z 36010KT 9999 FEW018TCU SCT270 29/25 Q1011 NOSIG
2025-12-27 05:43 UTC,METAR WSSS 270530Z 36012KT 9999 FEW018TCU FEW020CB SCT180 29/25 Q1010 NOSIG
2025-12-27 06:55 UTC,METAR WSSS 270630Z 01011KT 9999 FEW016 FEW018TCU FEW020CB BKN180 28/24 Q1009 NOSIG
2025-12-27 07:32 UTC,METAR WSSS 270730Z 35009KT 310V010 9999 FEW016 FEW020TCU SCT160 29/24 Q1008 NOSIG
2025-12-27 08:50 UTC,METAR WSSS 270830Z 36012KT 330V030 9999 SCT018 FEW020TCU BKN160 29/24 Q1007 NOSIG
2025-12-27 09:36 UTC,METAR WSSS 270930Z 36009KT 9999 FEW014 SCT016 BKN160 28/24 Q1007 NOSIG
2025-12-27 10:41 UTC,METAR WSSS 271030Z 35006KT 9999 SCT016 BKN160 28/24 Q1008 NOSIG
2025-12-27 11:28 UTC,METAR WSSS 271100Z 35006KT 320V020 9999 SCT016 SCT160 27/24 Q1008 NOSIG
2025-12-27 11:43 UTC,METAR WSSS 271130Z 34007KT 9999 SCT016 FEW018TCU SCT160 27/24 Q1009 NOSIG
2025-12-27 13:40 UTC,METAR WSSS 271330Z 36005KT 9999 FEW016 SCT280 26/24 Q1010 NOSIG
2025-12-27 14:43 UTC,METAR WSSS 271430Z 01007KT 9999 SCT016 BKN280 26/24 Q1011 NOSIG
2025-12-27 15:39 UTC,METAR WSSS 271530Z 36007KT 9999 FEW016 BKN300 26/24 Q1011 NOSIG
2025-12-27 16:52 UTC,METAR WSSS 271630Z 36005KT 9999 FEW016 BKN300 26/24 Q1011 NOSIG
2025-12-27 17:39 UTC,METAR WSSS 271730Z 36007KT 9999 FEW016 BKN300 26/24 Q1010 NOSIG
2025-12-27 18:57 UTC,METAR WSSS 271830Z 34005KT 310V010 9999 FEW016 BKN300 26/24 Q1010 NOSIG
2025-12-27 19:26 UTC,METAR WSSS 271900Z 33003KT 300V010 9999 FEW018 BKN300 26/24 Q1010 NOSIG
2025-12-27 19:41 UTC,METAR WSSS 271930Z VRB02KT 9999 FEW018 BKN300 25/24 Q1009 NOSIG
2025-12-27 20:39 UTC,METAR WSSS 272030Z 35004KT 9999 FEW018 BKN300 25/24 Q1009 NOSIG
2025-12-27 21:31 UTC,METAR WSSS 272130Z 35005KT 9999 FEW018 BKN300 25/24 Q1008 NOSIG
2025-12-27 22:39 UTC,METAR WSSS 272230Z 34003KT 290V010 9999 FEW018 BKN300 25/24 Q1009 NOSIG
2025-12-27 23:32 UTC,METAR WSSS 272330Z 33003KT 9999 FEW018 BKN300 26/24 Q1010 NOSIG
2025-12-28 04:13 UTC,METAR WSSS 280400Z 01011KT 9000 -TSRA FEW015 FEW017CB SCT018TCU 29/24 Q1011 TEMPO FM0410 TL0510 3000 TSRA BECMG FM0510 TL0530 NSW
2025-12-28 05:42 UTC,METAR WSSS 280530Z 01007KT 9000 -TSRA FEW014 FEW017CB FEW018TCU SCT160 26/24 Q1010 BECMG FM0545 TL0600 NSW
2025-12-28 06:56 UTC,METAR WSSS 280630Z 36004KT 290V050 9999 -RA FEW015 FEW018TCU FEW020CB BKN170 27/23 Q1010 NOSIG
2025-12-28 07:34 UTC,METAR WSSS 280730Z 34005KT 9999 FEW016 FEW018TCU FEW020CB SCT160 27/24 Q1009 NOSIG
2025-12-28 08:50 UTC,SPECI WSSS 280844Z 33007KT 9999 TS FEW016 FEW018CB FEW020TCU SCT160 27/24 Q1009 BECMG FM0930 TL0945 NSW
2025-12-28 09:37 UTC,METAR WSSS 280930Z 34008KT 9999 FEW016 FEW018TCU SCT180 27/24 Q1009 RETS NOSIG
2025-12-28 10:42 UTC,METAR WSSS 281030Z 34007KT 300V360 9999 FEW016 FEW018TCU SCT180 BKN270 27/24 Q1009 NOSIG
2025-12-28 11:29 UTC,METAR WSSS 281100Z 34007KT 9999 FEW013 BKN270 26/24 Q1009 NOSIG
2025-12-28 11:44 UTC,METAR WSSS 281130Z 33008KT 9999 FEW013 BKN270 26/24 Q1009 NOSIG
2025-12-28 13:38 UTC,METAR WSSS 281330Z 34005KT 9999 FEW015 BKN280 26/24 Q1011 NOSIG
2025-12-28 14:39 UTC,METAR WSSS 281430Z VRB05KT 9999 FEW015 SCT280 BKN300 26/24 Q1012 NOSIG
2025-12-28 15:36 UTC,METAR WSSS 281530Z 32005KT 290V350 9999 FEW015 SCT160 BKN300 26/24 Q1012 NOSIG
2025-12-28 16:49 UTC,METAR WSSS 281630Z 35004KT 9999 FEW015 BKN160 26/24 Q1011 NOSIG
2025-12-28 17:39 UTC,METAR WSSS 281730Z 33005KT 8000 -RA FEW015 BKN160 26/24 Q1011 NOSIG
2025-12-28 18:52 UTC,METAR WSSS 281830Z 32005KT 290V350 6000 -RA FEW015 FEW018CB BKN150 25/24 Q1010 NOSIG
2025-12-28 19:28 UTC,METAR WSSS 281900Z 32005KT 8000 -RA FEW015 FEW018CB BKN150 25/24 Q1010 NOSIG
2025-12-28 19:42 UTC,METAR WSSS 281930Z 32005KT 280V360 8000 -RA FEW015 BKN150 25/23 Q1009 NOSIG
2025-12-28 20:41 UTC,METAR WSSS 282030Z 34004KT 8000 FEW015 BKN150 25/24 Q1009 NOSIG
2025-12-28 21:32 UTC,METAR WSSS 282130Z 34007KT 8000 -RA FEW012 FEW018CB BKN150 25/24 Q1009 NOSIG
2025-12-28 22:41 UTC,METAR WSSS 282230Z 34006KT 9999 FEW012 FEW018CB BKN150 25/23 Q1009 NOSIG
2025-12-28 23:34 UTC,METAR WSSS 282330Z 01008KT 8000 FEW010 FEW018TCU SCT030 BKN150 25/24 Q1010 NOSIG
2025-12-29 04:17 UTC,METAR WSSS 290400Z 34007KT 300V360 9999 -SHRA SCT014 FEW016TCU SCT270 28/24 Q1011 NOSIG
2025-12-29 05:47 UTC,METAR WSSS 290530Z 34008KT 290V020 9999 FEW016 FEW018TCU BKN300 30/24 Q1010 NOSIG
2025-12-29 07:01 UTC,METAR WSSS 290630Z 36010KT 330V030 9999 VCSH FEW014 FEW016TCU SCT050 30/25 Q1009 NOSIG
2025-12-29 07:50 UTC,METAR WSSS 290730Z 36013KT 9999 FEW016 FEW018TCU SCT070 29/24 Q1007 NOSIG
2025-12-29 08:59 UTC,METAR WSSS 290830Z 01015KT 9999 FEW017CB FEW018TCU SCT060 29/24 Q1007 NOSIG
2025-12-29 09:54 UTC,METAR WSSS 290930Z 36012KT 9999 TS FEW015 FEW017CB FEW018TCU SCT060 28/24 Q1008 BECMG FM0940 TL0950 NSW
2025-12-29 10:51 UTC,METAR WSSS 291030Z 35011KT 9999 FEW015 FEW018TCU SCT170 27/24 Q1008 NOSIG
2025-12-29 11:33 UTC,METAR WSSS 291130Z 35007KT 9999 FEW016 BKN060 27/24 Q1009 NOSIG
2025-12-29 13:50 UTC,METAR WSSS 291330Z 34007KT 9999 FEW016 SCT070 BKN160 27/24 Q1010 NOSIG
2025-12-29 14:47 UTC,METAR WSSS 291430Z 33007KT 9999 FEW015 SCT160 BKN300 27/24 Q1011 NOSIG
2025-12-29 15:41 UTC,METAR WSSS 291530Z 34007KT 310V010 9999 FEW016 BKN160 26/24 Q1011 NOSIG
2025-12-29 16:52 UTC,METAR WSSS 291630Z 34006KT 9999 FEW016 BKN160 26/24 Q1011 NOSIG
2025-12-29 17:40 UTC,METAR WSSS 291730Z 35007KT 320V020 9999 FEW016 SCT080 BKN160 26/24 Q1010 NOSIG
2025-12-29 18:54 UTC,METAR WSSS 291830Z 34006KT 9999 FEW016 SCT070 BKN150 26/24 Q1010 NOSIG
2025-12-29 19:28 UTC,METAR WSSS 291900Z 34007KT 320V020 9999 FEW014 SCT070 BKN150 26/24 Q1009 NOSIG
2025-12-29 19:43 UTC,METAR WSSS 291930Z 34007KT 300V010 9000 FEW014 BKN070 26/24 Q1009 NOSIG
2025-12-29 20:43 UTC,METAR WSSS 292030Z 34007KT 310V010 9999 FEW014 SCT060 BKN150 26/23 Q1009 NOSIG
2025-12-29 21:33 UTC,METAR WSSS 292130Z 34007KT 9999 FEW014 BKN170 25/23 Q1009 NOSIG
2025-12-29 22:40 UTC,METAR WSSS 292230Z 34007KT 9999 FEW014 SCT018 25/23 Q1009 NOSIG
2025-12-29 23:34 UTC,METAR WSSS 292330Z 34007KT 9000 FEW016 BKN280 25/23 Q1009 NOSIG
2025-12-30 03:54 UTC,METAR WSSS 300330Z 36015KT 9999 FEW018 BKN300 30/24 Q1010 NOSIG
2025-12-30 05:02 UTC,METAR WSSS 300500Z 36013KT 9999 FEW018 SCT050 BKN300 30/24 Q1010 NOSIG
2025-12-30 05:52 UTC,METAR WSSS 300530Z 36014KT 9999 FEW018 SCT280 BKN300 30/23 Q1009 NOSIG
2025-12-30 06:58 UTC,METAR WSSS 300630Z 01014KT 9999 FEW018 BKN300 30/24 Q1008 NOSIG
2025-12-30 07:45 UTC,METAR WSSS 300730Z 36011KT 9999 FEW020 BKN300 30/23 Q1007 NOSIG
2025-12-30 09:01 UTC,METAR WSSS 300830Z 01016KT 9999 FEW020 BKN300 30/22 Q1007 NOSIG
2025-12-30 09:53 UTC,METAR WSSS 300930Z 01015KT 9999 FEW020 BKN300 29/22 Q1007 NOSIG
2025-12-30 10:54 UTC,METAR WSSS 301030Z 36012KT 9999 FEW020 BKN300 28/22 Q1007 NOSIG
2025-12-30 11:39 UTC,METAR WSSS 301130Z 35008KT 9999 FEW020 BKN300 27/22 Q1008 NOSIG
2025-12-30 13:54 UTC,METAR WSSS 301330Z 34007KT 9999 FEW018 BKN300 26/23 Q1009 NOSIG
2025-12-30 14:47 UTC,METAR WSSS 301430Z 33005KT 9999 FEW018 BKN300 26/23 Q1010 NOSIG
2025-12-30 15:41 UTC,METAR WSSS 301530Z 33006KT 300V360 9999 FEW018 BKN300 26/23 Q1010 NOSIG
2025-12-30 16:55 UTC,METAR WSSS 301630Z 32005KT 9999 FEW018 SCT160 BKN300 26/23 Q1010 NOSIG
2025-12-30 17:42 UTC,METAR WSSS 301730Z 33005KT 9999 FEW018 BKN300 26/23 Q1010 NOSIG
2025-12-30 18:56 UTC,METAR WSSS 301830Z 33005KT 9999 FEW018 BKN300 25/22 Q1009 NOSIG
2025-12-30 19:29 UTC,METAR WSSS 301900Z 34006KT 9999 FEW018 BKN300 25/23 Q1008 NOSIG
2025-12-30 19:43 UTC,METAR WSSS 301930Z 34005KT 310V010 9999 FEW018 BKN300 25/23 Q1008 NOSIG
2025-12-30 20:42 UTC,METAR WSSS 302030Z 34005KT 9999 FEW018 BKN300 25/23 Q1008 NOSIG
2025-12-30 21:34 UTC,METAR WSSS 302130Z 34006KT 9999 FEW018 BKN300 25/23 Q1008 NOSIG
2025-12-30 22:41 UTC,METAR WSSS 302230Z 34006KT 9999 FEW018 BKN300 25/23 Q1008 NOSIG
2025-12-30 23:32 UTC,METAR WSSS 302330Z 33005KT 7000 FEW018 BKN270 25/23 Q1009 NOSIG
2025-12-31 03:53 UTC,METAR WSSS 310330Z 36009KT 330V030 9999 FEW018 BKN270 28/23 Q1010 NOSIG
2025-12-31 05:01 UTC,METAR WSSS 310500Z 36010KT 9999 FEW018 SCT030 BKN280 29/24 Q1009 NOSIG
2025-12-31 05:53 UTC,METAR WSSS 310530Z 01010KT 330V050 9999 FEW018 SCT030 BKN280 30/24 Q1008 NOSIG
2025-12-31 06:58 UTC,METAR WSSS 310630Z 01012KT 9999 SCT018 SCT280 30/25 Q1007 NOSIG
2025-12-31 07:42 UTC,METAR WSSS 310730Z 36012KT 9999 FEW018TCU BKN300 30/24 Q1006 NOSIG
2025-12-31 08:56 UTC,METAR WSSS 310830Z 01013KT 9999 FEW020 BKN300 30/24 Q1006 NOSIG
2025-12-31 09:46 UTC,METAR WSSS 310930Z 36012KT 9999 FEW016 FEW020TCU BKN300 29/24 Q1006 NOSIG
2025-12-31 10:45 UTC,METAR WSSS 311030Z 36013KT 9999 FEW016 FEW018TCU BKN300 27/23 Q1006 NOSIG
2025-12-31 11:31 UTC,METAR WSSS 311130Z 36012KT 9999 FEW015 FEW017TCU FEW018CB BKN300 27/23 Q1007 NOSIG
2025-12-31 13:45 UTC,METAR WSSS 311330Z 36009KT 9999 FEW018 BKN300 26/23 Q1009 NOSIG
2025-12-31 14:41 UTC,METAR WSSS 311430Z 36008KT 9999 FEW018 BKN300 26/23 Q1009 NOSIG
2025-12-31 15:39 UTC,METAR WSSS 311530Z 36007KT 9999 FEW018 BKN300 26/23 Q1009 NOSIG
2025-12-31 16:51 UTC,METAR WSSS 311630Z 36007KT 9999 FEW018 BKN300 26/23 Q1009 NOSIG
2025-12-31 17:38 UTC,METAR WSSS 311730Z 34005KT 9999 FEW018 BKN150 26/23 Q1009 NOSIG
2025-12-31 18:54 UTC,METAR WSSS 311830Z 34006KT 9999 FEW018 BKN150 26/23 Q1008 NOSIG
2025-12-31 19:28 UTC,METAR WSSS 311900Z 35005KT 9999 FEW018 SCT150 BKN300 25/23 Q1008 NOSIG
2025-12-31 19:42 UTC,METAR WSSS 311930Z 33005KT 9999 FEW018 BKN300 25/23 Q1008 NOSIG
2025-12-31 20:40 UTC,METAR WSSS 312030Z 34004KT 9999 FEW018 BKN300 25/23 Q1007 NOSIG
2025-12-31 21:32 UTC,METAR WSSS 312130Z 33006KT 310V010 9999 FEW018 SCT150 BKN300 25/23 Q1007 NOSIG
2025-12-31 22:42 UTC,METAR WSSS 312230Z 34003KT 9999 FEW018 SCT150 BKN300 25/23 Q1008 NOSIG
2025-12-31 23:33 UTC,METAR WSSS 312330Z 34004KT 9999 FEW018 BKN300 25/23 Q1009 NOSIG
2026-01-01 04:15 UTC,METAR WSSS 010400Z 36008KT 9999 FEW016 SCT070 BKN270 28/24 Q1011 NOSIG
2026-01-01 05:45 UTC,METAR WSSS 010530Z 36009KT 340V040 9999 FEW016 FEW020TCU SCT030 30/25 Q1010 NOSIG
2026-01-01 06:58 UTC,METAR WSSS 010630Z 01011KT 9999 FEW016 FEW020TCU SCT070 30/24 Q1009 NOSIG
2026-01-01 07:40 UTC,METAR WSSS 010730Z 36013KT 9999 FEW018 SCT280 30/24 Q1007 NOSIG
2026-01-01 08:56 UTC,METAR WSSS 010830Z 36013KT 9999 FEW018 FEW020TCU SCT280 29/24 Q1007 NOSIG
2026-01-01 09:45 UTC,METAR WSSS 010930Z 36014KT 9999 FEW018TCU FEW020CB SCT280 28/24 Q1007 NOSIG
2026-01-01 10:47 UTC,METAR WSSS 011030Z 36011KT 9999 FEW016 FEW018TCU FEW020CB SCT025 27/23 Q1007 NOSIG
2026-01-01 11:32 UTC,METAR WSSS 011130Z 35009KT 9999 FEW016 FEW018TCU FEW020CB SCT080 27/23 Q1008 NOSIG
2026-01-01 13:45 UTC,METAR WSSS 011330Z 36008KT 9999 FEW016 FEW018TCU BKN050 26/23 Q1010 NOSIG
2026-01-01 14:41 UTC,METAR WSSS 011430Z 35006KT 9999 FEW016 BKN050 26/23 Q1011 NOSIG
2026-01-01 15:39 UTC,METAR WSSS 011530Z 36008KT 9999 FEW016 BKN060 26/23 Q1011 NOSIG
2026-01-01 16:53 UTC,METAR WSSS 011630Z 35006KT 330V030 9999 FEW016 SCT060 26/23 Q1011 NOSIG
2026-01-01 17:39 UTC,METAR WSSS 011730Z 36008KT 9999 FEW016 BKN050 26/23 Q1010 NOSIG
2026-01-01 18:55 UTC,METAR WSSS 011830Z 36008KT 9999 FEW016 SCT050 BKN300 26/23 Q1009 NOSIG
2026-01-01 19:30 UTC,METAR WSSS 011900Z 35006KT 9999 FEW018 SCT040 BKN300 26/23 Q1009 NOSIG
2026-01-01 19:43 UTC,METAR WSSS 011930Z 35006KT 9999 FEW018 SCT040 BKN300 26/23 Q1009 NOSIG
2026-01-01 20:42 UTC,METAR WSSS 012030Z 35006KT 300V360 9999 FEW016 SCT050 BKN160 26/23 Q1008 NOSIG
2026-01-01 21:34 UTC,METAR WSSS 012130Z 33005KT 310V010 9999 FEW016 SCT040 BKN150 26/23 Q1009 NOSIG
2026-01-01 22:43 UTC,METAR WSSS 012230Z 33005KT 8000 FEW016 SCT050 BKN160 26/23 Q1009 NOSIG
2026-01-01 23:35 UTC,METAR WSSS 012330Z 34005KT 9999 FEW016 FEW020TCU SCT050 BKN160 26/23 Q1010 NOSIG
2026-01-02 03:56 UTC,SPECI WSSS 020342Z 36012KT 330V030 9999 FEW018 FEW020TCU BKN300 30/24 Q1011 NOSIG
2026-01-02 05:02 UTC,METAR WSSS 020500Z 36012KT 330V030 9999 FEW018 FEW020TCU SCT040 29/23 Q1011 NOSIG
2026-01-02 05:54 UTC,METAR WSSS 020530Z 36011KT 320V020 9999 FEW018 FEW020TCU SCT040 29/24 Q1011 NOSIG
2026-01-02 07:00 UTC,METAR WSSS 020630Z 01017KT 9999 -SHRA FEW017TCU SCT030 28/23 Q1010 NOSIG
2026-01-02 07:42 UTC,METAR WSSS 020730Z 35010KT 9999 FEW018 FEW020TCU SCT030 28/22 Q1009 NOSIG
2026-01-02 08:55 UTC,METAR WSSS 020830Z 36015KT 9999 FEW018 SCT300 28/23 Q1009 NOSIG
2026-01-02 09:45 UTC,METAR WSSS 020930Z 36015KT 9999 FEW020 SCT070 28/23 Q1009 NOSIG
2026-01-02 10:44 UTC,METAR WSSS 021030Z 36011KT 9999 FEW018 BKN280 27/23 Q1010 NOSIG
2026-01-02 11:31 UTC,METAR WSSS 021130Z 34009KT 300V360 9000 -SHRA FEW016 FEW018TCU SCT022 27/22 Q1011 NOSIG
2026-01-02 13:43 UTC,METAR WSSS 021330Z 35005KT 9999 FEW016 SCT280 26/22 Q1012 NOSIG
2026-01-02 14:43 UTC,METAR WSSS 021430Z 34005KT 310V010 9999 FEW016 SCT060 BKN140 26/22 Q1013 NOSIG
2026-01-02 15:40 UTC,METAR WSSS 021530Z 34007KT 9999 FEW016 SCT070 BKN140 26/22 Q1013 NOSIG
2026-01-02 16:52 UTC,METAR WSSS 021630Z 34007KT 9999 FEW016 BKN070 26/22 Q1013 NOSIG
2026-01-02 17:39 UTC,METAR WSSS 021730Z 33005KT 9999 FEW016 SCT070 BKN140 26/22 Q1013 NOSIG
2026-01-02 18:53 UTC,METAR WSSS 021830Z 33005KT 300V360 9999 FEW016 BKN050 26/22 Q1012 NOSIG
2026-01-02 19:23 UTC,METAR WSSS 021900Z 34004KT 290V360 9999 -RA FEW016 BKN050 26/23 Q1012 NOSIG
2026-01-02 19:42 UTC,METAR WSSS 021930Z 34006KT 290V360 9999 FEW016 SCT050 BKN140 26/22 Q1011 NOSIG
2026-01-02 20:41 UTC,METAR WSSS 022030Z 32005KT 290V360 9999 FEW016 SCT030 BKN140 26/22 Q1011 NOSIG
2026-01-02 21:29 UTC,METAR WSSS 022100Z 32004KT 270V350 9999 FEW016 BKN060 26/22 Q1011 NOSIG
2026-01-02 21:44 UTC,METAR WSSS 022130Z 33004KT 290V350 9999 FEW016 SCT060 BKN140 26/22 Q1011 NOSIG
2026-01-02 22:43 UTC,METAR WSSS 022230Z 32004KT 270V350 9999 FEW016 SCT050 BKN140 26/22 Q1011 NOSIG
2026-01-02 23:33 UTC,METAR WSSS 022330Z 34005KT 9999 FEW016 SCT080 BKN140 26/22 Q1011 NOSIG
2026-01-03 03:45 UTC,METAR WSSS 030330Z 35008KT 320V020 9999 FEW018 BKN270 28/23 Q1013 NOSIG
2026-01-03 04:55 UTC,METAR WSSS 030430Z 35010KT 9999 FEW018 BKN270 29/23 Q1012 NOSIG
2026-01-03 05:44 UTC,METAR WSSS 030530Z 36015KT 9999 SCT018 FEW020TCU BKN270 29/23 Q1011 NOSIG
2026-01-03 06:55 UTC,METAR WSSS 030630Z 01013KT 9999 FEW018TCU SCT040 BKN270 29/23 Q1010 NOSIG
2026-01-03 07:33 UTC,METAR WSSS 030730Z 36012KT 9999 FEW018TCU SCT040 BKN270 30/23 Q1010 NOSIG
2026-01-03 08:51 UTC,METAR WSSS 030830Z 01012KT 320V020 9999 FEW018TCU SCT040 BKN160 28/23 Q1009 NOSIG
2026-01-03 09:42 UTC,METAR WSSS 030930Z 36010KT 9999 FEW018 BKN150 28/23 Q1009 NOSIG
2026-01-03 10:47 UTC,METAR WSSS 031030Z 36013KT 9999 FEW018 BKN300 27/22 Q1010 NOSIG
2026-01-03 11:34 UTC,METAR WSSS 031130Z 35009KT 9999 FEW018 SCT150 BKN300 26/22 Q1011 NOSIG
2026-01-03 11:49 UTC,METAR WSSS 031130Z 35009KT 9999 FEW018 SCT150 BKN300 26/22 Q1011 NOSIG
2026-01-03 13:42 UTC,METAR WSSS 031330Z 35008KT 9999 FEW018 BKN130 26/23 Q1012 NOSIG
2026-01-03 14:44 UTC,METAR WSSS 031430Z 35009KT 320V020 9999 FEW018 SCT150 BKN300 26/22 Q1012 NOSIG
2026-01-03 15:41 UTC,METAR WSSS 031530Z 35008KT 9999 FEW018 BKN300 26/22 Q1012 NOSIG
2026-01-03 16:50 UTC,METAR WSSS 031630Z 36009KT 9999 FEW018 SCT030 BKN300 26/22 Q1012 NOSIG
2026-01-03 17:37 UTC,METAR WSSS 031730Z 34007KT 9999 FEW018 BKN300 25/22 Q1012 NOSIG
2026-01-03 18:53 UTC,METAR WSSS 031830Z 35008KT 330V030 9999 FEW018 BKN300 25/22 Q1011 NOSIG
2026-01-03 19:27 UTC,METAR WSSS 031900Z 36010KT 9999 FEW018 BKN300 25/21 Q1011 NOSIG
2026-01-03 19:41 UTC,METAR WSSS 031930Z 35009KT 9999 FEW018 SCT280 25/21 Q1011 NOSIG
2026-01-03 20:40 UTC,METAR WSSS 032030Z 34008KT 9999 FEW018 SCT180 25/21 Q1010 NOSIG
2026-01-03 21:32 UTC,METAR WSSS 032130Z 34007KT 310V010 9999 FEW018 BKN300 25/21 Q1010 NOSIG
2026-01-03 22:40 UTC,METAR WSSS 032230Z 34006KT 310V020 9999 FEW018 SCT160 BKN300 25/21 Q1011 NOSIG
2026-01-03 23:33 UTC,METAR WSSS 032330Z 33005KT 9000 FEW018 SCT170 BKN300 24/21 Q1011 NOSIG
2026-01-04 04:18 UTC,METAR WSSS 040400Z 36016KT 9999 FEW020 BKN300 29/21 Q1013 NOSIG
2026-01-04 05:44 UTC,METAR WSSS 040530Z 01016KT 9999 FEW022 BKN300 30/22 Q1012 NOSIG
2026-01-04 06:58 UTC,METAR WSSS 040630Z 36015KT 9999 FEW022 BKN300 30/21 Q1011 NOSIG
2026-01-04 07:38 UTC,METAR WSSS 040730Z 36014KT 9999 SCT022 BKN300 29/22 Q1010 NOSIG
2026-01-04 08:52 UTC,METAR WSSS 040830Z 01014KT 9999 FEW022 SCT160 BKN300 29/22 Q1010 NOSIG
2026-01-04 09:36 UTC,METAR WSSS 040930Z 35010KT 320V020 9999 FEW022 SCT160 29/22 Q1010 NOSIG
2026-01-04 10:42 UTC,METAR WSSS 041030Z 36011KT 9999 FEW020 SCT160 BKN280 28/22 Q1010 NOSIG
2026-01-04 11:29 UTC,METAR WSSS 041100Z 36011KT 9999 FEW020 SCT160 BKN280 27/22 Q1010 NOSIG
2026-01-04 11:43 UTC,METAR WSSS 041130Z 36010KT 9999 FEW020 BKN160 27/22 Q1011 NOSIG
2026-01-04 13:42 UTC,METAR WSSS 041330Z 35008KT 9999 FEW020 SCT160 BKN300 26/23 Q1012 NOSIG
2026-01-04 14:44 UTC,METAR WSSS 041430Z 34005KT 9999 FEW020 BKN300 26/23 Q1012 NOSIG
2026-01-04 15:40 UTC,METAR WSSS 041530Z 34007KT 9999 FEW020 BKN300 25/23 Q1012 NOSIG
2026-01-04 16:53 UTC,METAR WSSS 041630Z 34006KT 9999 FEW020 BKN300 25/23 Q1013 NOSIG
2026-01-04 17:41 UTC,METAR WSSS 041730Z 34008KT 9999 FEW020 BKN160 25/23 Q1012 NOSIG
2026-01-04 18:57 UTC,METAR WSSS 041830Z 35008KT 9999 FEW020 BKN160 25/23 Q1011 NOSIG
2026-01-04 19:28 UTC,METAR WSSS 041900Z 34007KT 9999 FEW020 BKN160 25/23 Q1011 NOSIG
2026-01-04 19:42 UTC,METAR WSSS 041930Z 33007KT 9999 FEW020 BKN160 26/23 Q1011 NOSIG
2026-01-04 20:42 UTC,METAR WSSS 042030Z 33006KT 290V350 9999 FEW020 BKN160 25/23 Q1010 NOSIG
2026-01-04 21:33 UTC,METAR WSSS 042130Z 34006KT 9999 FEW018 BKN160 25/23 Q1010 NOSIG
2026-01-04 22:42 UTC,METAR WSSS 042230Z 35006KT 9999 FEW018 BKN160 25/23 Q1010 NOSIG
2026-01-04 23:34 UTC,METAR WSSS 042330Z 34008KT 9999 FEW018 BKN160 25/23 Q1011 NOSIG
2026-01-05 04:36 UTC,METAR WSSS 050430Z 34007KT 310V030 9999 SCT020 BKN160 29/24 Q1012 NOSIG
2026-01-05 06:01 UTC,METAR WSSS 050530Z 01007KT 330V050 9999 FEW020 BKN300 31/23 Q1012 NOSIG
2026-01-05 07:38 UTC,METAR WSSS 050730Z 35011KT 9999 FEW020 SCT170 BKN300 31/23 Q1010 NOSIG
2026-01-05 09:00 UTC,METAR WSSS 050830Z 01012KT 9999 FEW020 SCT170 BKN300 30/23 Q1009 NOSIG
2026-01-05 10:00 UTC,METAR WSSS 050930Z 36012KT 9999 FEW020 BKN170 29/23 Q1009 NOSIG
2026-01-05 10:54 UTC,METAR WSSS 051030Z 01013KT 9999 FEW018 FEW020TCU BKN160 28/23 Q1010 NOSIG
2026-01-05 11:37 UTC,METAR WSSS 051130Z 01011KT 9999 FEW018 FEW020TCU SCT160 27/23 Q1011 NOSIG
2026-01-05 13:52 UTC,METAR WSSS 051330Z 35007KT 9999 FEW018 SCT070 BKN300 27/23 Q1013 NOSIG
2026-01-05 14:53 UTC,METAR WSSS 051430Z 35005KT 310V010 9999 FEW018 SCT160 26/23 Q1013 NOSIG
2026-01-05 15:50 UTC,METAR WSSS 051530Z 34006KT 9999 FEW018 BKN160 26/23 Q1013 NOSIG
2026-01-05 16:55 UTC,METAR WSSS 051630Z 34007KT 310V010 9999 FEW018 BKN160 26/23 Q1013 NOSIG
2026-01-05 17:47 UTC,METAR WSSS 051730Z 35010KT 9999 FEW018 BKN160 26/23 Q1012 NOSIG
2026-01-05 18:59 UTC,METAR WSSS 051830Z 34007KT 9999 FEW014 BKN150 26/23 Q1011 NOSIG
2026-01-05 19:35 UTC,METAR WSSS 051930Z 35007KT 9999 FEW014 BKN150 26/23 Q1011 NOSIG
2026-01-05 20:47 UTC,METAR WSSS 052030Z 34006KT 9999 FEW016 BKN150 26/23 Q1010 NOSIG
2026-01-05 21:39 UTC,METAR WSSS 052130Z 34008KT 8000 FEW016 BKN150 26/23 Q1010 NOSIG
2026-01-05 22:45 UTC,METAR WSSS 052230Z 34006KT 310V010 8000 FEW016 BKN160 26/23 Q1011 NOSIG
2026-01-05 23:36 UTC,METAR WSSS 052330Z 34008KT 310V010 9999 FEW014 BKN160 26/23 Q1011 NOSIG
2026-01-06 03:54 UTC,METAR WSSS 060330Z 36014KT 9999 SCT018 BKN160 28/24 Q1012 NOSIG
2026-01-06 05:01 UTC,METAR WSSS 060500Z 35011KT 320V020 9999 SCT018 BKN160 29/24 Q1012 NOSIG
2026-01-06 05:54 UTC,METAR WSSS 060530Z 01014KT 8000 -SHRA FEW017TCU SCT018 BKN160 28/24 Q1011 NOSIG
2026-01-06 07:01 UTC,METAR WSSS 060700Z 35012KT 9999 SCT016 BKN160 28/24 Q1010 NOSIG
2026-01-06 07:51 UTC,METAR WSSS 060730Z 36013KT 9999 SCT016 BKN160 28/24 Q1010 NOSIG
2026-01-06 08:58 UTC,METAR WSSS 060830Z 36012KT 9999 FEW016 FEW018TCU SCT160 28/24 Q1009 NOSIG
2026-01-06 09:50 UTC,METAR WSSS 060930Z 35009KT 9999 FEW016 SCT280 28/23 Q1009 NOSIG
2026-01-06 10:52 UTC,METAR WSSS 061030Z 35009KT 8000 -SHRA FEW017TCU SCT018 26/23 Q1010 NOSIG
2026-01-06 11:32 UTC,METAR WSSS 061130Z 36008KT 9999 FEW016 SCT050 26/24 Q1010 NOSIG
2026-01-06 13:51 UTC,METAR WSSS 061330Z 03009KT 6000 -RA FEW014 BKN160 25/24 Q1012 NOSIG
2026-01-06 14:52 UTC,METAR WSSS 061430Z 35006KT 6000 -RA FEW014 BKN160 25/25 Q1012 NOSIG
2026-01-06 15:45 UTC,METAR WSSS 061530Z 34007KT 9999 FEW016 SCT080 BKN160 26/24 Q1012 NOSIG
2026-01-06 16:59 UTC,METAR WSSS 061630Z 32005KT 280V350 9999 FEW016 BKN160 26/24 Q1012 NOSIG
2026-01-06 17:48 UTC,METAR WSSS 061730Z 34007KT 9999 FEW016 SCT160 26/24 Q1012 NOSIG
2026-01-06 18:55 UTC,METAR WSSS 061830Z 33005KT 8000 FEW012 SCT018 26/24 Q1011 NOSIG
2026-01-06 19:31 UTC,METAR WSSS 061930Z 34004KT 300V360 9000 FEW014 BKN150 25/24 Q1011 NOSIG
2026-01-06 20:44 UTC,METAR WSSS 062030Z 33003KT 300V360 9999 FEW012 SCT018 BKN160 26/24 Q1011 NOSIG
2026-01-06 21:38 UTC,METAR WSSS 062130Z 34003KT 310V010 9000 FEW014 FEW018TCU SCT030 26/24 Q1011 NOSIG
2026-01-06 22:46 UTC,METAR WSSS 062230Z 02008KT 8000 -SHRA FEW014 FEW018TCU SCT030 25/24 Q1011 RESHRA NOSIG
2026-01-06 23:37 UTC,METAR WSSS 062330Z 32003KT 7000 -SHRA FEW014 FEW018TCU SCT030 25/24 Q1012 NOSIG
2026-01-07 03:55 UTC,METAR WSSS 070330Z 02012KT 9999 FEW018TCU SCT040 BKN300 29/25 Q1012 NOSIG
2026-01-07 05:02 UTC,METAR WSSS 070500Z 02015KT 9999 FEW018TCU SCT040 BKN300 30/24 Q1011 NOSIG
2026-01-07 05:53 UTC,METAR WSSS 070530Z 02018KT 9999 VCSH FEW016 SCT018TCU FEW020CB 30/24 Q1011 NOSIG
2026-01-07 07:01 UTC,METAR WSSS 070700Z 02016KT 9999 FEW015 FEW018CB FEW020TCU SCT040 29/24 Q1010 NOSIG
2026-01-07 07:51 UTC,METAR WSSS 070730Z 36016KT 9999 FEW018CB FEW020TCU SCT040 27/24 Q1010 NOSIG
2026-01-07 09:00 UTC,METAR WSSS 070830Z 36017KT 9999 FEW018TCU FEW020CB SCT050 28/23 Q1010 NOSIG
2026-01-07 09:53 UTC,METAR WSSS 070930Z 01017KT 9999 FEW015 FEW018TCU SCT040 28/24 Q1009 NOSIG
2026-01-07 10:51 UTC,METAR WSSS 071030Z 01012KT 9999 FEW016 SCT040 BKN150 28/23 Q1010 NOSIG
2026-01-07 11:17 UTC,METAR WSSS 071100Z 01011KT 9999 FEW016 SCT040 BKN150 27/23 Q1010 NOSIG
2026-01-07 11:40 UTC,METAR WSSS 071130Z 01012KT 9999 -SHRA FEW016 FEW018TCU SCT040 BKN150 27/23 Q1011 NOSIG
2026-01-07 12:37 UTC,METAR WSSS 071230Z 35008KT 9999 FEW016 SCT050 BKN150 26/23 Q1012 NOSIG
2026-01-07 13:36 UTC,METAR WSSS 071330Z 35010KT 9999 FEW016 SCT070 BKN160 26/23 Q1012 NOSIG
2026-01-07 14:20 UTC,METAR WSSS 071400Z 35011KT 9999 FEW016 BKN160 26/23 Q1012 NOSIG
2026-01-07 14:49 UTC,METAR WSSS 071430Z 36012KT 9999 FEW018 SCT160 26/24 Q1012 NOSIG
2026-01-07 15:20 UTC,METAR WSSS 071500Z 36015KT 9999 FEW016 SCT040 26/23 Q1012 NOSIG
2026-01-07 15:48 UTC,METAR WSSS 071530Z 36014KT 9999 FEW016 SCT040 26/23 Q1012 NOSIG
2026-01-07 16:25 UTC,METAR WSSS 071600Z 36013KT 9999 FEW016 SCT040 26/23 Q1012 NOSIG
2026-01-07 16:55 UTC,METAR WSSS 071630Z 36011KT 9999 FEW014 SCT040 26/23 Q1012 NOSIG
2026-01-07 17:23 UTC,METAR WSSS 071700Z 35007KT 320V020 9999 FEW014 SCT040 26/23 Q1012 NOSIG
2026-01-07 17:49 UTC,METAR WSSS 071730Z 35009KT 9999 SCT016 SCT040 26/23 Q1012 NOSIG
2026-01-07 18:26 UTC,METAR WSSS 071800Z 35010KT 9999 SCT016 SCT040 26/23 Q1011 NOSIG
2026-01-07 18:56 UTC,METAR WSSS 071830Z 35009KT 9999 SCT016 SCT040 26/23 Q1011 NOSIG
2026-01-07 19:19 UTC,METAR WSSS 071900Z 01010KT 9999 SCT016 SCT040 26/23 Q1011 NOSIG
2026-01-07 19:40 UTC,METAR WSSS 071930Z 36010KT 9999 FEW016 SCT040 26/23 Q1011 NOSIG
2026-01-07 20:20 UTC,METAR WSSS 072000Z 36011KT 9999 FEW016 SCT040 BKN150 26/23 Q1011 NOSIG
2026-01-07 20:46 UTC,METAR WSSS 072030Z 36010KT 9999 FEW016 SCT040 BKN150 26/23 Q1011 NOSIG
2026-01-07 21:16 UTC,METAR WSSS 072100Z 01013KT 9999 FEW018 BKN150 26/23 Q1010 NOSIG
2026-01-07 21:40 UTC,METAR WSSS 072130Z 01012KT 9999 FEW018 BKN150 26/23 Q1011 NOSIG
2026-01-07 22:17 UTC,METAR WSSS 072200Z 02012KT 9999 FEW018 BKN150 26/23 Q1011 NOSIG
2026-01-07 22:44 UTC,METAR WSSS 072230Z 36009KT 9999 FEW018 BKN150 26/23 Q1011 NOSIG
2026-01-07 23:17 UTC,METAR WSSS 072300Z 02011KT 9999 FEW018 BKN150 26/23 Q1011 NOSIG
2026-01-07 23:40 UTC,METAR WSSS 072330Z 02010KT 9999 FEW018 BKN150 26/23 Q1012 NOSIG
2026-01-08 01:22 UTC,METAR WSSS 080100Z 36010KT 8000 FEW016 BKN150 27/24 Q1013 NOSIG
2026-01-08 03:13 UTC,METAR WSSS 080300Z 36011KT 9999 FEW015 FEW018TCU SCT160 28/24 Q1014 NOSIG
2026-01-08 04:13 UTC,METAR WSSS 080400Z 36012KT 9999 FEW015 FEW018TCU BKN150 28/24 Q1013 NOSIG
2026-01-08 04:56 UTC,METAR WSSS 080430Z 36016KT 9999 SCT015 FEW018TCU BKN150 27/23 Q1013 NOSIG
2026-01-08 05:23 UTC,METAR WSSS 080500Z 36014KT 9000 FEW018TCU SCT050 BKN150 29/24 Q1013 NOSIG
2026-01-08 05:47 UTC,METAR WSSS 080530Z 36015KT 9000 FEW018TCU SCT050 BKN150 29/24 Q1012 NOSIG
2026-01-08 06:28 UTC,METAR WSSS 080600Z 36016KT 9000 FEW018TCU SCT050 BKN150 29/24 Q1012 NOSIG
2026-01-08 06:57 UTC,METAR WSSS 080630Z 36017KT 9999 FEW018 FEW020TCU SCT160 BKN270 30/23 Q1011 NOSIG
2026-01-08 07:28 UTC,METAR WSSS 080700Z 36017KT 9999 FEW016 FEW020TCU BKN270 29/23 Q1011 NOSIG
2026-01-08 07:45 UTC,METAR WSSS 080730Z 01018KT 9999 SCT016 FEW018TCU BKN270 28/23 Q1011 NOSIG
2026-01-08 08:25 UTC,METAR WSSS 080800Z 01019KT 9999 FEW016 FEW018TCU SCT060 BKN270 28/22 Q1011 NOSIG
2026-01-08 08:53 UTC,METAR WSSS 080830Z 36015KT 8000 VCSH SCT016 FEW018TCU SCT280 28/23 Q1011 NOSIG
2026-01-08 09:25 UTC,METAR WSSS 080900Z 02018KT 8000 -SHRA FEW015 FEW018TCU SCT030 27/23 Q1011 NOSIG
2026-01-08 09:49 UTC,METAR WSSS 080930Z 02014KT 9999 FEW015 FEW018TCU SCT040 27/23 Q1011 NOSIG
2026-01-08 10:20 UTC,METAR WSSS 081000Z 36015KT 9000 FEW016 FEW018TCU SCT040 27/22 Q1011 NOSIG
2026-01-08 10:49 UTC,METAR WSSS 081030Z 01015KT 9000 FEW016 SCT040 27/22 Q1011 NOSIG
2026-01-08 11:17 UTC,METAR WSSS 081100Z 36012KT 9000 FEW016 SCT040 27/23 Q1011 NOSIG
2026-01-08 11:41 UTC,METAR WSSS 081130Z 36012KT 8000 FEW016 SCT050 BKN280 26/22 Q1011 NOSIG
2026-01-08 12:38 UTC,METAR WSSS 081230Z 36012KT 9999 FEW018 SCT070 BKN280 26/23 Q1012 NOSIG
2026-01-08 13:38 UTC,METAR WSSS 081330Z 35010KT 9999 FEW018 BKN280 26/23 Q1013 NOSIG
2026-01-08 14:21 UTC,METAR WSSS 081400Z 35011KT 9999 -SHRA FEW018TCU SCT040 BKN280 26/23 Q1013 NOSIG
2026-01-08 14:51 UTC,METAR WSSS 081430Z 35008KT 9999 FEW018 SCT070 BKN280 26/23 Q1013 NOSIG
2026-01-08 15:21 UTC,METAR WSSS 081500Z 35009KT 9999 FEW018 SCT070 BKN280 26/23 Q1013 NOSIG
2026-01-08 15:48 UTC,METAR WSSS 081530Z 03012KT 9999 FEW015 FEW018TCU SCT040 26/23 Q1013 NOSIG
2026-01-08 16:24 UTC,METAR WSSS 081600Z 02010KT 9999 FEW018 SCT040 BKN280 26/23 Q1013 NOSIG
2026-01-08 16:55 UTC,METAR WSSS 081630Z 36013KT 9999 FEW018 SCT040 BKN280 26/22 Q1013 NOSIG
2026-01-08 17:25 UTC,METAR WSSS 081700Z 01013KT 9999 FEW018 SCT080 BKN280 26/22 Q1013 NOSIG
2026-01-08 17:50 UTC,METAR WSSS 081730Z 36010KT 9999 FEW018 SCT070 BKN280 26/22 Q1013 NOSIG
2026-01-08 18:22 UTC,METAR WSSS 081800Z 36010KT 9999 FEW018 SCT080 BKN280 26/22 Q1012 NOSIG
2026-01-08 18:52 UTC,METAR WSSS 081830Z 35009KT 9999 FEW018 SCT080 BKN280 26/22 Q1012 NOSIG
2026-01-08 19:16 UTC,METAR WSSS 081900Z 35011KT 320V020 9999 FEW018 SCT080 BKN280 26/22 Q1012 NOSIG
2026-01-08 19:39 UTC,METAR WSSS 081930Z 34008KT 300V010 9999 FEW018 SCT080 BKN280 25/22 Q1012 NOSIG
2026-01-08 20:20 UTC,METAR WSSS 082000Z 35006KT 9999 FEW018 SCT080 BKN280 25/22 Q1011 NOSIG
2026-01-08 20:44 UTC,METAR WSSS 082030Z 34006KT 9999 FEW018 SCT080 BKN280 25/23 Q1011 NOSIG
2026-01-08 21:17 UTC,METAR WSSS 082100Z 34009KT 9999 FEW018 SCT080 BKN280 25/22 Q1011 NOSIG
2026-01-08 21:42 UTC,METAR WSSS 082130Z 34009KT 9999 FEW018 SCT080 BKN280 25/22 Q1011 NOSIG
2026-01-08 22:17 UTC,METAR WSSS 082200Z 35009KT 9999 FEW018 BKN150 25/22 Q1011 NOSIG
2026-01-08 22:44 UTC,METAR WSSS 082230Z 35009KT 9999 FEW018 BKN150 25/22 Q1012 NOSIG
2026-01-08 23:15 UTC,METAR WSSS 082300Z 35007KT 9999 FEW018 BKN150 25/22 Q1012 NOSIG
2026-01-08 23:38 UTC,METAR WSSS 082330Z 35008KT 9999 FEW018 BKN150 25/21 Q1012 NOSIG
2026-01-09 01:22 UTC,METAR WSSS 090100Z 35010KT 9000 FEW018 BKN150 27/22 Q1013 NOSIG
2026-01-09 03:14 UTC,METAR WSSS 090300Z 36015KT 9999 FEW016 BKN150 29/22 Q1014 NOSIG
2026-01-09 04:13 UTC,METAR WSSS 090400Z 35012KT 9999 FEW016 BKN150 28/22 Q1014 NOSIG
2026-01-09 04:57 UTC,METAR WSSS 090430Z 36013KT 9999 FEW016 SCT040 BKN150 28/22 Q1013 NOSIG
2026-01-09 05:27 UTC,METAR WSSS 090500Z 01014KT 9999 FEW016 SCT040 BKN150 28/22 Q1013 NOSIG
2026-01-09 05:49 UTC,METAR WSSS 090530Z 36016KT 9999 FEW016 SCT030 BKN150 27/22 Q1012 NOSIG
2026-01-09 06:28 UTC,METAR WSSS 090600Z 01013KT 9999 FEW016 SCT050 BKN150 27/22 Q1012 NOSIG
2026-01-09 06:58 UTC,METAR WSSS 090630Z 01012KT 9999 FEW016 BKN150 28/22 Q1012 NOSIG
2026-01-09 07:28 UTC,METAR WSSS 090700Z 36013KT 9999 FEW016 BKN160 28/22 Q1011 NOSIG
2026-01-09 07:46 UTC,METAR WSSS 090730Z 36017KT 9999 FEW016 BKN160 29/21 Q1011 NOSIG
2026-01-09 08:25 UTC,METAR WSSS 090800Z 36013KT 9999 FEW016 BKN170 29/21 Q1011 NOSIG
2026-01-09 08:53 UTC,METAR WSSS 090830Z 36015KT 9999 FEW016 BKN170 28/22 Q1010 NOSIG
2026-01-09 09:24 UTC,METAR WSSS 090900Z 35013KT 9999 FEW016 SCT070 BKN160 27/22 Q1010 NOSIG
2026-01-09 09:49 UTC,METAR WSSS 090930Z 36014KT 9999 FEW016 SCT070 BKN160 26/22 Q1011 NOSIG
2026-01-09 10:19 UTC,METAR WSSS 091000Z 36013KT 9999 FEW016 SCT070 BKN160 26/22 Q1011 NOSIG
2026-01-09 10:48 UTC,METAR WSSS 091030Z 36012KT 9999 FEW016 SCT070 BKN160 26/22 Q1011 NOSIG
2026-01-09 11:16 UTC,METAR WSSS 091100Z 36013KT 9999 FEW016 SCT070 BKN150 26/22 Q1011 NOSIG
2026-01-09 11:39 UTC,METAR WSSS 091130Z 36010KT 9999 FEW016 SCT080 BKN150 26/22 Q1012 NOSIG
2026-01-09 12:37 UTC,METAR WSSS 091230Z 35009KT 9999 FEW016 SCT070 BKN160 26/22 Q1012 NOSIG
2026-01-09 13:35 UTC,METAR WSSS 091330Z 35009KT 9999 FEW018 BKN300 25/22 Q1013 NOSIG
2026-01-09 14:20 UTC,METAR WSSS 091400Z 35008KT 9999 FEW018 BKN300 25/22 Q1013 NOSIG
2026-01-09 14:48 UTC,METAR WSSS 091430Z 35009KT 9999 FEW018 SCT050 BKN300 25/22 Q1013 NOSIG
2026-01-09 15:19 UTC,METAR WSSS 091500Z 35009KT 9999 FEW018 BKN300 26/22 Q1013 NOSIG
2026-01-09 15:45 UTC,METAR WSSS 091530Z 36010KT 9999 FEW018 BKN300 25/22 Q1013 NOSIG
2026-01-09 16:22 UTC,METAR WSSS 091600Z 35009KT 9999 FEW018 BKN300 26/22 Q1013 NOSIG
2026-01-09 16:52 UTC,METAR WSSS 091630Z 35011KT 9999 FEW018 BKN300 26/22 Q1013 NOSIG
2026-01-09 17:20 UTC,METAR WSSS 091700Z 35008KT 9999 FEW018 BKN300 25/22 Q1013 NOSIG
2026-01-09 17:45 UTC,METAR WSSS 091730Z 35010KT 9999 FEW018 BKN300 25/22 Q1013 NOSIG
2026-01-09 18:26 UTC,METAR WSSS 091800Z 35009KT 9999 FEW018 BKN300 25/22 Q1012 NOSIG
2026-01-09 18:55 UTC,METAR WSSS 091830Z 35009KT 9999 FEW018 BKN300 25/22 Q1012 NOSIG
2026-01-09 19:17 UTC,METAR WSSS 091900Z 36010KT 9999 FEW018 BKN300 25/22 Q1012 NOSIG
2026-01-09 19:39 UTC,METAR WSSS 091930Z 01009KT 9999 FEW018 BKN300 25/21 Q1012 NOSIG
2026-01-09 20:20 UTC,METAR WSSS 092000Z 36009KT 9999 FEW018 BKN300 25/22 Q1012 NOSIG
2026-01-09 20:44 UTC,METAR WSSS 092030Z 35008KT 9999 FEW018 BKN300 25/22 Q1011 NOSIG
2026-01-09 21:17 UTC,METAR WSSS 092100Z 35007KT 320V020 9999 FEW018 BKN300 25/22 Q1012 NOSIG
2026-01-09 21:40 UTC,METAR WSSS 092130Z 35006KT 9999 FEW018 BKN300 25/22 Q1012 NOSIG
2026-01-09 22:17 UTC,METAR WSSS 092200Z 35005KT 320V020 9999 FEW018 SCT040 BKN300 25/22 Q1012 NOSIG
2026-01-09 22:44 UTC,METAR WSSS 092230Z 34004KT 290V360 9999 FEW018 SCT040 BKN300 25/22 Q1012 NOSIG
2026-01-09 23:16 UTC,METAR WSSS 092300Z 33005KT 8000 FEW018 SCT080 BKN160 25/22 Q1012 NOSIG
2026-01-09 23:40 UTC,METAR WSSS 092330Z 33005KT 6000 FEW018 SCT160 BKN300 25/22 Q1012 NOSIG
2026-01-10 01:19 UTC,METAR WSSS 100100Z 35007KT 9999 FEW018 SCT070 26/22 Q1013 NOSIG
2026-01-10 03:07 UTC,METAR WSSS 100300Z 35012KT 9999 FEW018 BKN300 28/22 Q1014 NOSIG
2026-01-10 04:07 UTC,METAR WSSS 100400Z 01014KT 9999 FEW020 BKN300 29/21 Q1013 NOSIG
2026-01-10 04:52 UTC,METAR WSSS 100430Z 36012KT 9999 SCT020 BKN300 30/22 Q1013 NOSIG
2026-01-10 05:18 UTC,METAR WSSS 100500Z 36012KT 9999 SCT020 BKN300 29/22 Q1013 NOSIG
2026-01-10 05:43 UTC,METAR WSSS 100530Z 36013KT 9999 SCT020 BKN300 29/22 Q1012 NOSIG
2026-01-10 06:25 UTC,METAR WSSS 100600Z 01014KT 9999 SCT020 BKN300 30/23 Q1012 NOSIG
2026-01-10 06:51 UTC,METAR WSSS 100630Z 01012KT 330V040 9999 SCT020 BKN300 30/22 Q1011 NOSIG
2026-01-10 07:16 UTC,METAR WSSS 100700Z 36015KT 9999 FEW020 SCT050 BKN300 29/22 Q1011 NOSIG
2026-01-10 07:38 UTC,METAR WSSS 100730Z 36012KT 9999 FEW020 SCT050 29/22 Q1011 NOSIG
2026-01-10 08:21 UTC,METAR WSSS 100800Z 36015KT 9999 FEW020 SCT050 29/22 Q1010 NOSIG
2026-01-10 08:47 UTC,METAR WSSS 100830Z 35011KT 320V020 9999 FEW020 SCT050 28/22 Q1010 NOSIG
2026-01-10 09:16 UTC,METAR WSSS 100900Z 01013KT 9999 FEW020 BKN300 29/22 Q1010 NOSIG
2026-01-10 09:40 UTC,METAR WSSS 100930Z 35012KT 9999 FEW020 BKN300 29/22 Q1010 NOSIG
2026-01-10 10:17 UTC,METAR WSSS 101000Z 36012KT 9999 FEW020 BKN300 27/22 Q1010 NOSIG
2026-01-10 10:42 UTC,METAR WSSS 101030Z 36011KT 9999 FEW020 BKN300 27/22 Q1011 NOSIG
2026-01-10 11:13 UTC,METAR WSSS 101100Z 36011KT 9999 FEW018 BKN300 26/21 Q1011 NOSIG
2026-01-10 11:37 UTC,METAR WSSS 101130Z 36010KT 9999 FEW018 BKN300 26/21 Q1011 NOSIG
2026-01-10 12:32 UTC,METAR WSSS 101230Z 36010KT 9999 FEW018 BKN300 25/21 Q1012 NOSIG
2026-01-10 13:26 UTC,METAR WSSS 101300Z 35006KT 9999 FEW018 BKN300 25/22 Q1012 NOSIG
2026-01-10 13:45 UTC,METAR WSSS 101330Z 34007KT 9999 FEW018 BKN300 25/21 Q1013 NOSIG
2026-01-10 14:15 UTC,METAR WSSS 101400Z 34005KT 9999 FEW018 BKN300 25/21 Q1013 NOSIG
2026-01-10 14:41 UTC,METAR WSSS 101430Z 33006KT 9999 FEW018 BKN300 25/21 Q1014 NOSIG
2026-01-10 15:16 UTC,METAR WSSS 101500Z 34005KT 9999 FEW018 BKN300 25/21 Q1014 NOSIG
2026-01-10 15:39 UTC,METAR WSSS 101530Z 34006KT 9999 FEW018 BKN300 25/21 Q1014 NOSIG
2026-01-10 16:19 UTC,METAR WSSS 101600Z 34005KT 9999 FEW020 BKN300 24/21 Q1014 NOSIG
2026-01-10 16:46 UTC,METAR WSSS 101630Z 34006KT 9999 FEW020 BKN300 24/21 Q1014 NOSIG
2026-01-10 17:14 UTC,METAR WSSS 101700Z 34006KT 9999 FEW020 BKN300 24/21 Q1014 NOSIG
2026-01-10 17:39 UTC,METAR WSSS 101730Z 34008KT 9999 FEW020 BKN300 24/21 Q1014 NOSIG
2026-01-10 18:23 UTC,METAR WSSS 101800Z 34007KT 9999 FEW020 BKN300 24/21 Q1013 NOSIG
2026-01-10 18:49 UTC,METAR WSSS 101830Z 35007KT 9999 FEW020 BKN300 24/21 Q1013 NOSIG
2026-01-10 19:12 UTC,METAR WSSS 101900Z 35007KT 9999 FEW020 BKN300 24/21 Q1012 NOSIG
2026-01-10 19:36 UTC,METAR WSSS 101930Z 35007KT 9999 FEW020 BKN300 24/21 Q1012 NOSIG
2026-01-10 20:18 UTC,METAR WSSS 102000Z 35007KT 9999 FEW020 BKN300 24/21 Q1012 NOSIG
2026-01-10 20:42 UTC,METAR WSSS 102030Z 34006KT 9999 FEW020 BKN300 24/21 Q1012 NOSIG
2026-01-10 21:15 UTC,METAR WSSS 102100Z 34006KT 9999 FEW020 BKN300 24/21 Q1012 NOSIG
2026-01-10 21:38 UTC,METAR WSSS 102130Z 33007KT 9999 FEW020 BKN300 24/21 Q1012 NOSIG
2026-01-10 22:16 UTC,METAR WSSS 102200Z 33007KT 9999 FEW020 BKN300 24/21 Q1013 NOSIG
2026-01-10 22:42 UTC,METAR WSSS 102230Z 34006KT 9999 FEW018 BKN300 24/21 Q1013 NOSIG
2026-01-10 23:16 UTC,METAR WSSS 102300Z 34006KT 9999 FEW018 BKN300 24/21 Q1013 NOSIG
2026-01-10 23:39 UTC,METAR WSSS 102330Z 34006KT 9999 FEW018 BKN300 24/21 Q1013 NOSIG
2026-01-11 01:29 UTC,METAR WSSS 110100Z 34006KT 9999 FEW018 BKN060 25/21 Q1014 NOSIG
2026-01-11 03:27 UTC,METAR WSSS 110300Z 36012KT 9999 FEW018 BKN070 27/22 Q1014 NOSIG
2026-01-11 04:33 UTC,METAR WSSS 110430Z 36016KT 9999 FEW018 SCT030 BKN300 30/22 Q1014 NOSIG
2026-01-11 05:22 UTC,METAR WSSS 110500Z 01018KT 9999 FEW018 SCT040 BKN300 30/22 Q1013 NOSIG
2026-01-11 05:46 UTC,METAR WSSS 110530Z 36015KT 9999 FEW018 SCT040 BKN300 29/22 Q1013 NOSIG
2026-01-11 06:26 UTC,METAR WSSS 110600Z 36017KT 9999 FEW018 SCT040 BKN300 28/21 Q1013 NOSIG
2026-01-11 06:54 UTC,METAR WSSS 110630Z 36013KT 9999 FEW018 SCT040 BKN300 29/22 Q1012 NOSIG
2026-01-11 07:18 UTC,METAR WSSS 110700Z 36015KT 9999 SCT020 BKN300 30/22 Q1012 NOSIG
2026-01-11 07:40 UTC,METAR WSSS 110730Z 01016KT 9999 SCT020 BKN300 29/22 Q1011 NOSIG
2026-01-11 08:22 UTC,METAR WSSS 110800Z 36015KT 9999 SCT020 BKN300 28/22 Q1011 NOSIG
2026-01-11 08:47 UTC,METAR WSSS 110830Z 36015KT 9999 FEW020 SCT040 BKN300 29/22 Q1011 NOSIG
2026-01-11 09:17 UTC,METAR WSSS 110900Z 36015KT 9999 FEW020 SCT060 BKN300 28/22 Q1011 NOSIG
2026-01-11 09:41 UTC,METAR WSSS 110930Z 36017KT 9999 FEW020 SCT060 BKN300 28/22 Q1011 NOSIG
2026-01-11 10:17 UTC,METAR WSSS 111000Z 36015KT 9999 FEW018 BKN300 27/21 Q1012 NOSIG
2026-01-11 10:44 UTC,METAR WSSS 111030Z 36014KT 9999 FEW018 BKN300 27/21 Q1012 NOSIG
2026-01-11 11:14 UTC,METAR WSSS 111100Z 36011KT 9999 FEW018 BKN300 26/22 Q1012 NOSIG
2026-01-11 11:37 UTC,METAR WSSS 111130Z 36011KT 9999 SCT018 BKN300 26/21 Q1013 NOSIG
2026-01-11 12:33 UTC,METAR WSSS 111230Z 35006KT 9999 FEW018 BKN300 25/21 Q1013 NOSIG
2026-01-11 13:27 UTC,METAR WSSS 111300Z 35008KT 320V020 9999 FEW018 BKN300 25/21 Q1013 NOSIG
2026-01-11 13:47 UTC,METAR WSSS 111330Z 36007KT 9999 FEW018 BKN300 25/21 Q1014 NOSIG
2026-01-11 14:15 UTC,METAR WSSS 111400Z 35007KT 9999 FEW018 BKN300 25/21 Q1014 NOSIG
2026-01-11 14:41 UTC,METAR WSSS 111430Z 35007KT 9999 FEW018 BKN300 25/21 Q1014 NOSIG
2026-01-11 15:16 UTC,METAR WSSS 111500Z 35008KT 9999 FEW018 BKN300 25/21 Q1014 NOSIG
2026-01-11 15:39 UTC,METAR WSSS 111530Z 34011KT 310V010 9999 FEW018 BKN300 25/20 Q1013 NOSIG
2026-01-11 16:19 UTC,METAR WSSS 111600Z 34011KT 9999 FEW018 BKN300 25/20 Q1013 NOSIG
2026-01-11 16:46 UTC,METAR WSSS 111630Z 34010KT 310V010 9999 FEW018 BKN300 25/21 Q1013 NOSIG
2026-01-11 17:14 UTC,METAR WSSS 111700Z 34008KT 310V010 9999 FEW018 BKN300 24/20 Q1013 NOSIG
2026-01-11 17:40 UTC,METAR WSSS 111730Z 34007KT 300V010 9999 FEW018 BKN300 24/21 Q1013 NOSIG
2026-01-11 18:23 UTC,METAR WSSS 111800Z 34009KT 9999 FEW018 BKN300 24/21 Q1013 NOSIG
2026-01-11 18:50 UTC,METAR WSSS 111830Z 34007KT 9999 FEW018 BKN300 24/21 Q1013 NOSIG
2026-01-11 19:13 UTC,METAR WSSS 111900Z 34006KT 9999 FEW018 BKN300 24/21 Q1013 NOSIG
2026-01-11 19:36 UTC,METAR WSSS 111930Z 34008KT 9999 FEW018 BKN300 24/21 Q1012 NOSIG
2026-01-11 20:18 UTC,METAR WSSS 112000Z 33006KT 9999 FEW018 BKN300 24/21 Q1012 NOSIG
2026-01-11 20:42 UTC,METAR WSSS 112030Z 34006KT 9999 FEW018 BKN300 24/21 Q1012 NOSIG
2026-01-11 21:15 UTC,METAR WSSS 112100Z 33007KT 9999 FEW018 BKN300 24/21 Q1012 NOSIG
2026-01-11 21:38 UTC,METAR WSSS 112130Z 33006KT 9999 FEW018 BKN300 24/21 Q1012 NOSIG
2026-01-11 22:16 UTC,METAR WSSS 112200Z 34007KT 9999 FEW018 BKN300 24/21 Q1012 NOSIG
2026-01-11 22:42 UTC,METAR WSSS 112230Z 34007KT 9999 FEW018 BKN300 24/21 Q1012 NOSIG
2026-01-11 23:16 UTC,METAR WSSS 112300Z 34007KT 9999 FEW018 BKN300 24/21 Q1013 NOSIG
2026-01-11 23:39 UTC,METAR WSSS 112330Z 34007KT 9999 FEW018 BKN300 24/21 Q1013 NOSIG
2026-01-12 01:25 UTC,METAR WSSS 120100Z 34006KT 300V360 9999 FEW018 BKN300 25/21 Q1014 NOSIG
2026-01-12 03:22 UTC,METAR WSSS 120300Z 35013KT 9999 FEW020 BKN300 29/22 Q1014 NOSIG
2026-01-12 04:35 UTC,METAR WSSS 120430Z 36015KT 9999 FEW020 BKN300 30/21 Q1013 NOSIG
2026-01-12 05:26 UTC,METAR WSSS 120500Z 36013KT 320V030 9999 FEW020 BKN300 30/21 Q1013 NOSIG
2026-01-12 05:52 UTC,METAR WSSS 120530Z 35013KT 320V020 9999 FEW020 SCT280 BKN300 31/21 Q1013 NOSIG
2026-01-12 06:31 UTC,METAR WSSS 120630Z 35013KT 9999 FEW020 SCT280 BKN300 30/20 Q1012 NOSIG
2026-01-12 07:23 UTC,METAR WSSS 120700Z 34013KT 310V010 9999 FEW020 SCT050 BKN300 30/20 Q1012 NOSIG
2026-01-12 07:46 UTC,METAR WSSS 120730Z 35012KT 9999 FEW020 SCT050 BKN300 31/20 Q1012 NOSIG
2026-01-12 08:27 UTC,METAR WSSS 120800Z 34010KT 310V010 9999 FEW020 SCT050 BKN300 30/20 Q1011 NOSIG
2026-01-12 08:56 UTC,METAR WSSS 120830Z 35012KT 320V020 9999 FEW020 SCT050 BKN300 30/20 Q1011 NOSIG
2026-01-12 09:33 UTC,METAR WSSS 120930Z 36013KT 9999 FEW018 SCT050 BKN300 29/20 Q1011 NOSIG
2026-01-12 10:21 UTC,METAR WSSS 121000Z 36011KT 9999 FEW018 BKN060 28/21 Q1011 NOSIG
2026-01-12 10:50 UTC,METAR WSSS 121030Z 36012KT 9999 FEW018 BKN060 28/21 Q1012 NOSIG
2026-01-12 11:17 UTC,METAR WSSS 121100Z 35010KT 9999 FEW018 SCT060 BKN300 28/20 Q1012 NOSIG
2026-01-12 11:40 UTC,METAR WSSS 121130Z 35009KT 9999 FEW018 BKN300 27/20 Q1012 NOSIG
2026-01-12 12:39 UTC,METAR WSSS 121230Z 35010KT 9999 FEW018 BKN300 26/21 Q1013 NOSIG
2026-01-12 13:39 UTC,METAR WSSS 121330Z 34008KT 9999 FEW018 BKN300 26/21 Q1014 NOSIG
2026-01-12 14:21 UTC,METAR WSSS 121400Z 34008KT 9999 FEW018 BKN300 25/22 Q1014 NOSIG
2026-01-12 14:52 UTC,METAR WSSS 121430Z 34008KT 9999 FEW018 BKN300 25/22 Q1014 NOSIG
2026-01-12 15:21 UTC,METAR WSSS 121500Z 34009KT 9999 FEW018 BKN300 25/22 Q1014 NOSIG
2026-01-12 15:49 UTC,METAR WSSS 121530Z 35009KT 9999 FEW018 BKN300 25/22 Q1014 NOSIG
2026-01-12 16:23 UTC,METAR WSSS 121600Z 35010KT 9999 FEW018 BKN300 25/22 Q1014 NOSIG
2026-01-12 16:52 UTC,METAR WSSS 121630Z 35009KT 320V020 9999 FEW018 BKN300 25/22 Q1014 NOSIG
2026-01-12 17:20 UTC,METAR WSSS 121700Z 34008KT 310V010 9999 FEW016 BKN300 25/22 Q1014 NOSIG
2026-01-12 17:44 UTC,METAR WSSS 121730Z 34007KT 300V360 9999 FEW016 BKN300 25/22 Q1014 NOSIG
2026-01-12 18:27 UTC,METAR WSSS 121800Z 34009KT 9999 FEW016 BKN300 25/22 Q1014 NOSIG
2026-01-12 18:56 UTC,METAR WSSS 121830Z 34010KT 310V010 9999 FEW018 BKN300 25/22 Q1013 NOSIG
2026-01-12 19:20 UTC,METAR WSSS 121900Z 34009KT 9999 FEW018 BKN300 25/22 Q1013 NOSIG
2026-01-12 19:39 UTC,METAR WSSS 121930Z 34008KT 9999 FEW018 BKN300 25/22 Q1012 NOSIG
2026-01-12 20:21 UTC,METAR WSSS 122000Z 34009KT 310V010 9999 FEW018 BKN300 25/22 Q1012 NOSIG
2026-01-12 20:45 UTC,METAR WSSS 122030Z 34008KT 9999 FEW018 BKN300 25/22 Q1012 NOSIG
2026-01-12 21:17 UTC,METAR WSSS 122100Z 35008KT 9999 FEW018 BKN300 24/22 Q1012 NOSIG
2026-01-12 21:41 UTC,METAR WSSS 122130Z 34008KT 9999 FEW018 BKN300 24/22 Q1012 NOSIG
2026-01-12 22:16 UTC,METAR WSSS 122200Z 34007KT 300V360 9999 FEW018 BKN300 24/22 Q1012 NOSIG
2026-01-12 22:42 UTC,METAR WSSS 122230Z 34006KT 9999 FEW018 BKN300 24/22 Q1012 NOSIG
2026-01-12 23:14 UTC,METAR WSSS 122300Z 34008KT 9999 FEW018 BKN300 24/22 Q1012 NOSIG
2026-01-12 23:37 UTC,METAR WSSS 122330Z 34006KT 9999 FEW018 BKN300 24/22 Q1013 NOSIG
2026-01-13 01:18 UTC,METAR WSSS 130100Z 34007KT 9999 FEW018 BKN300 27/22 Q1014 NOSIG
2026-01-13 03:12 UTC,METAR WSSS 130300Z 33010KT 300V360 9999 FEW018 BKN300 28/22 Q1014 NOSIG
2026-01-13 04:13 UTC,METAR WSSS 130400Z 01011KT 330V030 9999 FEW018 BKN300 31/23 Q1014 NOSIG
2026-01-13 04:56 UTC,METAR WSSS 130430Z 36011KT 320V030 9999 FEW018 FEW020TCU BKN300 30/22 Q1014 NOSIG
2026-01-13 05:26 UTC,METAR WSSS 130500Z 35010KT 320V020 9999 FEW020TCU SCT040 30/22 Q1013 NOSIG
2026-01-13 05:48 UTC,METAR WSSS 130530Z 36011KT 9999 FEW020TCU SCT040 30/22 Q1013 NOSIG
2026-01-13 06:28 UTC,METAR WSSS 130600Z 01013KT 9999 FEW020 BKN300 31/22 Q1012 NOSIG
2026-01-13 06:58 UTC,METAR WSSS 130630Z 36013KT 9999 FEW020 BKN300 31/22 Q1012 NOSIG
2026-01-13 07:29 UTC,METAR WSSS 130700Z 01013KT 9999 FEW020 SCT040 30/22 Q1011 NOSIG
2026-01-13 07:46 UTC,METAR WSSS 130730Z 36014KT 9999 FEW020 BKN300 31/22 Q1011 NOSIG
2026-01-13 08:25 UTC,METAR WSSS 130800Z 36014KT 9999 FEW020 BKN300 30/22 Q1010 NOSIG
2026-01-13 08:54 UTC,METAR WSSS 130830Z 35013KT 320V020 9999 FEW018 FEW020TCU BKN300 30/22 Q1010 NOSIG
2026-01-13 09:25 UTC,METAR WSSS 130900Z 36015KT 9999 FEW018 FEW020TCU BKN300 30/22 Q1010 NOSIG
2026-01-13 09:49 UTC,METAR WSSS 130930Z 36014KT 9999 FEW018TCU FEW020CB SCT270 28/22 Q1010 NOSIG
2026-01-13 10:20 UTC,METAR WSSS 131000Z 01013KT 9999 FEW018TCU FEW020CB SCT270 28/23 Q1010 NOSIG
2026-01-13 10:48 UTC,METAR WSSS 131030Z 36011KT 9999 VCSH FEW016 FEW018TCU FEW020CB SCT060 28/22 Q1011 NOSIG
2026-01-13 11:17 UTC,METAR WSSS 131100Z 36009KT 320V020 9999 FEW016 FEW018TCU SCT060 27/22 Q1011 NOSIG
2026-01-13 11:40 UTC,METAR WSSS 131130Z 36009KT 9999 FEW016 FEW018TCU SCT060 27/22 Q1011 NOSIG
2026-01-13 12:38 UTC,METAR WSSS 131230Z 36010KT 9999 FEW016 SCT300 26/22 Q1012 NOSIG
2026-01-13 13:38 UTC,METAR WSSS 131330Z 35005KT 9999 FEW016 SCT280 26/23 Q1012 NOSIG
2026-01-13 14:21 UTC,METAR WSSS 131400Z 36006KT 9999 FEW016 SCT280 26/23 Q1013 NOSIG
2026-01-13 14:51 UTC,METAR WSSS 131430Z 35007KT 9999 FEW016 SCT280 26/23 Q1013 NOSIG
2026-01-13 15:21 UTC,METAR WSSS 131500Z 36008KT 9999 FEW016 BKN300 25/23 Q1013 NOSIG
2026-01-13 15:49 UTC,METAR WSSS 131530Z 35009KT 9999 FEW016 BKN300 25/23 Q1013 NOSIG
2026-01-13 16:26 UTC,METAR WSSS 131600Z 35011KT 9999 FEW016 BKN300 25/23 Q1013 NOSIG
2026-01-13 16:57 UTC,METAR WSSS 131630Z 36009KT 9999 FEW016 BKN300 25/23 Q1013 NOSIG
2026-01-13 17:29 UTC,METAR WSSS 131700Z 36009KT 9999 FEW016 BKN300 25/23 Q1012 NOSIG
2026-01-13 17:52 UTC,METAR WSSS 131730Z 36009KT 9999 FEW016 BKN300 25/23 Q1012 NOSIG
2026-01-13 18:27 UTC,METAR WSSS 131800Z 35007KT 9999 FEW016 BKN300 25/23 Q1012 NOSIG
2026-01-13 18:55 UTC,METAR WSSS 131830Z 35007KT 9999 FEW015 BKN300 25/23 Q1012 NOSIG
2026-01-13 19:17 UTC,METAR WSSS 131900Z 35008KT 320V020 9999 FEW015 BKN300 25/23 Q1011 NOSIG
2026-01-13 19:38 UTC,METAR WSSS 131930Z 35006KT 9999 FEW015 BKN300 25/23 Q1011 NOSIG
2026-01-13 20:20 UTC,METAR WSSS 132000Z 34005KT 9999 FEW015 BKN300 25/23 Q1011 NOSIG
2026-01-13 20:45 UTC,METAR WSSS 132030Z 33004KT 9999 FEW015 BKN300 25/23 Q1011 NOSIG
2026-01-13 21:17 UTC,METAR WSSS 132100Z 34005KT 9999 FEW015 BKN300 25/23 Q1011 NOSIG
2026-01-13 21:42 UTC,METAR WSSS 132130Z 34005KT 310V010 9999 FEW015 BKN300 25/23 Q1011 NOSIG
2026-01-13 22:18 UTC,METAR WSSS 132200Z 34005KT 9999 FEW015 BKN300 25/23 Q1011 NOSIG
2026-01-13 22:45 UTC,METAR WSSS 132230Z 34005KT 8000 FEW015 BKN300 25/23 Q1011 NOSIG
2026-01-13 23:17 UTC,METAR WSSS 132300Z 34005KT 8000 FEW015 BKN300 25/23 Q1012 NOSIG
2026-01-13 23:38 UTC,METAR WSSS 132330Z 35005KT 9999 FEW016 BKN300 24/23 Q1012 NOSIG
2026-01-14 01:24 UTC,METAR WSSS 140100Z 36008KT 9999 FEW016 SCT280 26/23 Q1013 NOSIG
2026-01-14 03:20 UTC,METAR WSSS 140300Z 36012KT 9999 SCT018 BKN300 29/23 Q1013 NOSIG
2026-01-14 04:32 UTC,METAR WSSS 140430Z 01014KT 9999 FEW018TCU SCT050 BKN300 30/23 Q1012 NOSIG
2026-01-14 05:21 UTC,METAR WSSS 140500Z 01013KT 9999 FEW018TCU SCT040 BKN300 29/23 Q1012 NOSIG
2026-01-14 05:47 UTC,METAR WSSS 140530Z 36012KT 9999 FEW018 SCT050 BKN300 30/23 Q1012 NOSIG
2026-01-14 06:28 UTC,METAR WSSS 140600Z 36014KT 9999 FEW018TCU SCT050 BKN300 30/23 Q1011 NOSIG
2026-01-14 06:58 UTC,SPECI WSSS 140643Z 36013KT 330V030 9999 FEW018 SCT040 BKN300 31/23 Q1010 NOSIG
2026-01-14 07:29 UTC,METAR WSSS 140700Z 01014KT 9999 FEW018 SCT040 BKN300 30/23 Q1010 NOSIG
2026-01-14 07:47 UTC,METAR WSSS 140730Z 01013KT 340V040 9999 FEW018 SCT040 BKN300 30/23 Q1009 NOSIG
2026-01-14 08:25 UTC,METAR WSSS 140800Z 36014KT 9999 FEW018TCU SCT050 BKN300 30/23 Q1009 NOSIG
2026-01-14 08:54 UTC,METAR WSSS 140830Z 36013KT 9999 FEW018TCU SCT050 BKN300 29/22 Q1009 NOSIG
2026-01-14 09:25 UTC,METAR WSSS 140900Z 36013KT 9999 VCSH FEW018TCU SCT040 BKN300 29/22 Q1009 NOSIG
2026-01-14 09:50 UTC,METAR WSSS 140930Z 36012KT 9999 FEW018TCU FEW020CB SCT040 BKN300 28/22 Q1009 TEMPO TL1015 3000 TSRA
2026-01-14 10:20 UTC,METAR WSSS 141000Z 02012KT 350V050 9999 FEW018TCU FEW020CB SCT050 28/21 Q1009 TEMPO TL1030 4000 SHRA
2026-01-14 10:50 UTC,METAR WSSS 141030Z VRB03KT 8000 -SHRA FEW018TCU FEW020CB SCT030 26/23 Q1010 NOSIG
2026-01-14 11:18 UTC,METAR WSSS 141100Z 04008KT 330V070 9999 -SHRA FEW018 FEW020TCU SCT040 27/22 Q1010 NOSIG
2026-01-14 11:42 UTC,METAR WSSS 141130Z 36007KT 310V030 9999 -SHRA FEW018 FEW020TCU SCT050 26/23 Q1011 NOSIG
2026-01-14 12:38 UTC,METAR WSSS 141230Z 36009KT 9999 FEW018 BKN300 26/23 Q1011 NOSIG
2026-01-14 13:37 UTC,METAR WSSS 141330Z 01007KT 9999 FEW018 BKN300 25/23 Q1012 NOSIG
2026-01-14 14:21 UTC,METAR WSSS 141400Z 02009KT 9999 FEW018 BKN300 26/23 Q1012 NOSIG
2026-01-14 14:50 UTC,METAR WSSS 141430Z 36008KT 9999 FEW018 BKN300 25/23 Q1013 NOSIG
2026-01-14 15:21 UTC,METAR WSSS 141500Z 35008KT 9999 FEW018 BKN300 25/23 Q1012 NOSIG
2026-01-14 15:45 UTC,METAR WSSS 141530Z 35009KT 9999 FEW018 BKN300 25/23 Q1012 NOSIG
2026-01-14 16:25 UTC,METAR WSSS 141600Z 36008KT 9999 FEW018 BKN300 25/23 Q1012 NOSIG
2026-01-14 16:56 UTC,METAR WSSS 141630Z 35009KT 9999 FEW018 BKN300 25/23 Q1012 NOSIG
2026-01-14 17:26 UTC,METAR WSSS 141700Z 36008KT 9999 FEW018 BKN300 25/23 Q1012 NOSIG
2026-01-14 17:51 UTC,METAR WSSS 141730Z 36008KT 9999 FEW018 BKN300 25/23 Q1012 NOSIG
2026-01-14 18:28 UTC,METAR WSSS 141800Z 35007KT 9999 FEW018 BKN300 25/23 Q1012 NOSIG
2026-01-14 18:57 UTC,METAR WSSS 141830Z 35007KT 9999 FEW018 BKN300 25/23 Q1012 NOSIG
2026-01-14 19:20 UTC,METAR WSSS 141900Z 35006KT 9999 FEW016 BKN300 25/23 Q1011 NOSIG
2026-01-14 19:39 UTC,METAR WSSS 141930Z 35007KT 9999 FEW016 BKN300 25/23 Q1011 NOSIG
2026-01-14 20:17 UTC,METAR WSSS 142000Z 35007KT 9999 FEW016 BKN300 25/23 Q1011 NOSIG
2026-01-14 20:43 UTC,METAR WSSS 142030Z 34006KT 9999 FEW016 BKN300 25/23 Q1011 NOSIG
2026-01-14 21:18 UTC,METAR WSSS 142100Z 34006KT 9999 FEW016 BKN300 25/23 Q1011 NOSIG
2026-01-14 21:42 UTC,METAR WSSS 142130Z 34006KT 9000 FEW016 SCT070 BKN300 25/23 Q1011 NOSIG
2026-01-14 22:18 UTC,METAR WSSS 142200Z 34006KT 9000 FEW016 SCT070 BKN300 25/23 Q1011 NOSIG
2026-01-14 22:46 UTC,METAR WSSS 142230Z 34006KT 9000 FEW016 SCT080 BKN300 25/22 Q1011 NOSIG
2026-01-14 23:15 UTC,METAR WSSS 142300Z 34006KT 9000 FEW016 SCT140 BKN300 25/22 Q1011 NOSIG
2026-01-14 23:37 UTC,METAR WSSS 142330Z 34007KT 9000 FEW016 BKN300 25/23 Q1012 NOSIG
2026-01-15 01:20 UTC,METAR WSSS 150100Z 36010KT 9999 FEW018 BKN300 26/23 Q1012 NOSIG
2026-01-15 03:15 UTC,METAR WSSS 150300Z 35010KT 9999 SCT018 SCT050 27/23 Q1013 NOSIG
2026-01-15 04:26 UTC,METAR WSSS 150400Z 36012KT 9999 FEW018 SCT050 BKN140 28/22 Q1013 NOSIG
2026-01-15 04:58 UTC,METAR WSSS 150430Z 36010KT 9999 FEW018 SCT050 BKN140 28/22 Q1012 NOSIG
2026-01-15 05:30 UTC,METAR WSSS 150500Z 36009KT 9999 FEW018 SCT050 BKN140 29/23 Q1012 NOSIG
2026-01-15 05:50 UTC,METAR WSSS 150530Z 01010KT 330V030 9999 FEW018 BKN140 30/23 Q1011 NOSIG
2026-01-15 06:28 UTC,METAR WSSS 150600Z 02012KT 9999 FEW018 BKN160 30/23 Q1011 NOSIG
2026-01-15 06:57 UTC,METAR WSSS 150630Z 01011KT 330V030 9999 FEW018 SCT160 30/23 Q1010 NOSIG
2026-01-15 07:27 UTC,METAR WSSS 150700Z 36013KT 9999 FEW018 BKN300 30/23 Q1009 NOSIG
2026-01-15 07:45 UTC,METAR WSSS 150730Z 01013KT 9999 FEW018 FEW020TCU BKN300 30/23 Q1009 NOSIG
2026-01-15 08:26 UTC,METAR WSSS 150800Z 36013KT 9999 FEW018 FEW020TCU BKN300 29/23 Q1009 NOSIG
2026-01-15 08:53 UTC,METAR WSSS 150830Z 36013KT 9999 FEW018 BKN300 30/23 Q1009 NOSIG
2026-01-15 09:24 UTC,METAR WSSS 150900Z 36011KT 9999 FEW018 SCT060 BKN300 29/23 Q1008 NOSIG
2026-01-15 09:48 UTC,METAR WSSS 150930Z 36011KT 9999 FEW018 FEW020TCU BKN300 29/23 Q1009 NOSIG
2026-01-15 10:20 UTC,METAR WSSS 151000Z 01012G22KT 9999 FEW018 FEW020TCU BKN300 29/22 Q1009 NOSIG
2026-01-15 10:48 UTC,METAR WSSS 151030Z 01010KT 9999 FEW018 FEW020TCU BKN300 28/23 Q1009 NOSIG
2026-01-15 11:17 UTC,METAR WSSS 151100Z 36010KT 9999 FEW018 BKN300 27/22 Q1010 NOSIG
2026-01-15 11:40 UTC,METAR WSSS 151130Z 36009KT 9999 FEW018 BKN300 26/22 Q1010 NOSIG
2026-01-15 12:37 UTC,METAR WSSS 151230Z 02010KT 9999 FEW018 BKN300 26/23 Q1010 NOSIG
2026-01-15 13:37 UTC,METAR WSSS 151330Z 02009KT 350V050 9999 FEW016 BKN300 26/23 Q1011 NOSIG
2026-01-15 14:21 UTC,METAR WSSS 151400Z 35007KT 330V030 9999 FEW016 BKN300 25/23 Q1011 NOSIG
2026-01-15 14:49 UTC,METAR WSSS 151430Z 35007KT 9999 FEW016 BKN300 25/23 Q1012 NOSIG
2026-01-15 15:21 UTC,METAR WSSS 151500Z 35006KT 9999 FEW016 BKN300 25/22 Q1011 NOSIG
2026-01-15 15:52 UTC,METAR WSSS 151530Z 35006KT 9999 FEW016 BKN300 25/23 Q1011 NOSIG
2026-01-15 16:30 UTC,METAR WSSS 151600Z 36008KT 9999 FEW018 BKN300 25/23 Q1011 NOSIG
2026-01-15 17:04 UTC,METAR WSSS 151700Z 35006KT 9999 FEW018 BKN300 25/23 Q1011 NOSIG
2026-01-15 17:56 UTC,METAR WSSS 151730Z 35007KT 9999 FEW018 BKN300 25/23 Q1011 NOSIG
2026-01-15 18:37 UTC,METAR WSSS 151830Z 35006KT 9999 FEW018 BKN300 25/22 Q1010 NOSIG
2026-01-15 19:21 UTC,METAR WSSS 151900Z 35006KT 9999 FEW018 BKN300 25/22 Q1010 NOSIG
2026-01-15 19:44 UTC,METAR WSSS 151930Z 34006KT 9999 FEW018 BKN300 25/22 Q1010 NOSIG
2026-01-15 20:20 UTC,METAR WSSS 152000Z 35006KT 9999 FEW018 BKN300 25/22 Q1010 NOSIG
2026-01-15 20:46 UTC,METAR WSSS 152030Z 34005KT 9999 FEW018 BKN300 25/22 Q1010 NOSIG
2026-01-15 21:18 UTC,METAR WSSS 152100Z 35006KT 320V020 9999 FEW018 BKN300 25/22 Q1010 NOSIG
2026-01-15 21:42 UTC,METAR WSSS 152130Z 34006KT 9999 FEW018 BKN300 25/22 Q1010 NOSIG
2026-01-15 22:18 UTC,METAR WSSS 152200Z 35004KT 9999 FEW018 BKN300 24/22 Q1010 NOSIG
2026-01-15 22:45 UTC,METAR WSSS 152230Z 35006KT 9999 FEW018 BKN300 24/23 Q1010 NOSIG
2026-01-15 23:18 UTC,METAR WSSS 152300Z 34006KT 9999 FEW018 SCT080 BKN300 25/22 Q1010 NOSIG
2026-01-15 23:41 UTC,METAR WSSS 152330Z 33004KT 9999 FEW018 SCT080 BKN300 25/23 Q1011 NOSIG
2026-01-16 01:22 UTC,METAR WSSS 160100Z 35008KT 9999 FEW018 BKN150 26/23 Q1011 NOSIG
2026-01-16 03:14 UTC,METAR WSSS 160300Z 01013KT 9999 FEW018 BKN300 29/23 Q1012 NOSIG
2026-01-16 04:13 UTC,METAR WSSS 160400Z 02012KT 9999 SCT020 BKN300 30/22 Q1011 NOSIG
2026-01-16 04:56 UTC,METAR WSSS 160430Z 01011KT 340V040 9999 SCT020 BKN300 29/23 Q1011 NOSIG
2026-01-16 05:24 UTC,METAR WSSS 160500Z 36011KT 9999 SCT020 SCT050 29/23 Q1011 NOSIG
2026-01-16 05:47 UTC,METAR WSSS 160530Z 01012KT 9999 SCT020 SCT050 31/24 Q1010 NOSIG
2026-01-16 06:28 UTC,METAR WSSS 160600Z 01010KT 9999 FEW020 SCT060 29/23 Q1009 NOSIG
2026-01-16 06:57 UTC,METAR WSSS 160630Z 36010KT 9999 FEW018 SCT040 BKN300 31/23 Q1009 NOSIG
2026-01-16 07:27 UTC,METAR WSSS 160700Z 36014KT 9999 FEW020 SCT050 BKN300 30/23 Q1008 NOSIG
2026-01-16 07:45 UTC,METAR WSSS 160730Z 36013KT 9999 FEW020 SCT050 BKN300 29/23 Q1008 NOSIG
2026-01-16 08:25 UTC,METAR WSSS 160800Z 36013KT 9999 FEW018 FEW020TCU BKN300 30/23 Q1007 NOSIG
2026-01-16 08:52 UTC,METAR WSSS 160830Z 36013KT 9999 FEW016 FEW018TCU FEW020CB BKN300 30/23 Q1007 NOSIG
2026-01-16 09:23 UTC,METAR WSSS 160900Z 01014KT 9999 VCSH FEW015 FEW017TCU FEW018CB BKN300 29/22 Q1007 NOSIG
2026-01-16 09:47 UTC,METAR WSSS 160930Z 36014KT 9999 VCSH FEW016 FEW018TCU FEW020CB BKN300 29/23 Q1007 NOSIG
2026-01-16 10:19 UTC,METAR WSSS 161000Z 36014KT 9999 VCSH FEW016 FEW018TCU FEW020CB BKN300 28/23 Q1007 NOSIG
2026-01-16 10:48 UTC,METAR WSSS 161030Z 01012KT 9999 VCSH FEW016 FEW018TCU FEW020CB BKN300 28/22 Q1008 NOSIG
2026-01-16 11:16 UTC,METAR WSSS 161100Z 01013KT 9999 FEW016 FEW018TCU SCT050 27/22 Q1008 NOSIG
2026-01-16 11:40 UTC,METAR WSSS 161130Z 36012KT 9999 FEW016 FEW018TCU SCT050 27/22 Q1008 NOSIG
2026-01-16 12:36 UTC,METAR WSSS 161230Z 36010KT 9999 FEW016 FEW018TCU SCT160 26/23 Q1009 NOSIG
2026-01-16 13:35 UTC,METAR WSSS 161330Z 35006KT 8000 -SHRA FEW016 FEW018TCU BKN160 25/23 Q1010 NOSIG
2026-01-16 14:19 UTC,METAR WSSS 161400Z 35004KT 330V030 9999 FEW016 BKN160 25/23 Q1010 NOSIG
2026-01-16 14:48 UTC,METAR WSSS 161430Z 35005KT 320V030 9999 FEW016 BKN160 25/23 Q1011 NOSIG
2026-01-16 15:20 UTC,METAR WSSS 161500Z 35007KT 9999 FEW018 SCT160 25/23 Q1011 NOSIG
2026-01-16 15:45 UTC,METAR WSSS 161530Z 35006KT 9999 FEW018 BKN300 25/23 Q1011 NOSIG
2026-01-16 16:23 UTC,METAR WSSS 161600Z 36006KT 9999 FEW018 BKN300 25/23 Q1011 NOSIG
2026-01-16 16:53 UTC,METAR WSSS 161630Z 35007KT 9999 FEW018 BKN300 25/23 Q1010 NOSIG
2026-01-16 17:21 UTC,METAR WSSS 161700Z 35007KT 9999 FEW018 BKN300 25/23 Q1010 NOSIG
2026-01-16 17:46 UTC,METAR WSSS 161730Z 35005KT 9999 FEW018 BKN300 25/23 Q1010 NOSIG
2026-01-16 18:26 UTC,METAR WSSS 161800Z 35005KT 9999 FEW018 BKN300 25/23 Q1009 NOSIG
2026-01-16 18:55 UTC,METAR WSSS 161830Z 35006KT 9999 FEW018 BKN300 25/23 Q1009 NOSIG
2026-01-16 19:18 UTC,METAR WSSS 161900Z 35007KT 9999 FEW018 BKN300 25/23 Q1009 NOSIG
2026-01-16 19:36 UTC,METAR WSSS 161930Z 35008KT 9999 FEW018 BKN300 25/22 Q1008 NOSIG
2026-01-16 20:18 UTC,METAR WSSS 162000Z 35009KT 9999 FEW018 BKN300 25/22 Q1008 NOSIG
2026-01-16 20:41 UTC,METAR WSSS 162030Z 35009KT 9999 FEW018 BKN300 25/22 Q1008 NOSIG
2026-01-16 21:17 UTC,METAR WSSS 162100Z 35007KT 9999 FEW018 BKN300 25/22 Q1008 NOSIG
2026-01-16 21:41 UTC,METAR WSSS 162130Z 35008KT 9999 FEW018 BKN300 25/22 Q1008 NOSIG
2026-01-16 22:17 UTC,METAR WSSS 162200Z 35007KT 9999 FEW018 BKN300 25/22 Q1008 NOSIG
2026-01-16 22:44 UTC,METAR WSSS 162230Z 35007KT 9999 FEW018 BKN300 25/22 Q1008 NOSIG
2026-01-16 23:16 UTC,METAR WSSS 162300Z 34006KT 9999 FEW018 SCT150 BKN300 25/22 Q1008 NOSIG
2026-01-16 23:40 UTC,METAR WSSS 162330Z 35007KT 9999 FEW018 BKN300 25/22 Q1008 NOSIG
2026-01-17 01:18 UTC,METAR WSSS 170100Z 36009KT 9999 FEW018 SCT050 BKN300 26/23 Q1010 NOSIG
2026-01-17 03:06 UTC,METAR WSSS 170300Z 35012KT 9999 FEW020 BKN300 29/23 Q1010 NOSIG
2026-01-17 04:06 UTC,METAR WSSS 170400Z 01013KT 9999 FEW020 BKN300 30/23 Q1009 NOSIG
2026-01-17 04:51 UTC,METAR WSSS 170430Z 36014KT 9999 SCT020 BKN300 29/23 Q1009 NOSIG
2026-01-17 05:17 UTC,METAR WSSS 170500Z 01012KT 9999 FEW018TCU SCT020 BKN300 30/23 Q1009 NOSIG
2026-01-17 05:42 UTC,METAR WSSS 170530Z 01014KT 9999 FEW018TCU SCT020 BKN300 29/22 Q1009 NOSIG
2026-01-17 06:25 UTC,METAR WSSS 170600Z 36012KT 9999 SCT020 BKN300 30/23 Q1008 NOSIG
2026-01-17 06:52 UTC,METAR WSSS 170630Z 36011KT 9999 FEW020TCU SCT050 29/23 Q1007 NOSIG
2026-01-17 07:16 UTC,METAR WSSS 170700Z 36011KT 9999 FEW018TCU SCT050 29/23 Q1007 NOSIG
2026-01-17 07:38 UTC,METAR WSSS 170730Z 36012KT 9999 FEW018TCU SCT050 30/23 Q1006 NOSIG
2026-01-17 08:21 UTC,METAR WSSS 170800Z 36013KT 9999 FEW018TCU BKN300 30/23 Q1006 NOSIG
2026-01-17 08:46 UTC,METAR WSSS 170830Z 36013KT 330V030 9999 FEW020TCU BKN300 30/23 Q1006 NOSIG
2026-01-17 09:16 UTC,METAR WSSS 170900Z 01013KT 9999 FEW018TCU SCT300 29/23 Q1006 NOSIG
2026-01-17 09:40 UTC,METAR WSSS 170930Z 36012KT 9999 FEW018TCU SCT040 28/23 Q1006 NOSIG
2026-01-17 10:17 UTC,METAR WSSS 171000Z 01014KT 9999 FEW018 FEW020TCU SCT280 28/23 Q1006 NOSIG
2026-01-17 10:42 UTC,METAR WSSS 171030Z 36014KT 9999 FEW018 FEW020TCU BKN280 27/23 Q1006 NOSIG
2026-01-17 11:13 UTC,METAR WSSS 171100Z 36010KT 9999 FEW018 FEW020TCU SCT160 27/22 Q1007 NOSIG
2026-01-17 11:36 UTC,METAR WSSS 171130Z 35010KT 9999 FEW018 SCT160 27/22 Q1007 NOSIG
2026-01-17 12:32 UTC,METAR WSSS 171230Z 36008KT 9999 FEW018 SCT160 BKN300 26/22 Q1008 NOSIG
2026-01-17 13:26 UTC,METAR WSSS 171300Z 36009KT 9999 FEW018 BKN300 26/22 Q1008 NOSIG
2026-01-17 13:45 UTC,METAR WSSS 171330Z 36008KT 9999 FEW018 BKN300 26/22 Q1008 NOSIG
2026-01-17 14:15 UTC,METAR WSSS 171400Z 36007KT 9999 FEW018 BKN300 25/22 Q1009 NOSIG
2026-01-17 14:41 UTC,METAR WSSS 171430Z 35007KT 9999 FEW018 BKN300 25/23 Q1009 NOSIG
2026-01-17 15:16 UTC,METAR WSSS 171500Z 35007KT 9999 FEW018 BKN300 26/23 Q1009 NOSIG
2026-01-17 15:39 UTC,METAR WSSS 171530Z 35006KT 9999 FEW018 BKN300 25/23 Q1009 NOSIG
2026-01-17 16:18 UTC,METAR WSSS 171600Z 35008KT 9999 FEW018 BKN300 25/23 Q1009 NOSIG
2026-01-17 16:44 UTC,METAR WSSS 171630Z 35007KT 9999 FEW016 BKN300 25/22 Q1009 NOSIG
2026-01-17 17:14 UTC,METAR WSSS 171700Z 35007KT 9999 FEW016 BKN300 25/23 Q1009 NOSIG
2026-01-17 17:39 UTC,METAR WSSS 171730Z 35006KT 9999 FEW016 BKN300 25/22 Q1009 NOSIG
2026-01-17 18:23 UTC,METAR WSSS 171800Z 34005KT 9999 FEW015 BKN300 25/22 Q1009 NOSIG
2026-01-17 18:49 UTC,METAR WSSS 171830Z 34005KT 9999 FEW016 BKN300 25/23 Q1008 NOSIG
2026-01-17 19:13 UTC,METAR WSSS 171900Z 34006KT 9999 FEW016 BKN300 25/23 Q1008 NOSIG
2026-01-17 19:36 UTC,METAR WSSS 171930Z 34005KT 9999 FEW016 SCT050 BKN300 25/22 Q1007 NOSIG
2026-01-17 20:18 UTC,METAR WSSS 172000Z 34005KT 9999 FEW016 SCT050 BKN300 25/22 Q1007 NOSIG
2026-01-17 20:41 UTC,METAR WSSS 172030Z 34006KT 9999 FEW016 SCT050 BKN300 25/22 Q1007 NOSIG
2026-01-17 21:14 UTC,METAR WSSS 172100Z 34007KT 9999 FEW016 BKN300 25/22 Q1007 NOSIG
2026-01-17 21:37 UTC,METAR WSSS 172130Z 34007KT 9999 FEW016 BKN300 25/22 Q1007 NOSIG
2026-01-17 22:16 UTC,METAR WSSS 172200Z 34007KT 9999 FEW016 BKN300 25/22 Q1007 NOSIG
2026-01-17 22:42 UTC,METAR WSSS 172230Z 34008KT 9999 FEW016 BKN300 25/22 Q1007 NOSIG
2026-01-17 23:15 UTC,METAR WSSS 172300Z 34006KT 9999 FEW016 BKN300 25/22 Q1008 NOSIG
2026-01-17 23:38 UTC,METAR WSSS 172330Z 34007KT 9999 FEW016 SCT280 25/22 Q1008 NOSIG
2026-01-18 01:27 UTC,METAR WSSS 180100Z 35009KT 310V010 9999 FEW018 BKN280 26/22 Q1009 NOSIG
2026-01-18 03:23 UTC,METAR WSSS 180300Z 01014KT 9999 FEW020 BKN300 29/22 Q1009 NOSIG
2026-01-18 04:27 UTC,METAR WSSS 180400Z 01013KT 9999 FEW020 SCT280 BKN300 29/21 Q1009 NOSIG
2026-01-18 04:57 UTC,METAR WSSS 180430Z 36011KT 9999 FEW020 SCT280 BKN300 30/22 Q1009 NOSIG
2026-01-18 05:26 UTC,METAR WSSS 180500Z 01013KT 9999 FEW020 SCT280 BKN300 30/22 Q1008 NOSIG
2026-01-18 05:46 UTC,METAR WSSS 180530Z 36013KT 9999 FEW020 SCT280 30/20 Q1008 NOSIG
2026-01-18 06:25 UTC,METAR WSSS 180600Z 01013KT 9999 FEW020 SCT280 31/19 Q1007 NOSIG
2026-01-18 06:52 UTC,METAR WSSS 180630Z 01014KT 9999 FEW020 SCT280 31/18 Q1007 NOSIG
2026-01-18 07:16 UTC,METAR WSSS 180700Z 01011KT 340V040 9999 FEW020 BKN300 30/20 Q1007 NOSIG
2026-01-18 07:39 UTC,METAR WSSS 180730Z 36011KT 340V040 9999 FEW020 BKN300 31/19 Q1006 NOSIG
2026-01-18 08:21 UTC,METAR WSSS 180800Z 02012KT 9999 FEW020 BKN300 31/18 Q1006 NOSIG
2026-01-18 08:47 UTC,METAR WSSS 180830Z 01011KT 9999 FEW020 SCT280 30/20 Q1006 NOSIG
2026-01-18 09:17 UTC,METAR WSSS 180900Z 36012KT 9999 FEW020 SCT280 30/20 Q1006 NOSIG
2026-01-18 09:41 UTC,METAR WSSS 180930Z 35009KT 9999 FEW020 SCT280 29/21 Q1006 NOSIG
2026-01-18 10:17 UTC,METAR WSSS 181000Z 36012KT 9999 FEW020 SCT280 29/21 Q1006 NOSIG
2026-01-18 10:43 UTC,METAR WSSS 181030Z 36012KT 9999 FEW020 SCT280 28/21 Q1007 NOSIG
2026-01-18 11:13 UTC,METAR WSSS 181100Z 01011KT 9999 FEW020 SCT280 27/21 Q1007 NOSIG
2026-01-18 11:36 UTC,METAR WSSS 181130Z 01010KT 9999 FEW020 SCT280 BKN300 26/21 Q1008 NOSIG
2026-01-18 12:32 UTC,METAR WSSS 181230Z 01012KT 9999 FEW020 SCT080 BKN300 26/22 Q1008 NOSIG
2026-01-18 13:25 UTC,METAR WSSS 181300Z 01011KT 9999 FEW020 SCT080 BKN300 26/22 Q1009 NOSIG
2026-01-18 13:45 UTC,METAR WSSS 181330Z 01011KT 9999 FEW020 SCT080 BKN300 26/22 Q1009 NOSIG
2026-01-18 14:15 UTC,METAR WSSS 181400Z 01010KT 9999 FEW020 BKN300 25/22 Q1009 NOSIG
2026-01-18 14:40 UTC,METAR WSSS 181430Z 36010KT 9999 FEW020 BKN300 25/22 Q1009 NOSIG
2026-01-18 15:16 UTC,METAR WSSS 181500Z 01009KT 9999 FEW020 BKN300 25/22 Q1009 NOSIG
2026-01-18 15:39 UTC,METAR WSSS 181530Z 01009KT 9999 FEW020 BKN300 25/21 Q1009 NOSIG
2026-01-18 16:19 UTC,METAR WSSS 181600Z 01009KT 9999 FEW020 BKN300 25/21 Q1009 NOSIG
2026-01-18 16:45 UTC,METAR WSSS 181630Z 36009KT 9999 FEW020 BKN300 25/21 Q1009 NOSIG
2026-01-18 17:14 UTC,METAR WSSS 181700Z 35009KT 9999 FEW020 BKN300 25/21 Q1009 NOSIG
2026-01-18 17:40 UTC,METAR WSSS 181730Z 35007KT 9999 FEW020 BKN300 25/21 Q1009 NOSIG
2026-01-18 18:22 UTC,METAR WSSS 181800Z 35008KT 9999 FEW020 BKN300 25/21 Q1009 NOSIG
2026-01-18 18:48 UTC,METAR WSSS 181830Z 35006KT 320V020 9999 FEW018 BKN300 25/21 Q1008 NOSIG
2026-01-18 19:12 UTC,METAR WSSS 181900Z 34007KT 9999 FEW018 BKN300 24/21 Q1008 NOSIG
2026-01-18 19:36 UTC,METAR WSSS 181930Z 35006KT 9999 FEW018 BKN300 24/21 Q1008 NOSIG
2026-01-18 20:18 UTC,METAR WSSS 182000Z 35006KT 9999 FEW018 BKN300 24/21 Q1008 NOSIG
2026-01-18 20:42 UTC,METAR WSSS 182030Z 36005KT 9999 FEW018 BKN300 24/21 Q1008 NOSIG
2026-01-18 21:15 UTC,METAR WSSS 182100Z 35007KT 9999 FEW018 BKN300 24/21 Q1008 NOSIG
2026-01-18 21:38 UTC,METAR WSSS 182130Z 35006KT 9999 FEW018 BKN300 24/21 Q1008 NOSIG
2026-01-18 22:16 UTC,METAR WSSS 182200Z 35007KT 9999 FEW018 BKN300 24/21 Q1008 NOSIG
2026-01-18 22:42 UTC,METAR WSSS 182230Z 34005KT 9999 FEW018 BKN300 24/21 Q1008 NOSIG
2026-01-18 23:16 UTC,METAR WSSS 182300Z 34004KT 9999 FEW016 BKN300 24/21 Q1009 NOSIG
2026-01-18 23:40 UTC,METAR WSSS 182330Z 34005KT 9999 FEW016 BKN300 24/21 Q1008 NOSIG
2026-01-19 01:26 UTC,METAR WSSS 190100Z 35008KT 9999 FEW018 BKN300 26/22 Q1009 NOSIG
2026-01-19 03:23 UTC,METAR WSSS 190300Z 35010KT 320V020 9999 FEW018 BKN270 28/22 Q1010 NOSIG
2026-01-19 04:35 UTC,METAR WSSS 190430Z 01012KT 9999 FEW018 BKN270 29/22 Q1010 NOSIG
2026-01-19 05:28 UTC,METAR WSSS 190500Z 01012KT 9999 FEW018 BKN270 29/21 Q1010 NOSIG
2026-01-19 05:55 UTC,METAR WSSS 190530Z 02012KT 9999 FEW020 BKN270 30/22 Q1010 NOSIG
2026-01-19 06:34 UTC,METAR WSSS 190630Z 36011KT 9999 FEW020 BKN140 29/20 Q1009 NOSIG
2026-01-19 07:25 UTC,METAR WSSS 190700Z 01009KT 340V040 9999 FEW020 BKN140 30/21 Q1009 NOSIG
2026-01-19 07:48 UTC,METAR WSSS 190730Z 36011KT 9999 FEW020 BKN140 30/21 Q1008 NOSIG
2026-01-19 08:27 UTC,METAR WSSS 190800Z 36012KT 9999 FEW020 SCT140 BKN280 30/21 Q1008 NOSIG
2026-01-19 08:57 UTC,METAR WSSS 190830Z 01013KT 9999 FEW020 BKN280 29/21 Q1008 NOSIG
2026-01-19 09:38 UTC,METAR WSSS 190930Z 01011KT 9999 FEW020 SCT070 BKN300 29/21 Q1008 NOSIG
2026-01-19 10:23 UTC,METAR WSSS 191000Z 36011KT 9999 FEW020 SCT280 BKN300 28/21 Q1008 NOSIG
2026-01-19 10:53 UTC,METAR WSSS 191030Z 01011KT 9999 FEW020 BKN280 28/21 Q1008 NOSIG
2026-01-19 11:18 UTC,METAR WSSS 191100Z 01011KT 9999 FEW018 BKN280 27/22 Q1008 NOSIG
2026-01-19 11:42 UTC,METAR WSSS 191130Z 01013KT 9999 FEW018 BKN280 27/22 Q1009 NOSIG
2026-01-19 12:41 UTC,METAR WSSS 191230Z 01013KT 9999 FEW018 BKN280 26/22 Q1010 NOSIG
2026-01-19 13:42 UTC,METAR WSSS 191330Z 36011KT 9999 FEW018 BKN280 25/22 Q1010 NOSIG
2026-01-19 14:23 UTC,METAR WSSS 191400Z 36009KT 9999 FEW018 BKN280 25/22 Q1011 NOSIG
2026-01-19 14:52 UTC,METAR WSSS 191430Z 36011KT 9999 FEW018 SCT280 25/22 Q1011 NOSIG
2026-01-19 15:22 UTC,METAR WSSS 191500Z 36010KT 9999 FEW018 BKN300 25/22 Q1011 NOSIG
2026-01-19 15:48 UTC,METAR WSSS 191530Z 35008KT 320V020 9999 FEW018 BKN300 25/22 Q1011 NOSIG
2026-01-19 16:24 UTC,METAR WSSS 191600Z 35007KT 9999 FEW018 BKN300 25/22 Q1011 NOSIG
2026-01-19 16:54 UTC,METAR WSSS 191630Z 35007KT 9999 FEW018 BKN300 25/22 Q1011 NOSIG
2026-01-19 17:20 UTC,METAR WSSS 191700Z 35005KT 9999 FEW018 BKN300 25/22 Q1010 NOSIG
2026-01-19 17:46 UTC,METAR WSSS 191730Z 35006KT 9999 FEW018 BKN300 25/22 Q1010 NOSIG
2026-01-19 18:26 UTC,METAR WSSS 191800Z 35005KT 310V020 9999 FEW018 BKN300 25/22 Q1010 NOSIG
2026-01-19 18:55 UTC,METAR WSSS 191830Z 34005KT 310V030 9999 FEW018 BKN300 25/22 Q1010 NOSIG
2026-01-19 19:18 UTC,METAR WSSS 191900Z 36004KT 9999 FEW018 BKN300 24/22 Q1009 NOSIG
2026-01-19 19:39 UTC,METAR WSSS 191930Z 35003KT 320V020 9999 FEW018 BKN300 24/21 Q1009 NOSIG
2026-01-19 20:20 UTC,METAR WSSS 192000Z 35004KT 320V020 9999 FEW018 BKN300 24/22 Q1009 NOSIG
2026-01-19 20:44 UTC,METAR WSSS 192030Z 35004KT 9999 FEW018 BKN300 24/21 Q1009 NOSIG
2026-01-19 21:16 UTC,METAR WSSS 192100Z 35005KT 9999 FEW018 BKN300 23/21 Q1009 NOSIG
2026-01-19 21:40 UTC,METAR WSSS 192130Z 36006KT 9999 FEW018 BKN300 23/21 Q1009 NOSIG
2026-01-19 22:17 UTC,METAR WSSS 192200Z 36006KT 9999 FEW018 BKN300 23/21 Q1009 NOSIG
2026-01-19 22:44 UTC,METAR WSSS 192230Z 35004KT 9999 FEW018 BKN300 24/21 Q1009 NOSIG
2026-01-19 23:17 UTC,METAR WSSS 192300Z 36005KT 9999 FEW018 BKN300 23/21 Q1010 NOSIG
2026-01-19 23:41 UTC,METAR WSSS 192330Z 35006KT 9999 FEW018 BKN300 24/21 Q1010 NOSIG
2026-01-20 01:21 UTC,METAR WSSS 200100Z 36011KT 9999 FEW018 BKN300 26/22 Q1011 NOSIG
2026-01-20 03:17 UTC,METAR WSSS 200300Z 01012KT 330V030 9999 FEW020 BKN300 28/22 Q1012 NOSIG
2026-01-20 04:30 UTC,METAR WSSS 200400Z 01011KT 340V040 9999 FEW020 BKN300 29/22 Q1012 NOSIG
2026-01-20 05:03 UTC,METAR WSSS 200430Z 01012KT 9999 FEW020 BKN300 29/21 Q1011 NOSIG
2026-01-20 05:51 UTC,METAR WSSS 200530Z 01013KT 9999 FEW020 BKN300 30/22 Q1010 NOSIG
2026-01-20 06:30 UTC,METAR WSSS 200600Z 01014KT 9999 FEW020 BKN300 30/20 Q1010 NOSIG
2026-01-20 07:24 UTC,METAR WSSS 200700Z 01012KT 9999 FEW020 BKN300 31/21 Q1009 NOSIG
2026-01-20 07:48 UTC,METAR WSSS 200730Z 01011KT 340V040 9999 FEW020 BKN300 30/21 Q1009 NOSIG
2026-01-20 08:27 UTC,METAR WSSS 200800Z 36013KT 9999 FEW020 SCT080 BKN300 29/21 Q1009 NOSIG
2026-01-20 08:58 UTC,METAR WSSS 200830Z 35011KT 9999 FEW020 SCT060 BKN300 29/21 Q1009 NOSIG
2026-01-20 09:37 UTC,METAR WSSS 200930Z 01011KT 9999 FEW018TCU FEW020CB BKN280 28/21 Q1008 NOSIG
2026-01-20 10:23 UTC,METAR WSSS 201000Z 36011KT 9999 FEW018TCU FEW020CB BKN280 28/21 Q1009 NOSIG
2026-01-20 10:53 UTC,METAR WSSS 201030Z 01010KT 9999 VCSH FEW017TCU FEW018CB BKN280 28/22 Q1009 NOSIG
2026-01-20 11:20 UTC,METAR WSSS 201100Z 01010KT 9999 VCSH FEW018TCU FEW020CB SCT040 BKN280 27/21 Q1009 NOSIG
2026-01-20 11:43 UTC,METAR WSSS 201130Z 36009KT 9999 FEW016 FEW020TCU SCT040 BKN280 27/21 Q1009 NOSIG
2026-01-20 12:41 UTC,METAR WSSS 201230Z 35008KT 9999 SCT016 SCT030 26/22 Q1010 NOSIG
2026-01-20 13:42 UTC,METAR WSSS 201330Z 36007KT 9999 FEW016 SCT060 BKN150 25/22 Q1011 NOSIG
2026-01-20 14:27 UTC,METAR WSSS 201400Z 36007KT 9999 FEW016 SCT150 BKN300 25/22 Q1011 NOSIG
2026-01-20 14:57 UTC,METAR WSSS 201430Z 35005KT 9999 FEW016 SCT150 BKN300 26/22 Q1012 NOSIG
2026-01-20 15:33 UTC,METAR WSSS 201530Z 35006KT 9999 FEW016 SCT040 BKN300 25/21 Q1012 NOSIG
2026-01-20 16:30 UTC,METAR WSSS 201600Z 34005KT 9999 FEW016 BKN300 25/21 Q1012 NOSIG
2026-01-20 17:01 UTC,METAR WSSS 201700Z 35004KT 9999 FEW016 SCT040 BKN300 25/22 Q1012 NOSIG
2026-01-20 17:53 UTC,METAR WSSS 201730Z 35005KT 9999 FEW016 SCT040 BKN300 25/21 Q1011 NOSIG
2026-01-20 18:30 UTC,METAR WSSS 201800Z 35006KT 9999 FEW016 BKN300 24/21 Q1011 NOSIG
2026-01-20 19:47 UTC,METAR WSSS 201930Z 35007KT 9999 FEW016 BKN300 24/21 Q1009 NOSIG
2026-01-20 20:40 UTC,METAR WSSS 202030Z 35007KT 9999 FEW016 BKN300 24/21 Q1009 NOSIG
2026-01-20 21:17 UTC,METAR WSSS 202100Z 35007KT 9999 FEW016 BKN300 24/21 Q1009 NOSIG
2026-01-20 21:41 UTC,METAR WSSS 202130Z 35005KT 9999 FEW016 BKN300 24/21 Q1009 NOSIG
2026-01-20 22:20 UTC,METAR WSSS 202200Z 34005KT 9999 FEW016 BKN300 24/21 Q1010 NOSIG
2026-01-20 22:43 UTC,METAR WSSS 202230Z 34004KT 9999 FEW016 BKN300 24/21 Q1010 NOSIG
2026-01-20 23:18 UTC,METAR WSSS 202300Z 34004KT 9999 FEW016 BKN300 24/21 Q1010 NOSIG
2026-01-20 23:43 UTC,METAR WSSS 202330Z 33005KT 9999 FEW016 BKN300 24/21 Q1011 NOSIG
2026-01-21 01:24 UTC,METAR WSSS 210100Z 36009KT 9999 FEW018 BKN300 26/22 Q1012 NOSIG
2026-01-21 03:16 UTC,METAR WSSS 210300Z 34011KT 9999 FEW018 BKN300 28/22 Q1012 NOSIG
2026-01-21 04:29 UTC,METAR WSSS 210400Z 36012KT 9999 FEW020 SCT280 30/21 Q1012 NOSIG
2026-01-21 05:02 UTC,METAR WSSS 210500Z 36012KT 9999 FEW020 BKN280 30/21 Q1012 NOSIG
2026-01-21 05:50 UTC,METAR WSSS 210530Z 36013KT 9999 FEW020 BKN280 30/21 Q1011 NOSIG
2026-01-21 06:30 UTC,METAR WSSS 210600Z 01012KT 330V040 9999 FEW020 SCT280 BKN300 31/22 Q1011 NOSIG
2026-01-21 07:24 UTC,METAR WSSS 210700Z 01013KT 340V040 9999 FEW020 SCT280 BKN300 30/21 Q1010 NOSIG
2026-01-21 07:48 UTC,METAR WSSS 210730Z 01013KT 340V040 9999 FEW020 BKN300 31/21 Q1009 NOSIG
2026-01-21 08:27 UTC,METAR WSSS 210800Z 01014KT 340V040 9999 FEW020 BKN300 30/21 Q1009 NOSIG
2026-01-21 08:56 UTC,METAR WSSS 210830Z 36012KT 9999 FEW020 BKN300 29/21 Q1009 NOSIG
2026-01-21 09:33 UTC,METAR WSSS 210930Z 36015KT 9999 FEW020 SCT280 29/21 Q1009 NOSIG
2026-01-21 10:23 UTC,METAR WSSS 211000Z 01013KT 9999 FEW020 BKN280 28/20 Q1009 NOSIG
2026-01-21 10:54 UTC,METAR WSSS 211030Z 36014KT 9999 FEW020 BKN280 27/21 Q1010 NOSIG
2026-01-21 11:20 UTC,METAR WSSS 211100Z 36012KT 9999 FEW020 BKN280 27/22 Q1010 NOSIG
2026-01-21 11:44 UTC,METAR WSSS 211130Z 36014KT 9999 FEW018 BKN280 26/21 Q1010 NOSIG
2026-01-21 12:41 UTC,METAR WSSS 211230Z 35009KT 9999 FEW018 BKN280 26/21 Q1011 NOSIG
2026-01-21 13:41 UTC,METAR WSSS 211330Z 35006KT 310V010 9999 FEW018 SCT280 BKN300 25/21 Q1012 NOSIG
2026-01-21 14:26 UTC,METAR WSSS 211400Z 34006KT 300V010 9999 FEW018 SCT280 25/21 Q1012 NOSIG
2026-01-21 14:57 UTC,METAR WSSS 211430Z 35005KT 9999 FEW018 SCT280 25/21 Q1013 NOSIG
2026-01-21 15:34 UTC,METAR WSSS 211530Z 34007KT 9999 FEW018 BKN300 25/21 Q1013 NOSIG
2026-01-21 16:40 UTC,METAR WSSS 211630Z 34008KT 9999 FEW018 BKN300 25/21 Q1012 NOSIG
2026-01-21 17:51 UTC,METAR WSSS 211730Z 34007KT 300V360 9999 FEW018 BKN300 25/21 Q1012 NOSIG
2026-01-21 18:37 UTC,METAR WSSS 211830Z 34008KT 9999 FEW018 BKN300 24/21 Q1011 NOSIG
2026-01-21 19:24 UTC,METAR WSSS 211900Z 34007KT 9999 FEW018 BKN300 24/21 Q1011 NOSIG
2026-01-21 19:49 UTC,METAR WSSS 211930Z 34007KT 300V360 9999 FEW018 BKN300 24/21 Q1011 NOSIG
2026-01-21 20:26 UTC,METAR WSSS 212000Z 34008KT 9999 FEW018 BKN300 24/21 Q1010 NOSIG
2026-01-21 20:55 UTC,METAR WSSS 212030Z 34007KT 9999 FEW018 BKN300 24/21 Q1010 NOSIG
2026-01-21 21:25 UTC,METAR WSSS 212100Z 34007KT 9999 FEW018 BKN300 24/21 Q1010 NOSIG
2026-01-21 21:50 UTC,METAR WSSS 212130Z 34006KT 9999 FEW018 BKN300 24/21 Q1010 NOSIG
2026-01-21 22:20 UTC,METAR WSSS 212200Z 34006KT 9999 FEW018 BKN300 24/21 Q1010 NOSIG
2026-01-21 22:51 UTC,METAR WSSS 212230Z 34006KT 9999 FEW018 BKN300 24/21 Q1011 NOSIG
2026-01-21 23:21 UTC,METAR WSSS 212300Z 34006KT 9999 FEW018 BKN300 24/21 Q1011 NOSIG
2026-01-21 23:45 UTC,METAR WSSS 212330Z 34007KT 9999 FEW018 BKN300 24/21 Q1011 NOSIG
2026-01-22 01:24 UTC,METAR WSSS 220100Z 34007KT 9999 FEW020 BKN300 25/21 Q1012 NOSIG
2026-01-22 03:20 UTC,METAR WSSS 220300Z 36013KT 330V030 9999 SCT018 BKN300 29/22 Q1013 NOSIG
2026-01-22 04:32 UTC,METAR WSSS 220430Z 01015KT 9999 FEW020 BKN300 30/21 Q1012 NOSIG
2026-01-22 05:25 UTC,METAR WSSS 220500Z 36016KT 320V020 9999 FEW020 BKN300 30/21 Q1012 NOSIG
2026-01-22 05:51 UTC,METAR WSSS 220530Z 01017KT 9999 FEW020 BKN300 30/21 Q1011 NOSIG
2026-01-22 06:29 UTC,METAR WSSS 220600Z 01015KT 9999 FEW020 BKN300 31/21 Q1011 NOSIG
2026-01-22 07:00 UTC,METAR WSSS 220630Z 35014KT 9999 SCT020 BKN300 31/20 Q1011 NOSIG
2026-01-22 07:47 UTC,METAR WSSS 220730Z 35012KT 9999 SCT020 BKN300 29/21 Q1010 NOSIG
2026-01-22 08:27 UTC,METAR WSSS 220800Z 36016KT 9999 FEW020 BKN300 29/21 Q1010 NOSIG
2026-01-22 08:58 UTC,METAR WSSS 220830Z 36012KT 9999 FEW020 SCT040 BKN300 29/21 Q1010 NOSIG
2026-01-22 09:37 UTC,METAR WSSS 220930Z 36014KT 9999 FEW020 SCT030 BKN300 28/21 Q1010 NOSIG
2026-01-22 10:23 UTC,METAR WSSS 221000Z 36013KT 9999 FEW020 SCT030 BKN300 28/21 Q1010 NOSIG
2026-01-22 10:53 UTC,METAR WSSS 221030Z 36014KT 9999 FEW020 SCT030 BKN300 27/21 Q1011 NOSIG
2026-01-22 11:20 UTC,METAR WSSS 221100Z 36013KT 9999 FEW020 SCT030 BKN300 27/21 Q1011 NOSIG
2026-01-22 11:43 UTC,METAR WSSS 221130Z 35009KT 9999 FEW018 BKN300 26/21 Q1011 NOSIG
2026-01-22 12:40 UTC,METAR WSSS 221230Z 35009KT 9999 FEW018 BKN300 26/21 Q1012 NOSIG
2026-01-22 13:42 UTC,METAR WSSS 221330Z 34008KT 9999 FEW018 BKN300 26/21 Q1013 NOSIG
2026-01-22 14:26 UTC,METAR WSSS 221400Z 34007KT 9999 FEW018 BKN300 25/21 Q1013 NOSIG
2026-01-22 14:56 UTC,METAR WSSS 221430Z 35008KT 9999 FEW018 BKN300 25/22 Q1013 NOSIG
2026-01-22 15:29 UTC,METAR WSSS 221500Z 34007KT 9999 FEW018 BKN300 25/22 Q1013 NOSIG
2026-01-22 15:56 UTC,METAR WSSS 221530Z 34008KT 9999 FEW018 BKN300 25/21 Q1013 NOSIG
2026-01-22 16:34 UTC,METAR WSSS 221630Z 34008KT 9999 FEW018 BKN300 25/21 Q1013 NOSIG
2026-01-22 17:25 UTC,METAR WSSS 221700Z 34008KT 9999 FEW018 BKN300 25/21 Q1013 NOSIG
2026-01-22 17:53 UTC,METAR WSSS 221730Z 34008KT 310V010 9999 FEW018 BKN300 25/21 Q1013 NOSIG
2026-01-22 18:27 UTC,METAR WSSS 221800Z 34008KT 9999 FEW018 BKN300 25/21 Q1012 NOSIG
2026-01-22 18:59 UTC,METAR WSSS 221830Z 34006KT 9999 FEW018 BKN300 25/21 Q1012 NOSIG
2026-01-22 19:30 UTC,METAR WSSS 221900Z 34007KT 9999 FEW020 BKN300 24/21 Q1012 NOSIG
2026-01-22 20:22 UTC,METAR WSSS 222000Z 34007KT 9999 FEW020 BKN300 24/21 Q1011 NOSIG
2026-01-22 20:49 UTC,METAR WSSS 222030Z 34007KT 9999 FEW020 BKN300 24/21 Q1011 NOSIG
2026-01-22 21:19 UTC,METAR WSSS 222100Z 34008KT 310V010 9999 FEW020 BKN300 24/21 Q1011 NOSIG
2026-01-22 21:45 UTC,METAR WSSS 222130Z 34007KT 9999 FEW020 BKN300 24/21 Q1011 NOSIG
2026-01-22 22:19 UTC,METAR WSSS 222200Z 34007KT 310V010 9999 FEW020 BKN300 24/21 Q1011 NOSIG
2026-01-22 23:17 UTC,METAR WSSS 222300Z 34007KT 9999 FEW018 BKN300 24/21 Q1012 NOSIG
2026-01-22 23:41 UTC,METAR WSSS 222330Z 33007KT 9999 FEW018 BKN300 24/21 Q1012 NOSIG
2026-01-23 01:22 UTC,METAR WSSS 230100Z 34009KT 9999 FEW020 BKN300 25/21 Q1013 NOSIG
2026-01-23 03:16 UTC,METAR WSSS 230300Z 35012KT 300V020 9999 FEW020 BKN150 29/22 Q1014 NOSIG
2026-01-23 04:27 UTC,METAR WSSS 230400Z 36017KT 9999 FEW020 BKN300 31/21 Q1014 NOSIG
2026-01-23 05:00 UTC,METAR WSSS 230430Z 01020KT 9999 FEW020 BKN300 30/21 Q1013 NOSIG
2026-01-23 05:36 UTC,METAR WSSS 230530Z 01019KT 9999 FEW022 SCT160 BKN300 31/21 Q1013 NOSIG
2026-01-23 06:28 UTC,METAR WSSS 230600Z 01018KT 9999 FEW022 SCT160 BKN300 31/21 Q1012 NOSIG
2026-01-23 06:59 UTC,METAR WSSS 230630Z 01017KT 9999 FEW022 BKN160 31/21 Q1012 NOSIG
2026-01-23 07:33 UTC,METAR WSSS 230730Z 36015KT 9999 FEW022 BKN300 31/22 Q1011 NOSIG
2026-01-23 08:25 UTC,METAR WSSS 230800Z 36015KT 9999 FEW022 BKN300 30/22 Q1011 NOSIG
2026-01-23 08:53 UTC,METAR WSSS 230830Z 36014KT 9999 FEW022 BKN300 30/22 Q1011 NOSIG
2026-01-23 09:26 UTC,METAR WSSS 230900Z 35011KT 310V020 9999 FEW022 BKN300 30/21 Q1011 NOSIG
2026-01-23 09:51 UTC,METAR WSSS 230930Z 36013KT 9999 FEW022 BKN300 30/21 Q1011 NOSIG
2026-01-23 10:20 UTC,METAR WSSS 231000Z 35010KT 9999 FEW020 SCT280 29/21 Q1011 NOSIG
2026-01-23 10:50 UTC,METAR WSSS 231030Z 36013KT 9999 FEW020 SCT280 28/22 Q1011 NOSIG
2026-01-23 11:17 UTC,METAR WSSS 231100Z 36011KT 9999 FEW020 BKN300 27/21 Q1012 NOSIG
2026-01-23 11:42 UTC,METAR WSSS 231130Z 34009KT 9999 FEW020 BKN300 27/21 Q1012 NOSIG
2026-01-23 12:38 UTC,METAR WSSS 231230Z 35009KT 9999 FEW018 BKN300 26/22 Q1013 NOSIG
2026-01-23 13:39 UTC,METAR WSSS 231330Z 35009KT 320V020 9999 FEW018 SCT030 BKN300 26/22 Q1013 NOSIG
2026-01-23 14:21 UTC,METAR WSSS 231400Z 35008KT 9999 FEW018 BKN300 26/22 Q1014 NOSIG
2026-01-23 14:51 UTC,METAR WSSS 231430Z 35008KT 9999 FEW018 BKN300 26/22 Q1014 NOSIG
2026-01-23 15:21 UTC,METAR WSSS 231500Z 35009KT 9999 FEW018 BKN300 26/22 Q1014 NOSIG
2026-01-23 15:48 UTC,METAR WSSS 231530Z 35009KT 9999 FEW018 BKN300 26/22 Q1014 NOSIG
2026-01-23 16:25 UTC,METAR WSSS 231600Z 34008KT 9999 FEW018 BKN300 25/22 Q1014 NOSIG
2026-01-23 16:56 UTC,METAR WSSS 231630Z 35009KT 9999 FEW018 BKN300 25/22 Q1014 NOSIG
2026-01-23 17:24 UTC,METAR WSSS 231700Z 35008KT 9999 FEW018 BKN300 25/22 Q1014 NOSIG
2026-01-23 17:46 UTC,METAR WSSS 231730Z 35009KT 9999 FEW018 BKN300 25/22 Q1013 NOSIG
2026-01-23 18:27 UTC,METAR WSSS 231800Z 35009KT 9999 FEW018 BKN300 25/22 Q1013 NOSIG
2026-01-23 18:58 UTC,METAR WSSS 231830Z 35009KT 9999 FEW018 BKN300 25/22 Q1013 NOSIG
2026-01-23 19:28 UTC,METAR WSSS 231900Z 35008KT 320V020 9999 FEW018 BKN300 25/22 Q1013 NOSIG
2026-01-23 19:42 UTC,METAR WSSS 231930Z 35010KT 9999 FEW018 BKN300 25/22 Q1012 NOSIG
2026-01-23 20:21 UTC,METAR WSSS 232000Z 36011KT 9999 FEW018 BKN300 25/22 Q1012 NOSIG
2026-01-23 20:46 UTC,METAR WSSS 232030Z 35009KT 9999 FEW018 BKN300 25/22 Q1012 NOSIG
2026-01-23 21:17 UTC,METAR WSSS 232100Z 35010KT 9999 FEW018 BKN300 25/22 Q1012 NOSIG
2026-01-23 21:41 UTC,METAR WSSS 232130Z 36010KT 9999 FEW018 BKN300 25/22 Q1012 NOSIG
2026-01-23 22:15 UTC,METAR WSSS 232200Z 35010KT 9999 FEW018 BKN300 25/22 Q1013 NOSIG
2026-01-23 22:42 UTC,METAR WSSS 232230Z 35009KT 9999 FEW018 BKN300 25/22 Q1013 NOSIG
2026-01-23 23:18 UTC,METAR WSSS 232300Z 35007KT 9999 FEW018 BKN300 25/22 Q1013 NOSIG
2026-01-23 23:41 UTC,METAR WSSS 232330Z 35008KT 9999 FEW018 BKN300 25/22 Q1013 NOSIG
2026-01-24 01:20 UTC,METAR WSSS 240100Z 35009KT 320V020 9999 FEW018 BKN300 27/22 Q1014 NOSIG
2026-01-24 03:10 UTC,METAR WSSS 240300Z 36013KT 9999 SCT018 BKN300 29/22 Q1015 NOSIG
2026-01-24 04:10 UTC,METAR WSSS 240400Z 36015KT 9999 SCT020 BKN300 31/22 Q1014 NOSIG
2026-01-24 04:52 UTC,METAR WSSS 240430Z 36017KT 9999 SCT020 BKN300 31/22 Q1014 NOSIG
2026-01-24 05:18 UTC,METAR WSSS 240500Z 01018KT 9999 SCT020 BKN300 31/21 Q1013 NOSIG
2026-01-24 05:43 UTC,METAR WSSS 240530Z 01016KT 9999 SCT020 BKN300 31/22 Q1013 NOSIG
2026-01-24 06:26 UTC,METAR WSSS 240600Z 01017KT 9999 SCT020 BKN300 32/22 Q1012 NOSIG
2026-01-24 06:53 UTC,METAR WSSS 240630Z 01018KT 9999 FEW020 BKN300 31/22 Q1012 NOSIG
2026-01-24 07:17 UTC,METAR WSSS 240700Z 01015KT 9999 FEW020 BKN300 31/22 Q1011 NOSIG
2026-01-24 07:39 UTC,METAR WSSS 240730Z 01017KT 9999 FEW020 BKN300 30/21 Q1011 NOSIG
2026-01-24 08:21 UTC,METAR WSSS 240800Z 01018KT 8000 FEW020 BKN300 31/22 Q1011 NOSIG
2026-01-24 08:48 UTC,METAR WSSS 240830Z 36017KT 9000 FEW020 BKN300 31/22 Q1011 NOSIG
2026-01-24 09:17 UTC,METAR WSSS 240900Z 36017KT 8000 FEW020 SCT280 29/22 Q1011 NOSIG
2026-01-24 09:41 UTC,METAR WSSS 240930Z 36014KT 9999 FEW020 SCT280 29/22 Q1011 NOSIG
2026-01-24 10:17 UTC,METAR WSSS 241000Z 36015KT 7000 FEW020 SCT280 28/22 Q1011 NOSIG
2026-01-24 10:44 UTC,METAR WSSS 241030Z 36015KT 7000 FEW018 SCT280 28/22 Q1011 NOSIG
2026-01-24 11:14 UTC,METAR WSSS 241100Z 35010KT 320V020 7000 FEW018 SCT280 27/22 Q1011 NOSIG
2026-01-24 11:37 UTC,METAR WSSS 241130Z 35011KT 8000 FEW018 SCT080 BKN280 27/22 Q1012 NOSIG
2026-01-24 12:33 UTC,METAR WSSS 241230Z 34011KT 8000 FEW018 SCT080 BKN300 26/22 Q1012 NOSIG
2026-01-24 13:28 UTC,METAR WSSS 241300Z 35009KT 8000 FEW018 SCT080 BKN300 26/22 Q1012 NOSIG
2026-01-24 13:48 UTC,METAR WSSS 241330Z 35009KT 8000 FEW018 SCT080 BKN300 26/23 Q1013 NOSIG
2026-01-24 14:16 UTC,METAR WSSS 241400Z 34009KT 8000 FEW018 BKN300 26/22 Q1013 NOSIG
2026-01-24 14:42 UTC,METAR WSSS 241430Z 34010KT 310V010 8000 FEW018 BKN300 26/22 Q1013 NOSIG
2026-01-24 15:16 UTC,METAR WSSS 241500Z 34010KT 8000 FEW018 BKN300 26/22 Q1013 NOSIG
2026-01-24 15:40 UTC,METAR WSSS 241530Z 34008KT 8000 FEW018 BKN300 26/22 Q1013 NOSIG
2026-01-24 16:20 UTC,METAR WSSS 241600Z 35008KT 9999 FEW018 BKN300 26/22 Q1013 NOSIG
2026-01-24 16:46 UTC,METAR WSSS 241630Z 35009KT 9999 FEW018 BKN300 26/22 Q1013 NOSIG
2026-01-24 17:14 UTC,METAR WSSS 241700Z 35011KT 9999 FEW018 BKN300 26/22 Q1013 NOSIG
2026-01-24 17:40 UTC,METAR WSSS 241730Z 35011KT 9999 FEW018 BKN300 26/22 Q1012 NOSIG
2026-01-24 18:24 UTC,METAR WSSS 241800Z 36012KT 9999 FEW018 SCT080 BKN300 26/23 Q1012 NOSIG
2026-01-24 18:51 UTC,METAR WSSS 241830Z 36010KT 9999 FEW016 BKN080 26/23 Q1012 NOSIG
2026-01-24 19:13 UTC,METAR WSSS 241900Z 36010KT 9999 FEW016 BKN080 26/22 Q1012 NOSIG
2026-01-24 19:36 UTC,METAR WSSS 241930Z 36011KT 9999 FEW016 SCT080 BKN300 26/23 Q1012 NOSIG
2026-01-24 20:17 UTC,METAR WSSS 242000Z 36011KT 9999 FEW016 SCT080 BKN300 25/22 Q1012 NOSIG
2026-01-24 20:41 UTC,METAR WSSS 242030Z 36010KT 9999 FEW016 SCT060 BKN300 25/22 Q1012 NOSIG
2026-01-24 21:14 UTC,METAR WSSS 242100Z 36011KT 9999 FEW016 BKN300 25/22 Q1012 NOSIG
2026-01-24 21:37 UTC,METAR WSSS 242130Z 36010KT 9999 FEW016 BKN300 25/22 Q1012 NOSIG
2026-01-24 22:16 UTC,METAR WSSS 242200Z 02009KT 9999 FEW016 BKN300 25/22 Q1012 NOSIG
2026-01-24 22:42 UTC,METAR WSSS 242230Z 01010KT 9999 FEW016 BKN300 25/22 Q1012 NOSIG
2026-01-24 23:16 UTC,METAR WSSS 242300Z 01008KT 9999 FEW016 BKN300 25/22 Q1012 NOSIG
2026-01-24 23:39 UTC,METAR WSSS 242330Z 01008KT 9999 FEW016 BKN300 25/22 Q1012 NOSIG
2026-01-25 01:39 UTC,METAR WSSS 250130Z 36010KT 9999 FEW016 BKN300 28/22 Q1014 NOSIG
2026-01-25 03:50 UTC,METAR WSSS 250330Z 36015KT 9999 SCT018 BKN150 28/22 Q1014 NOSIG
2026-01-25 04:49 UTC,METAR WSSS 250430Z 36014KT 330V030 9999 SCT018 SCT280 30/22 Q1013 NOSIG
2026-01-25 05:25 UTC,METAR WSSS 250500Z 36014KT 9999 SCT018 SCT280 31/22 Q1013 NOSIG
2026-01-25 05:49 UTC,METAR WSSS 250530Z 36013KT 9999 SCT018 SCT280 30/22 Q1013 NOSIG
2026-01-25 06:26 UTC,METAR WSSS 250600Z 36014KT 9999 SCT018 SCT280 31/22 Q1012 NOSIG
2026-01-25 06:54 UTC,METAR WSSS 250630Z 36012KT 330V050 9999 SCT020 SCT280 30/22 Q1012 NOSIG
2026-01-25 07:19 UTC,METAR WSSS 250700Z 01016KT 9999 SCT020 BKN300 30/22 Q1011 NOSIG
2026-01-25 07:40 UTC,METAR WSSS 250730Z 36013KT 9999 FEW020 BKN300 30/22 Q1011 NOSIG
2026-01-25 08:22 UTC,METAR WSSS 250800Z 36015KT 9999 SCT020 SCT300 29/22 Q1011 NOSIG
2026-01-25 08:48 UTC,METAR WSSS 250830Z 36015KT 9999 FEW020 SCT300 30/22 Q1011 NOSIG
2026-01-25 09:18 UTC,METAR WSSS 250900Z 35012KT 9999 FEW020 SCT280 29/22 Q1011 NOSIG
2026-01-25 09:42 UTC,METAR WSSS 250930Z 36014KT 9999 FEW020 BKN280 29/22 Q1011 NOSIG
2026-01-25 10:18 UTC,METAR WSSS 251000Z 36013KT 9999 FEW018 BKN280 28/22 Q1011 NOSIG
2026-01-25 10:44 UTC,METAR WSSS 251030Z 36013KT 9999 FEW018 BKN280 28/22 Q1011 NOSIG
2026-01-25 11:14 UTC,METAR WSSS 251100Z 01013KT 9999 FEW018 BKN280 27/22 Q1012 NOSIG
2026-01-25 11:37 UTC,METAR WSSS 251130Z 01012KT 340V040 9999 FEW018 BKN280 27/22 Q1012 NOSIG
2026-01-25 12:35 UTC,METAR WSSS 251230Z 36011KT 9999 FEW018 SCT280 BKN300 26/23 Q1012 NOSIG
2026-01-25 13:29 UTC,METAR WSSS 251300Z 36008KT 9999 FEW018 BKN300 26/22 Q1013 NOSIG
2026-01-25 13:50 UTC,METAR WSSS 251330Z 36009KT 9999 FEW018 BKN300 26/22 Q1013 NOSIG
2026-01-25 14:15 UTC,METAR WSSS 251400Z 36010KT 9999 FEW018 BKN300 26/22 Q1014 NOSIG
2026-01-25 14:42 UTC,METAR WSSS 251430Z 36008KT 9999 FEW018 BKN300 25/22 Q1014 NOSIG
2026-01-25 15:16 UTC,METAR WSSS 251500Z 36009KT 9999 FEW018 BKN300 25/22 Q1014 NOSIG
2026-01-25 15:41 UTC,METAR WSSS 251530Z 36009KT 9999 FEW018 BKN300 25/22 Q1014 NOSIG
2026-01-25 16:20 UTC,METAR WSSS 251600Z 01008KT 9999 FEW018 BKN300 25/22 Q1013 NOSIG
2026-01-25 16:48 UTC,METAR WSSS 251630Z 36008KT 9999 FEW018 BKN300 25/22 Q1013 NOSIG
2026-01-25 17:15 UTC,METAR WSSS 251700Z 36008KT 9999 FEW018 BKN300 24/22 Q1013 NOSIG
2026-01-25 17:41 UTC,METAR WSSS 251730Z 01008KT 9999 FEW018 BKN300 24/22 Q1013 NOSIG
2026-01-25 18:24 UTC,METAR WSSS 251800Z 36008KT 9999 FEW018 BKN300 24/22 Q1012 NOSIG
2026-01-25 18:51 UTC,METAR WSSS 251830Z 36007KT 9999 FEW018 BKN300 24/22 Q1012 NOSIG
2026-01-25 19:14 UTC,METAR WSSS 251900Z 36007KT 9999 FEW016 BKN300 24/22 Q1012 NOSIG
2026-01-25 19:37 UTC,METAR WSSS 251930Z 36006KT 9999 FEW016 BKN300 24/22 Q1012 NOSIG
2026-01-25 20:19 UTC,METAR WSSS 252000Z 36007KT 9999 FEW016 BKN300 24/21 Q1012 NOSIG
2026-01-25 20:43 UTC,METAR WSSS 252030Z 36007KT 9999 FEW016 BKN300 24/22 Q1011 NOSIG
2026-01-25 21:15 UTC,METAR WSSS 252100Z 01009KT 9999 FEW016 BKN300 24/22 Q1012 NOSIG
2026-01-25 21:39 UTC,METAR WSSS 252130Z 36009KT 9999 FEW016 BKN300 24/22 Q1012 NOSIG
2026-01-25 22:16 UTC,METAR WSSS 252200Z 36009KT 9999 FEW016 BKN300 25/22 Q1012 NOSIG
2026-01-25 22:43 UTC,METAR WSSS 252230Z 36010KT 9999 FEW016 BKN300 25/22 Q1012 NOSIG
2026-01-25 23:17 UTC,METAR WSSS 252300Z 36009KT 9999 FEW016 BKN300 24/22 Q1012 NOSIG
2026-01-25 23:40 UTC,METAR WSSS 252330Z 36008KT 9999 FEW016 BKN300 24/22 Q1012 NOSIG
2026-01-26 01:28 UTC,METAR WSSS 260100Z 01012KT 9999 FEW018 BKN300 27/22 Q1014 NOSIG
2026-01-26 03:33 UTC,METAR WSSS 260330Z 01016KT 9999 SCT020 BKN300 30/21 Q1014 NOSIG
2026-01-26 04:52 UTC,METAR WSSS 260430Z 36015KT 9999 SCT020 BKN300 30/21 Q1013 NOSIG
2026-01-26 05:30 UTC,METAR WSSS 260500Z 36015KT 9999 SCT022 BKN300 31/21 Q1013 NOSIG
2026-01-26 06:31 UTC,METAR WSSS 260630Z 36016KT 9999 FEW022 BKN300 31/21 Q1012 NOSIG
2026-01-26 07:24 UTC,METAR WSSS 260700Z 36015KT 9999 FEW022 BKN300 31/21 Q1011 NOSIG
2026-01-26 07:46 UTC,METAR WSSS 260730Z 36015KT 9999 FEW022 BKN300 31/21 Q1011 NOSIG
2026-01-26 08:27 UTC,METAR WSSS 260800Z 01016KT 9999 FEW020 BKN300 30/21 Q1011 NOSIG
2026-01-26 08:58 UTC,METAR WSSS 260830Z 36016KT 9999 FEW020 BKN300 31/22 Q1010 NOSIG
2026-01-26 09:40 UTC,METAR WSSS 260930Z 01017KT 9999 FEW020 BKN300 29/21 Q1010 NOSIG
2026-01-26 10:22 UTC,METAR WSSS 261000Z 36015KT 9999 FEW020 BKN300 28/20 Q1011 NOSIG
2026-01-26 10:51 UTC,METAR WSSS 261030Z 36015KT 9999 FEW020 BKN300 28/20 Q1011 NOSIG
2026-01-26 11:18 UTC,METAR WSSS 261100Z 36012KT 9999 FEW020 BKN300 27/21 Q1011 NOSIG
2026-01-26 11:41 UTC,METAR WSSS 261130Z 36010KT 9999 FEW018 BKN300 27/21 Q1012 NOSIG
2026-01-26 12:39 UTC,METAR WSSS 261230Z 35009KT 310V010 9999 FEW016 BKN300 26/22 Q1013 NOSIG
2026-01-26 13:41 UTC,METAR WSSS 261330Z 36008KT 9999 FEW016 BKN300 25/22 Q1013 NOSIG
2026-01-26 14:24 UTC,METAR WSSS 261400Z 36007KT 9999 FEW016 BKN300 25/22 Q1014 NOSIG
2026-01-26 14:54 UTC,METAR WSSS 261430Z 36007KT 9999 FEW016 BKN300 25/22 Q1014 NOSIG
2026-01-26 15:25 UTC,METAR WSSS 261500Z 36007KT 9999 FEW016 BKN300 25/22 Q1014 NOSIG
2026-01-26 15:51 UTC,METAR WSSS 261530Z 36008KT 9999 FEW016 BKN300 25/22 Q1014 NOSIG
2026-01-26 16:28 UTC,METAR WSSS 261600Z 36008KT 9999 FEW018 BKN300 25/22 Q1013 NOSIG
2026-01-26 17:01 UTC,METAR WSSS 261700Z 36011KT 9999 FEW018 BKN300 25/22 Q1013 NOSIG
2026-01-26 17:52 UTC,METAR WSSS 261730Z 36012KT 9999 FEW018 BKN300 25/22 Q1012 NOSIG
2026-01-26 18:29 UTC,METAR WSSS 261800Z 36014KT 9999 FEW018 BKN300 25/22 Q1012 NOSIG
2026-01-26 19:01 UTC,METAR WSSS 261830Z 36014KT 9999 FEW018 BKN300 25/22 Q1012 NOSIG
2026-01-26 19:43 UTC,METAR WSSS 261930Z 35010KT 9999 FEW018 BKN300 25/22 Q1012 NOSIG
2026-01-26 20:21 UTC,METAR WSSS 262000Z 35007KT 9999 FEW018 BKN300 25/22 Q1012 NOSIG
2026-01-26 20:49 UTC,METAR WSSS 262030Z 34007KT 310V010 9999 FEW016 BKN300 25/21 Q1012 NOSIG
2026-01-26 21:20 UTC,METAR WSSS 262100Z 33006KT 9999 FEW016 BKN300 25/21 Q1012 NOSIG
2026-01-26 21:45 UTC,METAR WSSS 262130Z 34006KT 310V010 9999 FEW016 BKN300 25/21 Q1012 NOSIG
2026-01-26 22:18 UTC,METAR WSSS 262200Z 34007KT 9999 FEW016 BKN300 25/21 Q1012 NOSIG
2026-01-26 22:46 UTC,METAR WSSS 262230Z 34006KT 9999 FEW018 BKN300 25/21 Q1013 NOSIG
2026-01-26 23:18 UTC,METAR WSSS 262300Z 34005KT 9999 FEW018 BKN300 24/21 Q1013 NOSIG
2026-01-26 23:43 UTC,METAR WSSS 262330Z 35007KT 320V020 9999 FEW018 SCT160 BKN300 25/22 Q1013 NOSIG
2026-01-27 01:27 UTC,METAR WSSS 270100Z 35008KT 9999 FEW018 SCT160 BKN300 26/22 Q1014 NOSIG
2026-01-27 03:23 UTC,METAR WSSS 270300Z 36014KT 9999 FEW018 BKN160 29/22 Q1015 NOSIG
2026-01-27 04:31 UTC,METAR WSSS 270430Z 36016KT 9999 FEW018 SCT150 BKN270 30/21 Q1014 NOSIG
2026-01-27 05:23 UTC,METAR WSSS 270500Z 01016KT 9999 FEW018 BKN270 30/21 Q1013 NOSIG
2026-01-27 05:49 UTC,METAR WSSS 270530Z 01017KT 9999 FEW018 BKN270 30/21 Q1013 NOSIG
2026-01-27 06:29 UTC,METAR WSSS 270600Z 36017KT 9999 FEW018 BKN270 30/21 Q1013 NOSIG
2026-01-27 07:01 UTC,METAR WSSS 270630Z 01016KT 9999 FEW018 BKN270 30/21 Q1012 NOSIG
2026-01-27 07:47 UTC,METAR WSSS 270730Z 36013KT 340V040 9999 FEW018 BKN270 30/21 Q1011 NOSIG
2026-01-27 08:28 UTC,METAR WSSS 270800Z 01014KT 9999 FEW018 BKN270 31/21 Q1011 NOSIG
2026-01-27 08:58 UTC,METAR WSSS 270830Z 36017KT 9999 FEW018 BKN270 30/20 Q1011 NOSIG
2026-01-27 09:39 UTC,METAR WSSS 270930Z 01015KT 9999 FEW018 BKN270 28/21 Q1011 NOSIG
2026-01-27 10:23 UTC,METAR WSSS 271000Z 36014KT 9999 FEW018 BKN270 28/21 Q1011 NOSIG
2026-01-27 10:54 UTC,METAR WSSS 271030Z 36014KT 9999 FEW018 BKN270 27/21 Q1012 NOSIG
2026-01-27 11:20 UTC,METAR WSSS 271100Z 36013KT 9999 FEW018 BKN300 26/21 Q1012 NOSIG
2026-01-27 11:43 UTC,METAR WSSS 271130Z 36011KT 9999 FEW018 BKN300 26/21 Q1012 NOSIG
2026-01-27 12:40 UTC,METAR WSSS 271230Z 35008KT 9999 FEW018 BKN300 26/21 Q1013 NOSIG
2026-01-27 13:43 UTC,METAR WSSS 271330Z 35008KT 9999 FEW018 BKN300 25/22 Q1013 NOSIG
2026-01-27 14:25 UTC,METAR WSSS 271400Z 36007KT 9999 FEW018 BKN300 25/22 Q1013 NOSIG
2026-01-27 14:57 UTC,METAR WSSS 271430Z 36009KT 9999 FEW018 BKN300 25/22 Q1013 NOSIG
2026-01-27 15:31 UTC,METAR WSSS 271530Z 35006KT 320V020 9999 FEW018 BKN300 25/22 Q1014 NOSIG
2026-01-27 16:25 UTC,METAR WSSS 271600Z 35007KT 9999 FEW018 BKN300 25/22 Q1013 NOSIG
2026-01-27 16:57 UTC,METAR WSSS 271630Z 34007KT 9999 FEW018 BKN300 25/22 Q1013 NOSIG
2026-01-27 17:29 UTC,METAR WSSS 271700Z 35006KT 320V020 9999 FEW018 BKN300 25/22 Q1013 NOSIG
2026-01-27 17:54 UTC,METAR WSSS 271730Z 34005KT 320V020 9999 FEW018 BKN300 25/22 Q1013 NOSIG
2026-01-27 18:33 UTC,METAR WSSS 271830Z 35006KT 320V020 9999 FEW018 BKN300 25/22 Q1012 NOSIG
2026-01-27 19:23 UTC,METAR WSSS 271900Z 34006KT 9999 FEW016 BKN300 25/22 Q1012 NOSIG
2026-01-27 19:46 UTC,METAR WSSS 271930Z 34006KT 9999 FEW016 BKN300 25/22 Q1012 NOSIG
2026-01-27 20:19 UTC,METAR WSSS 272000Z 34005KT 9999 FEW016 BKN300 25/22 Q1012 NOSIG
2026-01-27 20:46 UTC,METAR WSSS 272030Z 34006KT 9999 FEW016 BKN300 24/22 Q1011 NOSIG
2026-01-27 21:14 UTC,METAR WSSS 272100Z 34005KT 9999 FEW016 BKN300 24/22 Q1011 NOSIG
2026-01-27 21:41 UTC,METAR WSSS 272130Z 35005KT 9999 FEW016 BKN300 24/22 Q1011 NOSIG
2026-01-27 22:19 UTC,METAR WSSS 272200Z 34006KT 9999 FEW016 BKN300 24/22 Q1012 NOSIG
2026-01-27 22:44 UTC,METAR WSSS 272230Z 35006KT 320V020 9999 FEW016 BKN300 25/22 Q1012 NOSIG
2026-01-27 23:18 UTC,METAR WSSS 272300Z 34006KT 320V020 9999 FEW016 BKN300 25/22 Q1012 NOSIG
2026-01-27 23:43 UTC,METAR WSSS 272330Z 34006KT 9999 FEW016 BKN300 25/22 Q1012 NOSIG
2026-01-28 01:23 UTC,METAR WSSS 280100Z 35006KT 320V020 9999 FEW018 SCT080 BKN150 26/23 Q1014 NOSIG
2026-01-28 03:18 UTC,METAR WSSS 280300Z 01012KT 9999 FEW020 BKN080 29/22 Q1014 NOSIG
2026-01-28 04:30 UTC,METAR WSSS 280400Z 36013KT 330V030 9999 FEW020 BKN150 31/22 Q1013 NOSIG
2026-01-28 05:24 UTC,METAR WSSS 280500Z 36013KT 9999 SCT018 BKN150 30/23 Q1013 NOSIG
2026-01-28 05:50 UTC,METAR WSSS 280530Z 01013KT 9999 SCT018 SCT150 BKN300 30/22 Q1013 NOSIG
2026-01-28 06:30 UTC,METAR WSSS 280600Z 36014KT 9999 SCT018 BKN150 29/22 Q1013 NOSIG
2026-01-28 07:22 UTC,METAR WSSS 280700Z 36014KT 330V030 9999 SCT020 SCT060 30/22 Q1011 NOSIG
2026-01-28 07:46 UTC,METAR WSSS 280730Z 01014KT 330V030 9999 FEW020 SCT060 BKN300 31/22 Q1011 NOSIG
2026-01-28 08:26 UTC,METAR WSSS 280800Z 36014KT 9999 FEW020 SCT060 BKN300 30/22 Q1011 NOSIG
2026-01-28 08:58 UTC,METAR WSSS 280830Z 36013KT 9999 SCT020 SCT050 28/22 Q1011 NOSIG
2026-01-28 09:38 UTC,METAR WSSS 280930Z 01014KT 9999 FEW018TCU SCT050 29/22 Q1011 NOSIG
2026-01-28 10:24 UTC,METAR WSSS 281000Z 36014KT 9999 FEW020 SCT040 28/22 Q1011 NOSIG
2026-01-28 10:53 UTC,METAR WSSS 281030Z 36012KT 9999 FEW020 SCT040 28/22 Q1011 NOSIG
2026-01-28 11:20 UTC,METAR WSSS 281100Z 36013KT 9999 FEW020 SCT035 BKN280 27/22 Q1012 NOSIG
2026-01-28 11:43 UTC,METAR WSSS 281130Z 36012KT 9999 FEW020 SCT035 BKN280 27/22 Q1012 NOSIG
2026-01-28 12:41 UTC,METAR WSSS 281230Z 36011KT 9999 FEW020 BKN280 26/22 Q1013 NOSIG
2026-01-28 13:44 UTC,METAR WSSS 281330Z 35010KT 9999 FEW020 BKN280 26/22 Q1013 NOSIG
2026-01-28 14:25 UTC,METAR WSSS 281400Z 36012KT 9999 FEW020 SCT150 BKN300 26/22 Q1013 NOSIG
2026-01-28 14:56 UTC,METAR WSSS 281430Z 36010KT 9999 FEW020 BKN300 26/22 Q1014 NOSIG
2026-01-28 15:32 UTC,METAR WSSS 281530Z 36009KT 9999 FEW020 BKN300 26/23 Q1014 NOSIG
2026-01-28 16:31 UTC,METAR WSSS 281630Z 36011KT 9999 FEW020 BKN300 25/22 Q1014 NOSIG
2026-01-28 17:29 UTC,METAR WSSS 281700Z 35008KT 9999 FEW020 BKN300 25/22 Q1013 NOSIG
2026-01-28 17:57 UTC,METAR WSSS 281730Z 35009KT 9999 FEW020 BKN300 25/23 Q1013 NOSIG
2026-01-28 18:40 UTC,METAR WSSS 281830Z 35006KT 320V020 9999 FEW018 BKN300 25/22 Q1012 NOSIG
2026-01-28 19:24 UTC,METAR WSSS 281900Z 35007KT 9999 FEW018 BKN300 25/22 Q1012 NOSIG
2026-01-28 19:50 UTC,METAR WSSS 281930Z 35006KT 9999 FEW018 BKN300 25/22 Q1012 NOSIG
2026-01-28 20:25 UTC,METAR WSSS 282000Z 35007KT 9999 FEW018 SCT150 BKN300 25/22 Q1011 NOSIG
2026-01-28 20:56 UTC,METAR WSSS 282030Z 36007KT 9999 FEW018 BKN300 25/22 Q1011 NOSIG
2026-01-28 21:28 UTC,METAR WSSS 282100Z 35007KT 9999 FEW018 BKN300 25/22 Q1011 NOSIG
2026-01-28 21:53 UTC,METAR WSSS 282130Z 35006KT 9999 FEW018 BKN300 25/22 Q1011 NOSIG
2026-01-28 22:22 UTC,METAR WSSS 282200Z 35006KT 9999 FEW018 SCT080 BKN300 25/22 Q1011 NOSIG
2026-01-28 22:53 UTC,METAR WSSS 282230Z 35006KT 9999 FEW018 SCT080 BKN300 25/22 Q1011 NOSIG
2026-01-28 23:22 UTC,METAR WSSS 282300Z 35006KT 9999 FEW018 SCT080 BKN300 25/22 Q1012 NOSIG
2026-01-28 23:47 UTC,METAR WSSS 282330Z 35006KT 320V020 9999 FEW018 SCT080 BKN300 25/23 Q1012 NOSIG
2026-01-29 01:44 UTC,METAR WSSS 290130Z 34007KT 310V010 9999 FEW016 SCT070 27/23 Q1014 NOSIG
2026-01-29 04:04 UTC,METAR WSSS 290400Z 36013KT 9999 SCT016 SCT080 29/23 Q1014 NOSIG
2026-01-29 05:27 UTC,METAR WSSS 290500Z 36014KT 330V030 9999 SCT018 BKN300 31/23 Q1013 NOSIG
2026-01-29 06:05 UTC,METAR WSSS 290600Z 01013KT 9999 SCT020 SCT300 30/22 Q1012 NOSIG
2026-01-29 07:11 UTC,METAR WSSS 290700Z 01014KT 9999 SCT020 SCT070 30/22 Q1011 NOSIG
2026-01-29 07:58 UTC,METAR WSSS 290730Z 35013KT 9999 FEW020 SCT080 30/22 Q1011 NOSIG
2026-01-29 08:50 UTC,METAR WSSS 290830Z 36013KT 9999 FEW018 SCT080 29/22 Q1011 NOSIG
2026-01-29 09:38 UTC,METAR WSSS 290930Z 36012KT 9999 FEW018 FEW020TCU SCT080 29/22 Q1010 NOSIG
2026-01-29 10:32 UTC,METAR WSSS 291030Z 36012KT 9999 FEW018 FEW020TCU BKN080 27/23 Q1011 NOSIG
2026-01-29 11:27 UTC,METAR WSSS 291100Z 36012KT 9999 FEW016 SCT080 27/22 Q1011 NOSIG
2026-01-29 11:53 UTC,METAR WSSS 291130Z 36012KT 9999 FEW016 BKN300 26/22 Q1011 NOSIG
2026-01-29 12:49 UTC,METAR WSSS 291230Z 36010KT 9999 FEW018 BKN300 26/22 Q1012 NOSIG
2026-01-29 13:57 UTC,METAR WSSS 291330Z 36007KT 9999 FEW018 BKN300 26/23 Q1013 NOSIG
2026-01-29 14:38 UTC,METAR WSSS 291430Z 01010KT 9999 FEW018 SCT030 BKN300 26/23 Q1014 NOSIG
2026-01-29 15:31 UTC,METAR WSSS 291530Z 35007KT 9999 FEW018 BKN300 25/22 Q1014 NOSIG
2026-01-29 16:38 UTC,METAR WSSS 291630Z 35007KT 9999 FEW018 BKN300 25/22 Q1014 NOSIG
2026-01-29 17:34 UTC,METAR WSSS 291730Z 35005KT 9999 FEW018 BKN300 25/22 Q1014 NOSIG
2026-01-29 18:38 UTC,METAR WSSS 291830Z 35006KT 320V020 9999 FEW018 BKN300 25/22 Q1013 NOSIG
2026-01-29 19:27 UTC,METAR WSSS 291900Z 35007KT 9999 FEW018 BKN300 25/22 Q1013 NOSIG
2026-01-29 19:52 UTC,METAR WSSS 291930Z 35008KT 9999 FEW018 BKN300 25/22 Q1013 NOSIG
2026-01-29 20:25 UTC,METAR WSSS 292000Z 01010KT 9999 FEW018 BKN300 25/22 Q1012 NOSIG
2026-01-29 20:53 UTC,METAR WSSS 292030Z 35007KT 9999 FEW018 BKN300 25/22 Q1012 NOSIG
2026-01-29 21:22 UTC,METAR WSSS 292100Z 35006KT 9999 FEW018 BKN300 25/22 Q1012 NOSIG
2026-01-29 21:50 UTC,METAR WSSS 292130Z 36007KT 9999 FEW018 BKN300 25/22 Q1013 NOSIG
2026-01-29 22:23 UTC,METAR WSSS 292200Z 35006KT 9999 FEW018 BKN300 24/22 Q1013 NOSIG
2026-01-29 22:53 UTC,METAR WSSS 292230Z 35007KT 9999 FEW018 BKN300 25/22 Q1013 NOSIG
2026-01-29 23:22 UTC,METAR WSSS 292300Z 35005KT 9999 FEW018 BKN300 25/22 Q1013 NOSIG
2026-01-29 23:48 UTC,METAR WSSS 292330Z 35006KT 9999 FEW018 BKN300 25/22 Q1013 NOSIG
2026-01-30 01:45 UTC,METAR WSSS 300130Z 36010KT 9999 FEW018 BKN300 27/23 Q1014 NOSIG
2026-01-30 04:05 UTC,METAR WSSS 300400Z 01013KT 330V030 9999 SCT020 BKN300 31/22 Q1014 NOSIG
2026-01-30 05:30 UTC,METAR WSSS 300500Z 02015KT 9999 SCT020 BKN300 31/22 Q1013 NOSIG
2026-01-30 06:08 UTC,METAR WSSS 300600Z 36013KT 330V040 9999 SCT020 BKN300 32/22 Q1012 NOSIG
2026-01-30 07:13 UTC,METAR WSSS 300700Z 36015KT 9999 SCT020 BKN300 31/22 Q1011 NOSIG
2026-01-30 07:58 UTC,METAR WSSS 300730Z 36015KT 9999 SCT020 BKN300 31/22 Q1011 NOSIG
2026-01-30 08:48 UTC,METAR WSSS 300830Z 36015KT 9999 FEW018 SCT040 BKN300 30/22 Q1011 NOSIG
2026-01-30 09:34 UTC,METAR WSSS 300930Z 36013KT 9999 FEW020 SCT050 BKN300 30/21 Q1011 NOSIG
2026-01-30 10:29 UTC,METAR WSSS 301000Z 01014KT 9999 FEW020 SCT060 BKN300 29/22 Q1011 NOSIG
2026-01-30 11:03 UTC,METAR WSSS 301100Z 01012KT 9999 FEW018 SCT080 BKN300 27/22 Q1012 NOSIG
2026-01-30 11:49 UTC,METAR WSSS 301130Z 36011KT 9999 FEW018 SCT050 BKN300 27/22 Q1012 NOSIG
2026-01-30 12:44 UTC,METAR WSSS 301230Z 36010KT 9999 FEW016 BKN300 26/22 Q1012 NOSIG
2026-01-30 14:32 UTC,METAR WSSS 301430Z 01007KT 9999 FEW016 BKN300 26/23 Q1014 NOSIG
2026-01-30 15:29 UTC,METAR WSSS 301500Z 01008KT 9999 FEW016 BKN300 26/23 Q1014 NOSIG
2026-01-30 16:01 UTC,METAR WSSS 301530Z 01009KT 350V050 9999 FEW016 BKN300 26/23 Q1014 NOSIG
2026-01-30 17:05 UTC,METAR WSSS 301700Z 35007KT 9999 FEW016 BKN300 25/23 Q1014 NOSIG
2026-01-30 17:58 UTC,METAR WSSS 301730Z 35007KT 9999 FEW016 BKN300 25/23 Q1013 NOSIG
2026-01-30 18:53 UTC,METAR WSSS 301830Z 35008KT 320V020 9999 FEW016 BKN300 25/23 Q1013 NOSIG
2026-01-30 19:28 UTC,METAR WSSS 301900Z 35007KT 9999 FEW018 BKN300 25/23 Q1012 NOSIG
2026-01-30 19:54 UTC,METAR WSSS 301930Z 34007KT 9999 FEW016 BKN300 25/23 Q1012 NOSIG
2026-01-30 20:24 UTC,METAR WSSS 302000Z 34007KT 9999 FEW016 BKN300 25/23 Q1012 NOSIG
2026-01-30 20:53 UTC,METAR WSSS 302030Z 34007KT 9999 FEW016 BKN300 25/22 Q1012 NOSIG
2026-01-30 21:24 UTC,METAR WSSS 302100Z 34006KT 9999 FEW016 BKN300 25/22 Q1012 NOSIG
2026-01-30 21:47 UTC,METAR WSSS 302130Z 34006KT 9999 FEW016 BKN300 25/22 Q1012 NOSIG
2026-01-30 22:20 UTC,METAR WSSS 302200Z 35006KT 9999 FEW018 BKN300 25/22 Q1012 NOSIG
2026-01-30 22:52 UTC,METAR WSSS 302230Z 36007KT 9999 FEW018 BKN300 25/23 Q1012 NOSIG
2026-01-30 23:21 UTC,METAR WSSS 302300Z 36006KT 9999 FEW018 BKN300 25/22 Q1012 NOSIG
2026-01-30 23:47 UTC,METAR WSSS 302330Z 35006KT 9999 FEW018 BKN300 25/23 Q1012 NOSIG
2026-01-31 01:41 UTC,METAR WSSS 310130Z 01010KT 9999 FEW018 BKN300 28/23 Q1015 NOSIG
2026-01-31 04:02 UTC,METAR WSSS 310400Z 01013KT 340V040 9999 SCT020 BKN300 30/22 Q1014 NOSIG
2026-01-31 05:12 UTC,METAR WSSS 310500Z 01014KT 9999 SCT020 BKN300 31/22 Q1014 NOSIG
2026-01-31 05:57 UTC,METAR WSSS 310530Z 36014KT 9999 SCT020 SCT050 BKN300 31/22 Q1013 NOSIG
2026-01-31 06:44 UTC,METAR WSSS 310630Z 36014KT 330V030 9999 FEW020 BKN040 31/22 Q1012 NOSIG
2026-01-31 07:25 UTC,METAR WSSS 310700Z 36013KT 9999 FEW020 BKN050 31/22 Q1012 NOSIG
2026-01-31 07:47 UTC,METAR WSSS 310730Z 01015KT 9999 FEW020 BKN300 32/22 Q1011 NOSIG
2026-01-31 08:25 UTC,METAR WSSS 310800Z 36016KT 9999 FEW020 BKN300 32/22 Q1011 NOSIG
2026-01-31 08:53 UTC,METAR WSSS 310830Z 36016KT 9000 FEW022 BKN300 32/22 Q1011 NOSIG
2026-01-31 09:23 UTC,METAR WSSS 310900Z 01016KT 9999 FEW022 BKN300 31/22 Q1011 NOSIG
2026-01-31 09:49 UTC,METAR WSSS 310930Z 01015KT 9999 FEW022 BKN300 31/22 Q1011 NOSIG
2026-01-31 10:20 UTC,METAR WSSS 311000Z 01015KT 9999 FEW022 BKN300 30/22 Q1011 NOSIG
2026-01-31 10:49 UTC,METAR WSSS 311030Z 01015G25KT 9999 FEW022 BKN300 29/22 Q1011 NOSIG
2026-01-31 11:17 UTC,METAR WSSS 311100Z 01014KT 9999 FEW022 BKN300 28/22 Q1011 NOSIG
2026-01-31 11:41 UTC,METAR WSSS 311130Z 01013KT 9999 FEW020 BKN300 27/22 Q1012 NOSIG
2026-01-31 12:38 UTC,METAR WSSS 311230Z 36009KT 9999 FEW020 BKN300 27/23 Q1012 NOSIG
2026-01-31 13:38 UTC,METAR WSSS 311330Z 36009KT 9999 FEW018 BKN300 26/23 Q1013 NOSIG
2026-01-31 14:21 UTC,METAR WSSS 311400Z 36010KT 9999 FEW018 BKN300 26/23 Q1013 NOSIG
2026-01-31 14:49 UTC,METAR WSSS 311430Z 35009KT 9999 FEW018 BKN300 26/23 Q1014 NOSIG
2026-01-31 15:19 UTC,METAR WSSS 311500Z 35007KT 9999 FEW016 BKN300 26/23 Q1014 NOSIG
2026-01-31 15:45 UTC,METAR WSSS 311530Z 35009KT 9999 FEW016 BKN300 26/23 Q1013 NOSIG
2026-01-31 16:22 UTC,METAR WSSS 311600Z 35009KT 9999 FEW016 BKN300 26/23 Q1013 NOSIG
2026-01-31 16:52 UTC,METAR WSSS 311630Z 36008KT 9999 FEW016 BKN300 26/23 Q1013 NOSIG
2026-01-31 17:20 UTC,METAR WSSS 311700Z 35008KT 9999 FEW016 BKN300 26/23 Q1013 NOSIG
2026-01-31 17:46 UTC,METAR WSSS 311730Z 35008KT 9999 FEW016 BKN300 26/23 Q1013 NOSIG
2026-01-31 18:26 UTC,METAR WSSS 311800Z 35007KT 9999 FEW016 BKN300 26/23 Q1012 NOSIG
2026-01-31 18:55 UTC,METAR WSSS 311830Z 35008KT 320V020 9999 FEW016 BKN300 25/23 Q1012 NOSIG
2026-01-31 19:18 UTC,METAR WSSS 311900Z 35007KT 9999 FEW016 BKN300 25/23 Q1012 NOSIG
2026-01-31 19:40 UTC,METAR WSSS 311930Z 34007KT 320V020 9999 SCT016 BKN300 25/23 Q1011 NOSIG
2026-01-31 20:20 UTC,METAR WSSS 312000Z 35006KT 9999 SCT016 BKN300 25/23 Q1011 NOSIG
2026-01-31 20:47 UTC,METAR WSSS 312030Z 35005KT 9999 SCT016 BKN300 25/23 Q1011 NOSIG
2026-01-31 21:18 UTC,METAR WSSS 312100Z 35007KT 9999 SCT016 BKN300 25/23 Q1011 NOSIG
2026-01-31 21:43 UTC,METAR WSSS 312130Z 35005KT 9999 SCT016 BKN300 25/23 Q1011 NOSIG
2026-01-31 22:18 UTC,METAR WSSS 312200Z 34005KT 9999 SCT016 BKN300 25/23 Q1011 NOSIG
2026-01-31 22:47 UTC,METAR WSSS 312230Z 34006KT 9999 SCT016 BKN300 25/23 Q1011 NOSIG
2026-01-31 23:18 UTC,METAR WSSS 312300Z 36007KT 9999 SCT016 BKN300 25/23 Q1012 NOSIG
2026-01-31 23:44 UTC,METAR WSSS 312330Z 35006KT 8000 FEW016 BKN300 25/23 Q1012 NOSIG
2026-02-01 01:59 UTC,METAR WSSS 010130Z 36010KT 8000 FEW016 FEW020TCU BKN300 28/24 Q1014 NOSIG
2026-02-01 04:33 UTC,METAR WSSS 010430Z 36014KT 9000 FEW020TCU BKN300 31/23 Q1013 NOSIG
2026-02-01 05:57 UTC,METAR WSSS 010530Z 01016KT 9000 FEW020 BKN300 32/22 Q1012 NOSIG
2026-02-01 06:54 UTC,METAR WSSS 010630Z 36016KT 9999 FEW020 BKN300 31/22 Q1012 NOSIG
2026-02-01 07:34 UTC,METAR WSSS 010730Z 01015KT 340V040 9999 FEW020 BKN300 32/22 Q1011 NOSIG
2026-02-01 08:27 UTC,METAR WSSS 010800Z 36016KT 9999 FEW020 SCT030 BKN300 32/23 Q1010 NOSIG
2026-02-01 08:57 UTC,METAR WSSS 010830Z 36017KT 9999 FEW020 BKN300 31/22 Q1010 NOSIG
2026-02-01 09:34 UTC,METAR WSSS 010930Z 01020KT 9999 FEW020 BKN300 30/22 Q1010 NOSIG
2026-02-01 10:20 UTC,METAR WSSS 011000Z 36017KT 9999 SCT020 BKN300 29/22 Q1010 NOSIG
2026-02-01 10:52 UTC,METAR WSSS 011030Z 36016KT 9999 FEW020 BKN300 29/22 Q1010 NOSIG
2026-02-01 11:18 UTC,METAR WSSS 011100Z 36016KT 9999 FEW020 BKN300 28/22 Q1011 NOSIG
2026-02-01 11:42 UTC,METAR WSSS 011130Z 01017KT 9999 FEW020 BKN300 27/22 Q1011 NOSIG
2026-02-01 12:40 UTC,METAR WSSS 011230Z 35013KT 9999 FEW018 BKN300 26/22 Q1012 NOSIG
2026-02-01 13:39 UTC,METAR WSSS 011330Z 36011KT 9999 FEW018 BKN300 26/22 Q1013 NOSIG
2026-02-01 14:22 UTC,METAR WSSS 011400Z 36012KT 9999 FEW018 BKN300 26/22 Q1013 NOSIG
2026-02-01 14:51 UTC,METAR WSSS 011430Z 36009KT 9999 FEW018 BKN300 26/22 Q1014 NOSIG
2026-02-01 15:20 UTC,METAR WSSS 011500Z 36010KT 9999 FEW018 BKN300 26/22 Q1014 NOSIG
2026-02-01 15:47 UTC,METAR WSSS 011530Z 36012KT 9999 FEW018 BKN300 26/22 Q1014 NOSIG
2026-02-01 16:24 UTC,METAR WSSS 011600Z 35009KT 9999 FEW018 BKN300 26/22 Q1014 NOSIG
2026-02-01 16:54 UTC,METAR WSSS 011630Z 36012KT 9999 FEW018 BKN300 26/22 Q1014 NOSIG
2026-02-01 17:20 UTC,METAR WSSS 011700Z 36010KT 9999 FEW018 BKN300 25/22 Q1013 NOSIG
2026-02-01 17:48 UTC,METAR WSSS 011730Z 36010KT 9999 FEW018 BKN300 25/22 Q1013 NOSIG
2026-02-01 18:29 UTC,METAR WSSS 011800Z 36011KT 9999 FEW018 BKN300 25/22 Q1012 NOSIG
2026-02-01 19:01 UTC,METAR WSSS 011900Z 36011KT 9999 FEW018 BKN300 25/22 Q1012 NOSIG
2026-02-01 19:43 UTC,METAR WSSS 011930Z 35010KT 9999 FEW018 BKN300 25/22 Q1012 NOSIG
2026-02-01 20:21 UTC,METAR WSSS 012000Z 36011KT 9999 FEW018 BKN300 25/22 Q1012 NOSIG
2026-02-01 20:48 UTC,METAR WSSS 012030Z 36011KT 9999 FEW018 BKN300 25/22 Q1012 NOSIG
2026-02-01 21:19 UTC,METAR WSSS 012100Z 36008KT 9999 FEW018 BKN300 25/22 Q1012 NOSIG
2026-02-01 21:44 UTC,METAR WSSS 012130Z 01011KT 9999 FEW018 BKN300 25/22 Q1012 NOSIG
2026-02-01 22:20 UTC,METAR WSSS 012200Z 36009KT 9999 FEW018 BKN300 25/22 Q1012 NOSIG
2026-02-01 22:50 UTC,METAR WSSS 012230Z 36011KT 9999 FEW018 BKN300 25/22 Q1012 NOSIG
2026-02-01 23:20 UTC,METAR WSSS 012300Z 36011KT 9999 FEW018 BKN300 25/22 Q1012 NOSIG
2026-02-01 23:46 UTC,METAR WSSS 012330Z 36011KT 9999 FEW018 BKN300 25/21 Q1012 NOSIG
2026-02-02 01:51 UTC,METAR WSSS 020130Z 36015KT 9999 FEW016 BKN300 28/21 Q1014 NOSIG
2026-02-02 04:21 UTC,METAR WSSS 020400Z 36016KT 9999 SCT020 BKN300 30/21 Q1014 NOSIG
2026-02-02 05:45 UTC,METAR WSSS 020530Z 36016KT 9999 FEW020 SCT280 31/21 Q1013 NOSIG
2026-02-02 06:58 UTC,METAR WSSS 020630Z 01018KT 9999 FEW020 BKN300 31/20 Q1012 NOSIG
2026-02-02 07:52 UTC,METAR WSSS 020730Z 01017KT 9999 FEW022 BKN300 32/20 Q1011 NOSIG
2026-02-02 08:37 UTC,METAR WSSS 020830Z 36015KT 9999 FEW022 BKN300 30/20 Q1011 NOSIG
2026-02-02 09:42 UTC,METAR WSSS 020930Z 01017KT 9999 FEW022 BKN300 30/21 Q1010 NOSIG
2026-02-02 10:40 UTC,METAR WSSS 021030Z 36016KT 9999 FEW022 BKN300 28/21 Q1011 NOSIG
2026-02-02 11:32 UTC,METAR WSSS 021130Z 36012KT 9999 FEW020 BKN300 27/21 Q1012 NOSIG
2026-02-02 12:51 UTC,METAR WSSS 021230Z 36011KT 9999 FEW020 BKN300 26/21 Q1013 NOSIG
2026-02-02 13:59 UTC,METAR WSSS 021330Z 35007KT 300V010 9999 FEW018 BKN300 26/22 Q1014 NOSIG
2026-02-02 14:51 UTC,METAR WSSS 021430Z 35007KT 9999 FEW018 BKN300 26/22 Q1014 NOSIG
2026-02-02 15:34 UTC,METAR WSSS 021530Z 35006KT 9999 FEW018 BKN300 25/22 Q1014 NOSIG
2026-02-02 16:34 UTC,METAR WSSS 021630Z 34006KT 300V010 9999 FEW018 BKN300 25/22 Q1014 NOSIG
2026-02-02 17:34 UTC,METAR WSSS 021730Z 33004KT 8000 FEW018 BKN300 25/22 Q1014 NOSIG
2026-02-02 18:37 UTC,METAR WSSS 021830Z 34005KT 8000 FEW018 BKN300 24/22 Q1013 NOSIG
2026-02-02 23:24 UTC,METAR WSSS 022300Z 34006KT 6000 FEW018 BKN300 24/22 Q1013 NOSIG
2026-02-02 23:51 UTC,METAR WSSS 022330Z 34005KT 6000 FEW018 BKN300 24/22 Q1013 NOSIG
2026-02-03 01:50 UTC,METAR WSSS 030130Z 36012KT 9999 FEW018 BKN300 27/22 Q1014 NOSIG
2026-02-03 04:12 UTC,METAR WSSS 030400Z 36017KT 9999 SCT018 BKN300 31/21 Q1014 NOSIG
2026-02-03 05:33 UTC,METAR WSSS 030530Z 36016KT 9999 SCT020 BKN300 32/21 Q1013 NOSIG
2026-02-03 06:44 UTC,METAR WSSS 030630Z 36016KT 9999 SCT020 BKN300 31/21 Q1012 NOSIG
2026-02-03 07:39 UTC,METAR WSSS 030730Z 01017KT 9999 FEW020 BKN300 31/21 Q1012 NOSIG
2026-02-03 08:35 UTC,METAR WSSS 030830Z 01017KT 9999 FEW020 BKN300 31/21 Q1011 NOSIG
2026-02-03 09:36 UTC,METAR WSSS 030930Z 01015KT 9999 FEW020 BKN300 30/22 Q1011 NOSIG
2026-02-03 10:35 UTC,METAR WSSS 031030Z 36014KT 9999 FEW020 SCT060 BKN300 28/21 Q1011 NOSIG
2026-02-03 11:31 UTC,METAR WSSS 031130Z 36012KT 9999 FEW020 BKN300 27/22 Q1012 NOSIG
2026-02-03 12:51 UTC,METAR WSSS 031230Z 34008KT 310V020 9000 FEW020 BKN300 26/22 Q1012 NOSIG
2026-02-03 14:01 UTC,METAR WSSS 031400Z 34006KT 320V030 9000 FEW018 SCT070 BKN300 26/22 Q1013 NOSIG
2026-02-03 15:08 UTC,METAR WSSS 031500Z 34007KT 9000 FEW018 BKN300 26/22 Q1013 NOSIG
2026-02-03 16:10 UTC,METAR WSSS 031600Z 34007KT 9999 FEW018 BKN300 25/22 Q1014 NOSIG
2026-02-03 17:26 UTC,METAR WSSS 031700Z 33007KT 300V360 9999 FEW016 BKN300 25/22 Q1014 NOSIG
2026-02-03 18:10 UTC,METAR WSSS 031800Z 34008KT 9000 FEW018 BKN300 25/22 Q1013 NOSIG
2026-02-03 19:25 UTC,METAR WSSS 031900Z 34007KT 9999 FEW018 BKN300 25/22 Q1012 NOSIG
2026-02-03 19:58 UTC,METAR WSSS 031930Z 34008KT 9999 FEW018 SCT170 BKN300 25/22 Q1012 NOSIG
2026-02-03 20:42 UTC,METAR WSSS 032030Z 34006KT 290V010 9999 FEW018 SCT170 BKN300 25/22 Q1012 NOSIG
2026-02-03 21:30 UTC,METAR WSSS 032100Z 34006KT 9000 FEW018 SCT160 BKN300 25/22 Q1012 NOSIG
2026-02-03 22:00 UTC,METAR WSSS 032130Z 34007KT 9000 FEW018 SCT160 BKN300 25/22 Q1012 NOSIG
2026-02-03 22:39 UTC,METAR WSSS 032230Z 34006KT 9999 FEW018 SCT160 BKN300 25/22 Q1012 NOSIG
2026-02-03 23:24 UTC,METAR WSSS 032300Z 34006KT 9999 FEW018 SCT160 25/22 Q1012 NOSIG
2026-02-03 23:50 UTC,METAR WSSS 032330Z 34007KT 9999 FEW018 BKN160 25/22 Q1012 NOSIG
2026-02-04 01:45 UTC,METAR WSSS 040130Z 34007KT 300V010 9999 FEW018 BKN160 27/23 Q1014 NOSIG
2026-02-04 04:08 UTC,METAR WSSS 040400Z 35010KT 320V030 9999 FEW018 BKN160 31/22 Q1014 NOSIG
2026-02-04 05:29 UTC,METAR WSSS 040500Z 36014KT 9999 FEW020 BKN160 33/22 Q1013 NOSIG
2026-02-04 06:09 UTC,METAR WSSS 040600Z 01013KT 340V040 9999 FEW020 BKN160 33/23 Q1012 NOSIG
2026-02-04 07:26 UTC,METAR WSSS 040700Z 36013KT 9999 FEW020 BKN160 32/23 Q1011 NOSIG
2026-02-04 08:01 UTC,METAR WSSS 040800Z 36013KT 9999 VCSH FEW020TCU BKN160 30/23 Q1011 NOSIG
2026-02-04 09:06 UTC,METAR WSSS 040900Z 36015KT 9999 FEW020TCU SCT160 BKN300 30/23 Q1010 NOSIG
2026-02-04 10:06 UTC,METAR WSSS 041000Z 36013KT 9999 FEW020 BKN300 29/23 Q1010 NOSIG
2026-02-04 11:05 UTC,METAR WSSS 041100Z 36013KT 9999 FEW020 BKN300 27/23 Q1011 NOSIG
2026-02-04 11:53 UTC,METAR WSSS 041130Z 35008KT 9999 FEW020 BKN300 27/23 Q1012 NOSIG
2026-02-04 12:51 UTC,METAR WSSS 041230Z 35008KT 9999 FEW020 BKN300 27/23 Q1013 NOSIG
2026-02-04 14:00 UTC,METAR WSSS 041330Z 35007KT 9999 FEW018 BKN150 26/23 Q1013 NOSIG
2026-02-04 15:06 UTC,METAR WSSS 041500Z 35008KT 320V020 9999 FEW018 BKN150 26/23 Q1014 NOSIG
2026-02-04 16:06 UTC,METAR WSSS 041600Z 34007KT 9999 SCT016 BKN150 26/23 Q1014 NOSIG
2026-02-04 17:12 UTC,METAR WSSS 041700Z 34005KT 9999 FEW016 BKN150 26/23 Q1014 NOSIG
2026-02-04 18:07 UTC,METAR WSSS 041800Z 34005KT 300V010 9999 FEW016 BKN150 25/23 Q1013 NOSIG
2026-02-04 19:12 UTC,METAR WSSS 041900Z 34006KT 300V360 9999 FEW016 BKN150 25/23 Q1012 NOSIG
2026-02-04 19:56 UTC,METAR WSSS 041930Z 34006KT 300V360 9999 FEW016 BKN150 25/23 Q1012 NOSIG
2026-02-04 20:32 UTC,METAR WSSS 042030Z 34006KT 9999 FEW016 BKN160 25/23 Q1012 NOSIG
2026-02-04 21:29 UTC,METAR WSSS 042100Z 34005KT 9999 FEW016 SCT160 BKN300 25/23 Q1012 NOSIG
2026-02-04 21:54 UTC,METAR WSSS 042130Z 33006KT 300V360 9999 FEW016 SCT160 BKN300 25/23 Q1012 NOSIG
2026-02-04 22:22 UTC,METAR WSSS 042200Z 34005KT 300V360 9000 FEW016 SCT160 BKN300 25/23 Q1012 NOSIG
2026-02-04 22:51 UTC,METAR WSSS 042230Z 33005KT 300V360 9000 FEW016 SCT160 BKN300 25/23 Q1012 NOSIG
2026-02-04 23:23 UTC,METAR WSSS 042300Z 34006KT 8000 SCT016 SCT160 BKN300 25/23 Q1012 NOSIG
2026-02-04 23:49 UTC,METAR WSSS 042330Z 34006KT 8000 FEW016 SCT160 BKN300 25/23 Q1012 NOSIG
2026-02-05 01:47 UTC,METAR WSSS 050130Z 35012KT 6000 FEW016 SCT160 BKN300 28/24 Q1013 NOSIG
2026-02-05 04:11 UTC,METAR WSSS 050400Z 01016KT 9999 FEW020 BKN300 32/23 Q1013 NOSIG
2026-02-05 05:35 UTC,METAR WSSS 050530Z 36014KT 330V030 9999 FEW020TCU BKN300 32/23 Q1012 NOSIG
2026-02-05 06:53 UTC,METAR WSSS 050630Z 36016KT 9999 FEW018TCU BKN300 31/23 Q1011 NOSIG
2026-02-05 07:47 UTC,METAR WSSS 050730Z 36014KT 9999 FEW018TCU BKN300 31/23 Q1010 NOSIG
2026-02-05 08:38 UTC,METAR WSSS 050830Z 01014KT 9999 VCSH FEW018TCU SCT020 BKN300 30/23 Q1010 NOSIG
2026-02-05 09:39 UTC,METAR WSSS 050930Z 36013KT 9999 FEW015 FEW018TCU FEW020CB SCT270 29/23 Q1010 NOSIG
2026-02-05 10:36 UTC,METAR WSSS 051030Z 36014KT 9999 FEW015 FEW018TCU BKN270 28/23 Q1010 NOSIG
2026-02-05 11:32 UTC,METAR WSSS 051130Z 36012KT 9999 FEW018 FEW020TCU BKN300 27/23 Q1011 NOSIG
2026-02-05 12:53 UTC,METAR WSSS 051230Z 36010KT 9999 FEW018 BKN300 27/23 Q1012 NOSIG
2026-02-05 14:03 UTC,METAR WSSS 051400Z 36010KT 9999 FEW018 BKN300 26/23 Q1013 NOSIG
2026-02-05 15:08 UTC,METAR WSSS 051500Z 35006KT 9999 FEW018 BKN300 26/23 Q1014 NOSIG
2026-02-05 16:05 UTC,METAR WSSS 051600Z 36009KT 9999 FEW018 BKN300 26/23 Q1013 NOSIG
2026-02-05 17:14 UTC,METAR WSSS 051700Z 36009KT 9999 FEW018 BKN300 26/23 Q1013 NOSIG
2026-02-05 18:09 UTC,METAR WSSS 051800Z 35007KT 9999 FEW018 BKN300 26/23 Q1013 NOSIG
2026-02-05 19:11 UTC,METAR WSSS 051900Z 35008KT 330V030 9999 FEW018 BKN300 26/23 Q1012 NOSIG
2026-02-05 19:55 UTC,METAR WSSS 051930Z 35007KT 9999 FEW018 BKN300 26/23 Q1012 NOSIG
2026-02-05 20:28 UTC,METAR WSSS 052000Z 36007KT 9999 FEW018 BKN300 25/23 Q1012 NOSIG
2026-02-05 21:00 UTC,METAR WSSS 052030Z 36007KT 9999 FEW018 BKN300 25/23 Q1011 NOSIG
2026-02-05 21:38 UTC,METAR WSSS 052130Z 36007KT 9999 FEW018 BKN300 25/23 Q1011 NOSIG
2026-02-05 22:22 UTC,METAR WSSS 052200Z 34006KT 9999 FEW018 BKN300 25/23 Q1012 NOSIG
2026-02-05 22:54 UTC,METAR WSSS 052230Z 34005KT 9999 FEW018 BKN300 25/23 Q1012 NOSIG
2026-02-05 23:20 UTC,METAR WSSS 052300Z 34004KT 9999 FEW018 BKN300 25/23 Q1012 NOSIG
2026-02-05 23:47 UTC,METAR WSSS 052330Z 33004KT 9999 FEW018 BKN300 25/23 Q1012 NOSIG
2026-02-06 01:46 UTC,METAR WSSS 060130Z 36008KT 320V020 9999 FEW018 SCT160 BKN300 27/23 Q1014 NOSIG
2026-02-06 04:11 UTC,METAR WSSS 060400Z 36011KT 9999 FEW018 SCT070 30/22 Q1014 NOSIG
2026-02-06 05:34 UTC,METAR WSSS 060530Z 01010KT 340V040 9999 SCT020 SCT080 31/22 Q1013 NOSIG
2026-02-06 06:48 UTC,METAR WSSS 060630Z 01011KT 340V040 9999 SCT020 SCT080 32/23 Q1012 NOSIG
2026-02-06 07:43 UTC,METAR WSSS 060730Z 02013KT 350V050 9999 FEW020 SCT160 BKN300 31/22 Q1010 NOSIG
2026-02-06 08:36 UTC,METAR WSSS 060830Z 36010KT 310V030 9999 FEW016 FEW018TCU FEW020CB BKN300 32/21 Q1009 NOSIG
2026-02-06 09:38 UTC,METAR WSSS 060930Z 36012KT 9999 FEW016 FEW018TCU FEW020CB SCT050 31/20 Q1009 NOSIG
2026-02-06 10:35 UTC,METAR WSSS 061030Z 33009KT 250V010 9999 VCSH FEW016 FEW018TCU BKN050 29/22 Q1010 NOSIG
2026-02-06 11:30 UTC,METAR WSSS 061100Z 34011KT 310V010 4000 -SHRA FEW014 FEW016TCU SCT040 25/23 Q1011 BECMG FM1115 TL1125 6000
2026-02-06 12:51 UTC,METAR WSSS 061230Z 32003KT 9999 FEW016 SCT150 BKN300 25/23 Q1012 NOSIG
2026-02-06 13:59 UTC,METAR WSSS 061330Z 31004KT 9999 FEW016 BKN300 25/23 Q1012 NOSIG
2026-02-06 14:49 UTC,METAR WSSS 061430Z 34003KT 9999 FEW016 BKN300 25/24 Q1012 NOSIG
2026-02-06 15:35 UTC,METAR WSSS 061530Z 33003KT 9999 FEW016 BKN300 25/24 Q1013 NOSIG
2026-02-06 16:38 UTC,METAR WSSS 061630Z 33002KT 7000 FEW016 SCT150 BKN300 25/23 Q1012 NOSIG
2026-02-06 17:38 UTC,METAR WSSS 061730Z 35004KT 8000 FEW016 BKN150 25/23 Q1012 NOSIG
2026-02-06 18:43 UTC,METAR WSSS 061830Z 35003KT 9999 FEW016 BKN150 24/23 Q1012 NOSIG
2026-02-06 19:35 UTC,METAR WSSS 061930Z 01003KT 9999 FEW015 BKN300 24/23 Q1011 NOSIG
2026-02-06 20:28 UTC,METAR WSSS 062000Z 35003KT 9999 FEW018 BKN300 24/22 Q1011 NOSIG
2026-02-06 20:59 UTC,METAR WSSS 062030Z 35004KT 9999 FEW018 BKN300 24/23 Q1011 NOSIG
2026-02-06 21:38 UTC,METAR WSSS 062130Z 33005KT 9999 FEW018 BKN300 24/22 Q1011 NOSIG
2026-02-06 22:19 UTC,METAR WSSS 062200Z 34004KT 9999 FEW018 BKN300 24/23 Q1011 NOSIG
2026-02-06 22:49 UTC,METAR WSSS 062230Z 34003KT 9999 FEW016 BKN300 24/23 Q1011 NOSIG
2026-02-06 23:21 UTC,METAR WSSS 062300Z 34006KT 9999 FEW016 BKN300 24/23 Q1011 NOSIG
2026-02-06 23:48 UTC,METAR WSSS 062330Z 34006KT 9999 FEW018 BKN300 25/23 Q1011 NOSIG
2026-02-07 01:43 UTC,METAR WSSS 070130Z 34007KT 300V010 9999 FEW018 BKN300 27/23 Q1013 NOSIG
2026-02-07 04:05 UTC,METAR WSSS 070400Z 01008KT 330V060 9999 SCT018 BKN300 31/23 Q1012 NOSIG
2026-02-07 05:24 UTC,METAR WSSS 070500Z 36009KT 330V040 9999 SCT018 BKN300 31/23 Q1011 NOSIG
2026-02-07 06:01 UTC,METAR WSSS 070600Z 01012KT 9999 SCT018 SCT040 30/23 Q1010 NOSIG
2026-02-07 07:06 UTC,METAR WSSS 070700Z 36009KT 9999 -SHRA FEW016 FEW018TCU SCT040 29/23 Q1009 NOSIG
2026-02-07 07:50 UTC,METAR WSSS 070730Z 36011KT 9999 VCSH FEW018TCU SCT040 30/23 Q1009 NOSIG
2026-02-07 08:26 UTC,METAR WSSS 070800Z 19007KT 150V290 9000 4000S -SHRA FEW015 FEW017TCU SCT040 27/24 Q1009 TEMPO TL0900 3000 TSRA
2026-02-07 08:56 UTC,METAR WSSS 070830Z 20007KT 9999 -SHRA FEW015 FEW017TCU SCT040 28/24 Q1009 TEMPO TL0900 4500 TSRA
2026-02-07 09:30 UTC,METAR WSSS 070900Z 19007KT 9999 -SHRA FEW015 FEW017TCU SCT040 26/24 Q1009 NOSIG
2026-02-07 10:21 UTC,METAR WSSS 071000Z 15004KT 120V200 9999 -SHRA FEW015 FEW017TCU SCT040 27/24 Q1009 NOSIG
2026-02-07 10:51 UTC,SPECI WSSS 071045Z 02005KT 350V080 8000 -SHRA FEW015 FEW017TCU SCT030 26/24 Q1009 RESHRA NOSIG
2026-02-07 11:18 UTC,METAR WSSS 071100Z 08005KT 010V120 8000 -SHRA FEW015 FEW017TCU SCT030 27/23 Q1009 RESHRA NOSIG
2026-02-07 11:43 UTC,METAR WSSS 071130Z 01005KT 320V060 9999 FEW016 FEW017TCU SCT160 27/24 Q1010 NOSIG
2026-02-07 12:39 UTC,METAR WSSS 071230Z 03009KT 9999 FEW018 BKN300 27/23 Q1010 NOSIG
2026-02-07 13:40 UTC,METAR WSSS 071330Z 35006KT 9999 FEW018 BKN300 25/23 Q1011 NOSIG
2026-02-07 14:22 UTC,METAR WSSS 071400Z 35006KT 9999 FEW018 BKN300 26/23 Q1012 NOSIG
2026-02-07 14:51 UTC,METAR WSSS 071430Z 35005KT 9999 FEW018 SCT030 BKN300 25/23 Q1012 NOSIG
2026-02-07 15:20 UTC,METAR WSSS 071500Z 35006KT 9999 FEW018 BKN300 25/23 Q1012 NOSIG
2026-02-07 15:47 UTC,METAR WSSS 071530Z 35005KT 9999 FEW018 BKN300 25/23 Q1012 NOSIG
2026-02-07 16:24 UTC,METAR WSSS 071600Z 35006KT 9999 FEW018 BKN300 25/23 Q1012 NOSIG
2026-02-07 16:55 UTC,METAR WSSS 071630Z 35006KT 9999 FEW018 BKN300 25/23 Q1012 NOSIG
2026-02-07 17:24 UTC,METAR WSSS 071700Z 35005KT 9999 FEW018 BKN300 25/23 Q1012 NOSIG
2026-02-07 17:50 UTC,METAR WSSS 071730Z 34004KT 9999 FEW018 BKN080 25/23 Q1011 NOSIG
2026-02-07 18:29 UTC,METAR WSSS 071800Z 31003KT 9999 FEW018 SCT080 BKN300 25/23 Q1011 NOSIG
2026-02-07 19:01 UTC,METAR WSSS 071900Z 33004KT 9999 FEW018 SCT080 BKN300 25/23 Q1011 NOSIG
2026-02-07 19:43 UTC,METAR WSSS 071930Z 34003KT 9999 FEW018 BKN300 24/23 Q1010 NOSIG
2026-02-07 20:22 UTC,METAR WSSS 072000Z 34004KT 9999 FEW016 BKN300 25/23 Q1011 NOSIG
2026-02-07 20:50 UTC,METAR WSSS 072030Z VRB02KT 9999 FEW016 BKN300 24/23 Q1011 NOSIG
2026-02-07 21:21 UTC,METAR WSSS 072100Z 35003KT 9999 FEW018 BKN300 24/23 Q1011 NOSIG
2026-02-07 21:48 UTC,METAR WSSS 072130Z 33003KT 9000 FEW018 BKN300 24/23 Q1011 NOSIG
2026-02-07 22:20 UTC,METAR WSSS 072200Z 34003KT 8000 FEW018 BKN300 24/23 Q1011 NOSIG
2026-02-07 22:53 UTC,METAR WSSS 072230Z 34004KT 8000 FEW018 BKN300 24/22 Q1011 NOSIG
2026-02-07 23:26 UTC,METAR WSSS 072300Z 33003KT 8000 FEW018 BKN300 24/23 Q1012 NOSIG
2026-02-07 23:55 UTC,METAR WSSS 072330Z 34005KT 7000 FEW018 BKN300 24/22 Q1012 NOSIG
2026-02-08 02:10 UTC,METAR WSSS 080200Z 02013KT 9999 FEW018 BKN300 28/23 Q1013 NOSIG
2026-02-08 04:41 UTC,METAR WSSS 080430Z 01012KT 350V050 9999 FEW020 BKN300 31/23 Q1012 NOSIG
2026-02-08 05:57 UTC,METAR WSSS 080530Z 36014KT 9999 FEW020 BKN300 31/22 Q1011 NOSIG
2026-02-08 06:55 UTC,METAR WSSS 080630Z 36013KT 340V040 9999 FEW020 BKN300 32/22 Q1010 NOSIG
2026-02-08 07:37 UTC,METAR WSSS 080730Z 36015KT 9999 FEW020 BKN300 31/22 Q1009 NOSIG
2026-02-08 08:28 UTC,METAR WSSS 080800Z 36013KT 320V020 9999 FEW020 BKN300 30/22 Q1009 NOSIG
2026-02-08 08:58 UTC,METAR WSSS 080830Z 36015KT 9999 FEW020 SCT070 BKN300 31/23 Q1009 NOSIG
2026-02-08 09:35 UTC,METAR WSSS 080930Z 36015KT 9999 FEW018 SCT080 BKN300 29/21 Q1009 NOSIG
2026-02-08 10:22 UTC,METAR WSSS 081000Z 01015KT 9999 FEW018 BKN080 29/22 Q1009 NOSIG
2026-02-08 10:53 UTC,METAR WSSS 081030Z 36014KT 9999 FEW018 BKN080 28/22 Q1009 NOSIG
2026-02-08 11:20 UTC,METAR WSSS 081100Z 36012KT 9999 FEW018 BKN080 28/22 Q1010 NOSIG
2026-02-08 11:44 UTC,METAR WSSS 081130Z 01015KT 9999 FEW018 SCT080 BKN300 27/22 Q1010 NOSIG
2026-02-08 12:40 UTC,METAR WSSS 081230Z 36010KT 9999 FEW018 BKN300 27/22 Q1011 NOSIG
2026-02-08 13:41 UTC,METAR WSSS 081330Z 01010KT 9999 FEW016 SCT080 BKN300 27/22 Q1011 NOSIG
2026-02-08 14:23 UTC,METAR WSSS 081400Z 01013KT 9999 FEW016 SCT080 BKN300 27/22 Q1012 NOSIG
2026-02-08 14:52 UTC,METAR WSSS 081430Z 01012KT 9999 FEW016 SCT080 BKN300 26/22 Q1012 NOSIG
2026-02-08 15:21 UTC,METAR WSSS 081500Z 01009KT 9999 FEW018 SCT080 BKN300 26/22 Q1012 NOSIG
2026-02-08 15:48 UTC,METAR WSSS 081530Z 01010KT 9999 FEW018 SCT080 BKN300 26/22 Q1012 NOSIG
2026-02-08 16:25 UTC,METAR WSSS 081600Z 36009KT 9999 FEW018 SCT080 BKN300 26/22 Q1012 NOSIG
2026-02-08 16:55 UTC,METAR WSSS 081630Z 01011KT 9999 FEW018 SCT080 BKN300 26/22 Q1012 NOSIG
2026-02-08 17:24 UTC,METAR WSSS 081700Z 01012KT 9999 FEW018 BKN300 26/22 Q1012 NOSIG
2026-02-08 17:52 UTC,METAR WSSS 081730Z 36012KT 9999 FEW018 BKN300 25/21 Q1011 NOSIG
2026-02-08 18:31 UTC,METAR WSSS 081830Z 36010KT 9999 FEW018 BKN300 25/21 Q1011 NOSIG
2026-02-08 19:21 UTC,METAR WSSS 081900Z 35008KT 320V020 9999 FEW018 BKN300 25/21 Q1011 NOSIG
2026-02-08 19:44 UTC,METAR WSSS 081930Z 35008KT 9999 FEW018 BKN300 25/21 Q1010 NOSIG
2026-02-08 20:22 UTC,METAR WSSS 082000Z 36009KT 9999 FEW018 BKN300 25/21 Q1010 NOSIG
2026-02-08 20:50 UTC,METAR WSSS 082030Z 01010KT 9999 FEW018 BKN300 25/21 Q1010 NOSIG
2026-02-08 21:22 UTC,METAR WSSS 082100Z 01011KT 9999 FEW018 BKN300 25/21 Q1010 NOSIG
2026-02-08 21:50 UTC,METAR WSSS 082130Z 01011KT 9999 FEW018 BKN300 25/21 Q1009 NOSIG
2026-02-08 22:22 UTC,METAR WSSS 082200Z 01011KT 9999 FEW018 BKN300 25/21 Q1009 NOSIG
2026-02-08 22:54 UTC,METAR WSSS 082230Z 36009KT 9999 FEW018 BKN300 24/21 Q1010 NOSIG
2026-02-08 23:26 UTC,METAR WSSS 082300Z 01011KT 9999 FEW018 BKN300 25/21 Q1010 NOSIG
2026-02-08 23:53 UTC,METAR WSSS 082330Z 02012KT 9999 FEW018 BKN300 25/21 Q1010 NOSIG
2026-02-09 01:53 UTC,METAR WSSS 090130Z 36011KT 9999 FEW018 BKN300 28/22 Q1012 NOSIG
2026-02-09 04:24 UTC,METAR WSSS 090400Z 36017KT 9999 SCT020 BKN300 31/20 Q1011 NOSIG
2026-02-09 05:51 UTC,METAR WSSS 090530Z 36016KT 9999 SCT020 BKN300 31/21 Q1010 NOSIG
2026-02-09 06:59 UTC,METAR WSSS 090630Z 36019KT 9999 FEW020 BKN300 32/20 Q1010 NOSIG
2026-02-09 08:00 UTC,METAR WSSS 090730Z 01018KT 9999 FEW020 BKN300 31/20 Q1009 NOSIG
2026-02-09 09:30 UTC,METAR WSSS 090900Z 36012KT 9999 FEW020 BKN300 30/20 Q1009 NOSIG
2026-02-09 10:52 UTC,METAR WSSS 091030Z 01011KT 9999 FEW018 BKN300 29/20 Q1009 NOSIG
2026-02-09 11:42 UTC,METAR WSSS 091130Z 01012KT 8000 FEW018 BKN300 28/21 Q1010 NOSIG
2026-02-09 13:00 UTC,METAR WSSS 091230Z 36009KT 9999 FEW018 BKN300 26/22 Q1011 NOSIG
2026-02-09 14:34 UTC,METAR WSSS 091430Z 34006KT 9999 FEW018 BKN300 26/21 Q1012 NOSIG
2026-02-09 15:52 UTC,METAR WSSS 091530Z 35005KT 9999 FEW018 BKN300 25/22 Q1013 NOSIG
2026-02-09 17:49 UTC,METAR WSSS 091730Z 34005KT 8000 FEW018 BKN300 25/22 Q1012 NOSIG
2026-02-09 19:59 UTC,METAR WSSS 091930Z 34007KT 9999 FEW018 BKN300 25/22 Q1011 NOSIG
2026-02-09 20:53 UTC,METAR WSSS 092030Z 34006KT 9999 FEW018 BKN300 25/22 Q1010 NOSIG
2026-02-09 21:35 UTC,METAR WSSS 092130Z 34006KT 300V360 9999 FEW018 BKN300 24/22 Q1010 NOSIG
2026-02-09 22:32 UTC,METAR WSSS 092230Z 34006KT 300V360 9999 FEW018 BKN300 25/22 Q1011 NOSIG
2026-02-09 23:33 UTC,METAR WSSS 092330Z 33005KT 300V010 9999 FEW018 BKN300 25/22 Q1011 NOSIG
2026-02-10 02:04 UTC,METAR WSSS 100200Z 35011KT 9999 FEW016 BKN300 28/23 Q1013 NOSIG
2026-02-10 04:41 UTC,METAR WSSS 100430Z 34010KT 300V010 9999 -SHRA FEW016 FEW018TCU SCT035 BKN300 30/24 Q1012 NOSIG
2026-02-10 06:10 UTC,METAR WSSS 100600Z 01012KT 9999 -SHRA SCT016 FEW018TCU SCT300 32/24 Q1011 NOSIG
2026-02-10 07:37 UTC,METAR WSSS 100730Z 01016KT 9999 FEW018TCU SCT300 32/23 Q1010 NOSIG
2026-02-10 08:45 UTC,METAR WSSS 100830Z 01014KT 9999 FEW020TCU BKN300 31/22 Q1009 NOSIG
2026-02-10 09:57 UTC,METAR WSSS 100930Z 36012KT 9999 FEW020 BKN300 31/23 Q1009 NOSIG
2026-02-10 10:55 UTC,METAR WSSS 101030Z 36013KT 9999 FEW018 BKN300 30/23 Q1010 NOSIG
2026-02-10 11:48 UTC,METAR WSSS 101130Z 36013KT 9999 FEW018 BKN300 28/23 Q1010 NOSIG
2026-02-10 13:04 UTC,METAR WSSS 101300Z 36007KT 9999 FEW018 BKN300 27/23 Q1011 NOSIG
2026-02-10 14:41 UTC,METAR WSSS 101430Z 35007KT 9999 FEW016 BKN300 26/23 Q1012 NOSIG
2026-02-10 16:03 UTC,METAR WSSS 101600Z 34006KT 290V360 9999 FEW016 BKN300 26/23 Q1013 NOSIG
2026-02-10 17:33 UTC,METAR WSSS 101730Z 34005KT 310V010 9999 FEW016 BKN300 26/23 Q1012 NOSIG
2026-02-10 18:59 UTC,METAR WSSS 101830Z 34006KT 310V010 9999 FEW016 BKN300 26/23 Q1012 NOSIG
2026-02-10 20:02 UTC,METAR WSSS 102000Z 34006KT 9999 FEW016 BKN300 25/23 Q1011 NOSIG
2026-02-10 21:07 UTC,METAR WSSS 102100Z 34008KT 9999 SCT016 BKN300 25/23 Q1011 NOSIG
2026-02-10 22:05 UTC,METAR WSSS 102200Z 34007KT 9999 SCT016 BKN300 25/23 Q1012 NOSIG
2026-02-10 23:07 UTC,METAR WSSS 102300Z 34007KT 9999 FEW016 BKN300 25/23 Q1012 NOSIG
2026-02-11 00:00 UTC,METAR WSSS 102330Z 34006KT 300V360 9999 FEW016 BKN300 25/23 Q1012 NOSIG
2026-02-11 03:30 UTC,METAR WSSS 110300Z 36011KT 9999 SCT020 BKN300 30/24 Q1013 NOSIG
2026-02-11 05:24 UTC,METAR WSSS 110500Z 36012KT 330V030 9999 FEW020TCU SCT022 BKN300 31/24 Q1012 NOSIG
2026-02-11 06:38 UTC,METAR WSSS 110630Z 02010KT 350V050 9999 FEW020TCU BKN030 31/23 Q1011 NOSIG
2026-02-11 07:53 UTC,METAR WSSS 110730Z 36008KT 9999 FEW018 FEW020TCU SCT030 31/24 Q1010 NOSIG
2026-02-11 08:43 UTC,METAR WSSS 110830Z 36011KT 9999 FEW018 FEW020TCU SCT035 30/24 Q1009 NOSIG
2026-02-11 09:49 UTC,METAR WSSS 110930Z 33006KT 300V010 9999 -SHRA FEW015 SCT017TCU FEW018CB 28/24 Q1010 NOSIG
2026-02-11 10:44 UTC,METAR WSSS 111030Z 35008KT 9999 FEW018 FEW020TCU SCT030 28/24 Q1010 NOSIG
2026-02-11 11:41 UTC,METAR WSSS 111130Z 34008KT 9999 FEW018 BKN300 27/23 Q1010 NOSIG
2026-02-11 13:00 UTC,METAR WSSS 111230Z 35008KT 9999 FEW018 SCT040 27/23 Q1011 NOSIG
2026-02-11 14:35 UTC,METAR WSSS 111430Z 34009KT 9999 FEW016 BKN300 26/23 Q1012 NOSIG
2026-02-11 15:57 UTC,METAR WSSS 111530Z 34008KT 9999 FEW015 BKN300 26/23 Q1012 NOSIG
2026-02-11 17:05 UTC,METAR WSSS 111700Z 33006KT 9999 SCT015 BKN300 26/23 Q1012 NOSIG
2026-02-11 18:13 UTC,METAR WSSS 111800Z 34006KT 9999 FEW015 SCT160 BKN300 25/23 Q1012 NOSIG
2026-02-11 19:32 UTC,METAR WSSS 111930Z 35007KT 9999 FEW016 BKN160 25/23 Q1011 NOSIG
2026-02-11 20:34 UTC,METAR WSSS 112030Z 34007KT 9000 FEW016 SCT160 25/23 Q1011 NOSIG
2026-02-11 21:30 UTC,METAR WSSS 112100Z 34005KT 9999 FEW016 SCT160 25/23 Q1011 NOSIG
2026-02-11 22:25 UTC,METAR WSSS 112200Z 34006KT 310V010 9999 FEW018 BKN160 25/23 Q1011 NOSIG
2026-02-11 22:58 UTC,METAR WSSS 112230Z 34006KT 9999 FEW018 SCT060 25/23 Q1011 NOSIG
2026-02-11 23:38 UTC,METAR WSSS 112330Z 35008KT 9999 FEW018 BKN160 25/23 Q1011 NOSIG
2026-02-12 01:53 UTC,METAR WSSS 120130Z 35009KT 9999 FEW018 BKN160 27/24 Q1013 NOSIG
2026-02-12 04:22 UTC,METAR WSSS 120400Z 35014KT 9999 FEW018 BKN160 29/24 Q1012 NOSIG
2026-02-12 05:46 UTC,METAR WSSS 120530Z 36014KT 330V030 9999 FEW018 BKN160 30/24 Q1012 NOSIG
2026-02-12 06:57 UTC,METAR WSSS 120630Z 35011KT 310V010 9999 FEW018 BKN160 30/24 Q1011 NOSIG
2026-02-12 07:53 UTC,METAR WSSS 120730Z 34011KT 300V010 9999 FEW018 BKN160 30/23 Q1010 NOSIG
2026-02-12 08:40 UTC,METAR WSSS 120830Z 35010KT 9999 SCT018 BKN160 30/23 Q1009 NOSIG
2026-02-12 09:43 UTC,METAR WSSS 120930Z 34010KT 9999 FEW018 BKN160 29/23 Q1009 NOSIG
2026-02-12 10:41 UTC,METAR WSSS 121030Z 36011KT 9999 FEW018 BKN160 29/23 Q1009 NOSIG
2026-02-12 11:36 UTC,METAR WSSS 121130Z 35011KT 9999 FEW018 BKN160 28/23 Q1010 NOSIG
2026-02-12 12:58 UTC,METAR WSSS 121230Z 35010KT 9999 FEW018 SCT050 27/23 Q1011 NOSIG
2026-02-12 14:12 UTC,METAR WSSS 121400Z 34009KT 9999 -RA FEW016 BKN160 26/23 Q1012 NOSIG
2026-02-12 15:13 UTC,METAR WSSS 121500Z 35007KT 320V020 9999 SCT016 BKN150 26/23 Q1012 NOSIG
2026-02-12 16:29 UTC,METAR WSSS 121600Z 01012KT 9999 -RA FEW016 BKN160 26/24 Q1012 NOSIG
2026-02-12 17:35 UTC,METAR WSSS 121730Z 36011KT 9999 FEW015 SCT150 BKN180 26/23 Q1011 NOSIG
2026-02-12 18:57 UTC,METAR WSSS 121830Z 36008KT 9999 -RA FEW015 BKN160 26/23 Q1010 NOSIG
2026-02-12 19:49 UTC,METAR WSSS 121930Z 35008KT 9999 -RA FEW015 SCT030 BKN160 26/24 Q1010 NOSIG
2026-02-12 20:30 UTC,METAR WSSS 122000Z 01010KT 9999 -RA FEW015 BKN160 26/24 Q1010 NOSIG
2026-02-12 21:29 UTC,METAR WSSS 122100Z 36007KT 9999 -RA FEW015 BKN160 26/24 Q1009 NOSIG
2026-02-12 21:59 UTC,METAR WSSS 122130Z 35007KT 330V030 9999 -RA SCT012 BKN160 26/24 Q1009 NOSIG
2026-02-12 22:38 UTC,METAR WSSS 122230Z 36007KT 9999 SCT012 BKN160 26/24 Q1009 NOSIG
2026-02-12 23:24 UTC,METAR WSSS 122300Z 35006KT 9999 FEW012 BKN160 26/24 Q1010 NOSIG
2026-02-12 23:52 UTC,METAR WSSS 122330Z 36007KT 9999 FEW012 BKN160 26/24 Q1010 NOSIG
2026-02-13 01:55 UTC,METAR WSSS 130130Z 36010KT 9999 FEW015 BKN160 28/24 Q1011 NOSIG
2026-02-13 04:20 UTC,METAR WSSS 130400Z 01015KT 9999 FEW016 BKN150 29/24 Q1011 NOSIG
2026-02-13 05:42 UTC,METAR WSSS 130530Z 01013KT 9999 FEW018 BKN150 30/23 Q1010 NOSIG
2026-02-13 06:54 UTC,METAR WSSS 130630Z 36013KT 9999 FEW018 BKN160 31/23 Q1009 NOSIG
2026-02-13 07:47 UTC,METAR WSSS 130730Z 36013KT 9999 FEW020 SCT160 BKN300 32/23 Q1008 NOSIG
2026-02-13 08:37 UTC,METAR WSSS 130830Z 01014KT 9999 FEW020 SCT160 BKN300 30/23 Q1008 NOSIG
2026-02-13 09:39 UTC,METAR WSSS 130930Z 01013KT 9999 FEW018 SCT160 BKN300 30/23 Q1008 NOSIG
2026-02-13 10:35 UTC,METAR WSSS 131030Z 01013KT 9999 FEW018 SCT160 BKN300 29/23 Q1008 NOSIG
2026-02-13 11:28 UTC,METAR WSSS 131100Z 01011KT 9999 FEW018 SCT160 BKN300 28/23 Q1009 NOSIG
2026-02-13 11:55 UTC,METAR WSSS 131130Z 01013KT 9999 FEW018 SCT160 BKN300 28/23 Q1009 NOSIG
2026-02-13 12:53 UTC,METAR WSSS 131230Z 01011KT 9999 FEW018 BKN300 27/23 Q1010 NOSIG
2026-02-13 13:59 UTC,METAR WSSS 131330Z 36009KT 9999 FEW018 BKN300 27/24 Q1011 NOSIG
2026-02-13 14:50 UTC,METAR WSSS 131430Z 35009KT 9999 FEW018 BKN300 27/24 Q1011 NOSIG
2026-02-13 15:37 UTC,METAR WSSS 131530Z 36010KT 9999 FEW018 BKN300 26/24 Q1011 NOSIG
2026-02-13 16:40 UTC,METAR WSSS 131630Z 35009KT 9999 FEW018 BKN300 26/23 Q1011 NOSIG
2026-02-13 17:37 UTC,METAR WSSS 131730Z 35006KT 9999 FEW018 BKN300 26/24 Q1010 NOSIG
2026-02-13 18:41 UTC,METAR WSSS 131830Z 01009KT 9999 FEW018 BKN300 26/24 Q1010 NOSIG
2026-02-13 19:39 UTC,METAR WSSS 131930Z 35007KT 9999 FEW018 BKN300 26/23 Q1010 NOSIG
2026-02-13 20:33 UTC,METAR WSSS 132030Z 36007KT 9999 FEW018 BKN300 25/24 Q1009 NOSIG
2026-02-13 21:30 UTC,METAR WSSS 132100Z 36006KT 9999 FEW018 BKN300 25/24 Q1009 NOSIG
2026-02-13 22:28 UTC,METAR WSSS 132200Z 35006KT 9999 FEW018 BKN300 25/24 Q1009 NOSIG
2026-02-13 23:00 UTC,METAR WSSS 132230Z 36006KT 9999 FEW018 BKN300 26/24 Q1009 NOSIG
2026-02-13 23:51 UTC,METAR WSSS 132330Z 34004KT 9999 FEW015 BKN300 26/24 Q1010 NOSIG
2026-02-14 01:46 UTC,METAR WSSS 140130Z 36007KT 9999 SCT016 BKN300 28/24 Q1011 NOSIG
2026-02-14 04:07 UTC,METAR WSSS 140400Z 36012KT 9999 SCT020 BKN300 32/24 Q1010 NOSIG
2026-02-14 05:28 UTC,METAR WSSS 140500Z 01012KT 340V040 9999 FEW020TCU SCT022 BKN300 32/23 Q1009 NOSIG
2026-02-14 06:05 UTC,METAR WSSS 140600Z 01013KT 9999 VCSH FEW018TCU BKN300 33/23 Q1008 NOSIG
2026-02-14 07:08 UTC,METAR WSSS 140700Z 36015KT 9999 FEW018 FEW020TCU SCT035 BKN300 33/23 Q1007 NOSIG
2026-02-14 07:53 UTC,METAR WSSS 140730Z 02015KT 350V050 9999 FEW018TCU FEW020CB BKN300 32/23 Q1007 NOSIG
2026-02-14 08:26 UTC,METAR WSSS 140800Z 01015KT 340V040 9999 FEW018TCU FEW020CB SCT300 32/24 Q1006 NOSIG
2026-02-14 08:57 UTC,METAR WSSS 140830Z 02016KT 9000 FEW018TCU FEW020CB SCT300 32/23 Q1006 NOSIG
2026-02-14 09:34 UTC,METAR WSSS 140930Z 01013KT 340V040 8000 FEW018TCU FEW020CB SCT300 30/23 Q1007 NOSIG
2026-02-14 10:21 UTC,METAR WSSS 141000Z 36013KT 8000 FEW016 FEW018TCU FEW020CB SCT050 29/23 Q1007 NOSIG
2026-02-14 10:52 UTC,METAR WSSS 141030Z 36011KT 340V040 9000 FEW016 FEW018TCU FEW020CB SCT050 29/23 Q1007 NOSIG
2026-02-14 11:19 UTC,METAR WSSS 141100Z 35012KT 9000 -SHRA FEW016 FEW018TCU BKN050 28/23 Q1008 NOSIG
2026-02-14 11:44 UTC,METAR WSSS 141130Z 01012KT 9000 FEW016 FEW018TCU BKN050 28/23 Q1008 NOSIG
2026-02-14 12:38 UTC,METAR WSSS 141230Z 36011KT 8000 FEW016 SCT050 BKN300 27/23 Q1008 NOSIG
2026-02-14 13:41 UTC,METAR WSSS 141330Z 36010KT 8000 FEW016 BKN300 27/23 Q1009 NOSIG
2026-02-14 14:22 UTC,METAR WSSS 141400Z 36009KT 8000 FEW016 BKN300 27/24 Q1010 NOSIG
2026-02-14 14:51 UTC,METAR WSSS 141430Z 36010KT 8000 FEW016 BKN300 27/23 Q1010 NOSIG
2026-02-14 15:21 UTC,METAR WSSS 141500Z 36009KT 8000 FEW016 BKN300 27/24 Q1010 NOSIG
2026-02-14 15:48 UTC,METAR WSSS 141530Z 35008KT 320V020 8000 FEW016 BKN300 26/24 Q1010 NOSIG
2026-02-14 16:23 UTC,METAR WSSS 141600Z 36010KT 8000 SCT016 BKN300 26/24 Q1010 NOSIG
2026-02-14 16:55 UTC,METAR WSSS 141630Z 01009KT 8000 SCT016 BKN300 26/24 Q1010 NOSIG
2026-02-14 17:23 UTC,METAR WSSS 141700Z 36008KT 8000 SCT016 BKN300 26/24 Q1010 NOSIG
2026-02-14 17:49 UTC,METAR WSSS 141730Z 35007KT 320V020 8000 FEW016 SCT030 BKN300 26/24 Q1010 NOSIG
2026-02-14 18:29 UTC,METAR WSSS 141800Z 01010KT 6000 FEW016 SCT030 BKN300 26/24 Q1009 NOSIG
2026-02-14 19:00 UTC,METAR WSSS 141830Z 36007KT 6000 FEW016 SCT030 BKN300 26/24 Q1009 NOSIG
2026-02-14 19:43 UTC,METAR WSSS 141930Z 36007KT 8000 SCT016 BKN300 26/24 Q1008 NOSIG
2026-02-14 20:21 UTC,METAR WSSS 142000Z 35007KT 8000 SCT016 BKN300 26/24 Q1008 NOSIG
2026-02-14 20:49 UTC,METAR WSSS 142030Z 35006KT 320V020 8000 FEW016 BKN300 26/24 Q1008 NOSIG
2026-02-14 21:20 UTC,METAR WSSS 142100Z 35008KT 8000 FEW016 BKN300 26/24 Q1008 NOSIG
2026-02-14 21:45 UTC,METAR WSSS 142130Z 35007KT 8000 FEW016 BKN300 26/24 Q1008 NOSIG
2026-02-14 22:19 UTC,METAR WSSS 142200Z 36007KT 8000 FEW016 BKN300 26/24 Q1008 NOSIG
2026-02-14 22:49 UTC,METAR WSSS 142230Z 35005KT 8000 SCT016 BKN300 26/24 Q1008 NOSIG
2026-02-14 23:20 UTC,METAR WSSS 142300Z 34006KT 300V020 8000 -SHRA FEW015 FEW018TCU BKN300 26/24 Q1009 NOSIG
2026-02-14 23:46 UTC,METAR WSSS 142330Z 35005KT 8000 FEW016 FEW020TCU SCT150 BKN300 26/24 Q1009 NOSIG
2026-02-15 01:55 UTC,METAR WSSS 150130Z 36011KT 9000 FEW016 SCT080 BKN150 27/23 Q1011 NOSIG
2026-02-15 04:20 UTC,METAR WSSS 150400Z 36009KT 310V020 9999 FEW018 FEW020TCU SCT150 31/23 Q1010 NOSIG
2026-02-15 05:38 UTC,METAR WSSS 150530Z 35010KT 9999 FEW018 FEW020TCU SCT050 29/23 Q1009 NOSIG
2026-02-15 06:46 UTC,METAR WSSS 150630Z 35009KT 320V030 9999 FEW018 FEW020TCU SCT150 30/23 Q1008 NOSIG
2026-02-15 07:35 UTC,METAR WSSS 150730Z 01013KT 9999 FEW018 FEW020TCU SCT160 31/23 Q1007 NOSIG
2026-02-15 08:28 UTC,METAR WSSS 150800Z 36012KT 320V020 9999 FEW018 FEW020TCU SCT080 30/23 Q1007 NOSIG
2026-02-15 08:58 UTC,METAR WSSS 150830Z 01014KT 9999 FEW018 FEW020TCU SCT150 30/23 Q1006 NOSIG
2026-02-15 09:37 UTC,METAR WSSS 150930Z 35011KT 300V010 9999 FEW020 SCT170 BKN300 29/22 Q1006 NOSIG
2026-02-15 10:21 UTC,METAR WSSS 151000Z 34011KT 300V020 9999 FEW020 SCT160 30/23 Q1006 NOSIG
2026-02-15 10:52 UTC,METAR WSSS 151030Z 34008KT 310V020 9999 FEW018 FEW020TCU SCT070 28/23 Q1007 NOSIG
2026-02-15 11:19 UTC,METAR WSSS 151100Z 35008KT 310V010 9999 FEW018 FEW020TCU SCT070 28/23 Q1007 NOSIG
2026-02-15 11:44 UTC,METAR WSSS 151130Z 36010KT 9999 FEW018 BKN300 27/23 Q1007 NOSIG
2026-02-15 12:40 UTC,METAR WSSS 151230Z 33006KT 9999 SCT018 BKN300 26/23 Q1008 NOSIG
2026-02-15 13:41 UTC,METAR WSSS 151330Z 34007KT 300V010 9999 SCT016 SCT070 26/23 Q1009 NOSIG
2026-02-15 14:23 UTC,METAR WSSS 151400Z 34009KT 9999 SCT016 SCT070 26/23 Q1010 NOSIG
2026-02-15 14:52 UTC,METAR WSSS 151430Z 34008KT 9999 FEW015 BKN070 26/23 Q1010 NOSIG
2026-02-15 15:21 UTC,METAR WSSS 151500Z 34009KT 9999 -RA FEW018 BKN070 25/23 Q1010 NOSIG
2026-02-15 15:46 UTC,METAR WSSS 151530Z 34008KT 310V010 9999 -RA FEW016 BKN070 25/23 Q1010 NOSIG
2026-02-15 16:24 UTC,METAR WSSS 151600Z 35012G23KT 9999 -RA SCT015 SCT160 25/24 Q1010 NOSIG
2026-02-15 16:55 UTC,METAR WSSS 151630Z 36014KT 9999 -RA SCT012 SCT160 24/23 Q1010 NOSIG
2026-02-15 17:51 UTC,METAR WSSS 151730Z 34009KT 8000 -RA FEW012 BKN160 24/23 Q1010 NOSIG
2026-02-15 18:30 UTC,METAR WSSS 151800Z 34009KT 9000 -RA FEW012 BKN160 24/23 Q1009 NOSIG
2026-02-15 19:45 UTC,METAR WSSS 151930Z 35007KT 9000 -RA FEW012 BKN160 24/24 Q1008 NOSIG
2026-02-15 20:21 UTC,METAR WSSS 152000Z 33005KT 9000 -RA FEW012 BKN140 24/23 Q1007 NOSIG
2026-02-15 20:49 UTC,METAR WSSS 152030Z 34005KT 9999 FEW014 BKN140 25/23 Q1007 NOSIG
2026-02-15 21:20 UTC,METAR WSSS 152100Z 32005KT 290V360 9000 FEW014 BKN140 25/23 Q1007 NOSIG
2026-02-15 21:46 UTC,METAR WSSS 152130Z 33005KT 290V350 8000 FEW014 BKN140 25/24 Q1007 NOSIG
2026-02-15 22:19 UTC,METAR WSSS 152200Z 33004KT 280V360 9000 FEW014 BKN140 25/24 Q1007 NOSIG
2026-02-15 22:50 UTC,METAR WSSS 152230Z 33004KT 290V010 9000 FEW014 BKN140 25/23 Q1007 NOSIG
2026-02-15 23:49 UTC,METAR WSSS 152330Z 35003KT 9999 FEW015 BKN150 25/23 Q1008 NOSIG
2026-02-16 01:51 UTC,METAR WSSS 160130Z 33005KT 270V010 9999 FEW018 SCT150 BKN300 27/24 Q1010 NOSIG
2026-02-16 04:22 UTC,METAR WSSS 160400Z 36010KT 330V040 9999 VCSH FEW016 FEW018TCU FEW020CB SCT300 31/24 Q1010 TEMPO FM0420 TL0450 4000 SHRA
2026-02-16 05:49 UTC,METAR WSSS 160530Z 36013KT 9999 FEW016 FEW018TCU SCT150 29/24 Q1008 NOSIG
2026-02-16 06:58 UTC,METAR WSSS 160630Z 34010KT 300V020 9999 FEW018TCU SCT050 BKN150 30/25 Q1007 NOSIG
2026-02-16 07:56 UTC,METAR WSSS 160730Z 33006KT 270V360 9999 -SHRA FEW015 FEW017TCU BKN050 28/25 Q1006 NOSIG
2026-02-16 08:49 UTC,METAR WSSS 160830Z 01013KT 9999 VCSH FEW016TCU FEW018CB SCT050 29/25 Q1006 NOSIG
2026-02-16 09:49 UTC,METAR WSSS 160930Z 35012KT 9999 FEW016 FEW018TCU SCT150 28/24 Q1006 NOSIG
2026-02-16 10:44 UTC,METAR WSSS 161030Z 36012KT 9999 FEW016 FEW018TCU SCT150 27/23 Q1006 NOSIG
2026-02-16 11:37 UTC,METAR WSSS 161130Z 01010KT 9999 FEW016 SCT150 BKN300 27/23 Q1006 NOSIG
2026-02-16 12:54 UTC,METAR WSSS 161230Z 36005KT 9999 FEW016 SCT040 BKN300 26/24 Q1007 NOSIG
2026-02-16 14:03 UTC,METAR WSSS 161400Z 33004KT 290V360 9999 FEW016 SCT050 BKN160 26/24 Q1008 NOSIG
2026-02-16 15:07 UTC,METAR WSSS 161500Z 33004KT 300V360 9999 FEW016 SCT070 BKN160 26/24 Q1009 NOSIG
2026-02-16 16:03 UTC,METAR WSSS 161600Z 34005KT 310V010 9999 FEW014 BKN070 26/24 Q1009 NOSIG
2026-02-16 17:09 UTC,METAR WSSS 161700Z 33005KT 9999 FEW014 BKN070 26/24 Q1009 NOSIG
2026-02-16 18:01 UTC,METAR WSSS 161730Z 33006KT 9999 FEW016 BKN070 26/24 Q1008 NOSIG
2026-02-16 19:07 UTC,METAR WSSS 161900Z 01007KT 3000 SHRA FEW012 SCT015TCU 25/24 Q1008 RETS BECMG FM1920 TL1940 6000 NSW
2026-02-16 19:51 UTC,SPECI WSSS 161943Z 33003KT 290V360 3500 RA FEW012 SCT018 BKN150 25/24 Q1007 RERA BECMG FM2000 TL2015 6000 NSW
2026-02-16 20:26 UTC,SPECI WSSS 162013Z 34003KT 6000 -RA FEW014 SCT150 25/24 Q1007 RERA NOSIG
2026-02-16 20:54 UTC,METAR WSSS 162030Z VRB02KT 9000 FEW014 SCT070 25/24 Q1007 RERA NOSIG
2026-02-16 21:25 UTC,METAR WSSS 162100Z 33004KT 8000 FEW012 SCT018 25/24 Q1007 NOSIG
2026-02-16 21:51 UTC,METAR WSSS 162130Z 33005KT 8000 FEW012 SCT018 25/25 Q1007 NOSIG
2026-02-16 22:23 UTC,METAR WSSS 162200Z 33004KT 7000 FEW012 SCT018 25/24 Q1007 NOSIG
2026-02-16 22:55 UTC,METAR WSSS 162230Z 32004KT 8000 FEW012 SCT070 BKN150 26/25 Q1007 NOSIG
2026-02-16 23:27 UTC,METAR WSSS 162300Z 33005KT 8000 FEW014 SCT060 BKN150 26/24 Q1008 NOSIG
2026-02-16 23:53 UTC,METAR WSSS 162330Z 31003KT 260V340 6000 FEW014 SCT070 26/24 Q1008 NOSIG
2026-02-17 01:49 UTC,METAR WSSS 170130Z 33005KT 8000 FEW015 FEW018TCU SCT070 BKN180 27/25 Q1010 NOSIG
2026-02-17 04:15 UTC,METAR WSSS 170400Z 22007KT 170V250 3000 -SHRA FEW012 FEW015CB SCT016TCU 24/22 Q1011 BECMG FM0430 TL0445 6000
2026-02-17 05:40 UTC,METAR WSSS 170530Z VRB02KT 2000 +RA FEW010 FEW014CB FEW015TCU OVC150 23/22 Q1010 RETS BECMG FM0545 TL0600 4000 RA BECMG FM0600 TL0615 6000 NSW
2026-02-17 06:53 UTC,METAR WSSS 170630Z VRB02KT 4000 RA FEW010 FEW015TCU OVC150 24/23 Q1009 RERA NOSIG
2026-02-17 07:48 UTC,METAR WSSS 170730Z 29003KT 230V360 4000 RA FEW010 OVC150 24/23 Q1008 BECMG FM0915 6000 NSW
2026-02-17 08:39 UTC,METAR WSSS 170830Z 32006KT 260V360 3000 +RA FEW012 OVC150 24/23 Q1008 NOSIG
2026-02-17 09:43 UTC,METAR WSSS 170930Z 32005KT 260V350 4000 RA FEW012 OVC150 24/22 Q1007 BECMG FM0945 TL1000 6000 NSW
2026-02-17 10:40 UTC,METAR WSSS 171030Z 33007KT 290V350 8000 -RA FEW014 BKN160 24/23 Q1007 NOSIG
2026-02-17 11:36 UTC,METAR WSSS 171130Z 33006KT 300V360 9000 FEW015 SCT050 BKN270 24/22 Q1008 NOSIG
2026-02-17 12:54 UTC,METAR WSSS 171230Z 34005KT 9999 FEW015 SCT160 BKN260 24/22 Q1009 NOSIG
2026-02-17 14:05 UTC,METAR WSSS 171400Z 35004KT 9999 FEW016 BKN160 24/22 Q1010 NOSIG
2026-02-17 15:12 UTC,METAR WSSS 171500Z 34009KT 9999 FEW016 BKN160 24/22 Q1010 NOSIG
2026-02-17 17:32 UTC,METAR WSSS 171730Z 33006KT 290V350 8000 SCT012 SCT160 23/22 Q1010 NOSIG
2026-02-17 18:52 UTC,METAR WSSS 171830Z 33006KT 9999 SCT012 SCT160 24/22 Q1009 NOSIG
2026-02-17 19:43 UTC,METAR WSSS 171930Z 34006KT 9999 FEW012 SCT150 23/22 Q1009 NOSIG
2026-02-17 20:32 UTC,METAR WSSS 172030Z 34007KT 9999 FEW012 SCT150 24/22 Q1009 NOSIG
2026-02-17 21:31 UTC,METAR WSSS 172130Z 34007KT 9999 FEW012 SCT150 24/23 Q1008 NOSIG
2026-02-17 22:26 UTC,METAR WSSS 172200Z 34009KT 9999 FEW012 BKN150 24/23 Q1008 NOSIG
2026-02-17 22:57 UTC,METAR WSSS 172230Z 35009KT 9999 FEW012 BKN150 24/23 Q1008 NOSIG
2026-02-17 23:32 UTC,METAR WSSS 172330Z 34009KT 9999 -RA FEW012 BKN150 24/23 Q1008 NOSIG
2026-02-18 01:53 UTC,METAR WSSS 180130Z 35008KT 9999 -RA FEW012 BKN140 26/24 Q1010 NOSIG
2026-02-18 04:19 UTC,METAR WSSS 180400Z 36011KT 9999 FEW012 SCT015 BKN150 28/23 Q1010 NOSIG
2026-02-18 05:43 UTC,METAR WSSS 180530Z 35008KT 320V020 9999 -SHRA SCT015 FEW018TCU SCT025 30/25 Q1011 NOSIG
2026-02-18 06:56 UTC,METAR WSSS 180630Z 35010KT 320V020 9999 -SHRA FEW015 FEW017TCU SCT150 29/24 Q1009 NOSIG
2026-02-18 07:50 UTC,METAR WSSS 180730Z 36010KT 9999 VCSH FEW015 FEW017TCU SCT060 29/24 Q1008 NOSIG
2026-02-18 08:39 UTC,METAR WSSS 180830Z 36012KT 330V030 6000 -SHRA SCT015 FEW017TCU SCT050 28/24 Q1008 NOSIG
2026-02-18 09:42 UTC,METAR WSSS 180930Z 01014KT 3000 SHRA FEW014 FEW016TCU FEW018CB BKN160 26/24 Q1008 BECMG FM0945 TL1000 6000 NSW
2026-02-18 10:39 UTC,METAR WSSS 181030Z 32004KT 290V350 9999 -RA FEW015 FEW018TCU BKN160 26/25 Q1009 NOSIG
2026-02-18 11:35 UTC,METAR WSSS 181130Z 35005KT 8000 -RA FEW015 FEW018TCU SCT160 26/24 Q1009 NOSIG
2026-02-18 12:55 UTC,METAR WSSS 181230Z 33003KT 9999 FEW015 FEW018TCU SCT030 BKN160 26/24 Q1010 NOSIG
2026-02-18 14:06 UTC,METAR WSSS 181400Z 34005KT 9999 FEW015 BKN160 26/24 Q1011 NOSIG
2026-02-18 15:11 UTC,METAR WSSS 181500Z 34005KT 9999 FEW016 BKN300 26/24 Q1011 NOSIG
2026-02-18 16:30 UTC,METAR WSSS 181600Z 35006KT 9999 FEW016 SCT050 BKN300 26/24 Q1011 NOSIG
2026-02-18 17:50 UTC,METAR WSSS 181730Z 35007KT 9999 FEW016 BKN160 26/24 Q1011 NOSIG
2026-02-18 18:48 UTC,METAR WSSS 181830Z 35008KT 9999 FEW016 BKN160 26/24 Q1010 NOSIG
2026-02-18 19:44 UTC,METAR WSSS 181930Z 35009KT 9000 FEW016 BKN160 26/24 Q1010 NOSIG
2026-02-18 20:34 UTC,METAR WSSS 182030Z 35010KT 9000 FEW016 BKN160 26/24 Q1010 NOSIG
2026-02-18 21:31 UTC,METAR WSSS 182130Z 35007KT 320V020 9999 SCT016 BKN160 26/24 Q1010 NOSIG
2026-02-18 22:28 UTC,METAR WSSS 182200Z 36007KT 9999 SCT016 BKN160 26/24 Q1010 NOSIG
2026-02-18 23:01 UTC,METAR WSSS 182230Z 34006KT 9999 FEW017TCU BKN080 26/24 Q1011 NOSIG
2026-02-18 23:51 UTC,METAR WSSS 182330Z 34007KT 9000 FEW016 SCT040 BKN270 26/24 Q1011 NOSIG
2026-02-19 01:51 UTC,METAR WSSS 190130Z 01015KT 9000 -SHRA FEW014 FEW016TCU SCT030 BKN270 26/23 Q1012 NOSIG
2026-02-19 04:17 UTC,METAR WSSS 190400Z 35010KT 7000 -SHRA FEW015 FEW018TCU SCT040 25/23 Q1013 NOSIG
2026-02-19 05:41 UTC,METAR WSSS 190530Z 34011KT 2000 +SHRA SCT010 SCT015TCU 25/23 Q1012 BECMG FM0615 TL0630 6000 NSW
2026-02-19 06:55 UTC,METAR WSSS 190630Z 26003KT 190V330 2000 +TSRA FEW010 FEW015CB FEW016TCU BKN150 25/24 Q1011 BECMG FM0715 TL0730 6000 NSW
2026-02-19 07:47 UTC,METAR WSSS 190730Z 25003KT 200V290 6000 -RA FEW017TCU FEW018CB SCT030 BKN150 25/24 Q1010 RERA NOSIG
2026-02-19 08:38 UTC,METAR WSSS 190830Z 02009KT 350V050 9000 -RA FEW015 FEW017TCU FEW018CB BKN160 27/24 Q1010 NOSIG
2026-02-19 09:40 UTC,METAR WSSS 190930Z 35007KT 9999 -RA FEW015 FEW017TCU FEW018CB BKN160 26/24 Q1010 NOSIG
2026-02-19 10:38 UTC,METAR WSSS 191030Z 34007KT 9999 FEW015 FEW017TCU SCT040 27/24 Q1011 NOSIG
2026-02-19 11:35 UTC,METAR WSSS 191130Z 31004KT 240V340 3000 +SHRA FEW014 FEW016CB SCT017TCU BKN140 26/24 Q1012 BECMG FM1145 TL1200 6000 NSW
2026-02-19 12:56 UTC,SPECI WSSS 191247Z 26008KT 190V310 4000 SHRA FEW012 SCT015 FEW017TCU 24/22 Q1013 BECMG FM1330 TL1345 6000 NSW
2026-02-19 14:08 UTC,METAR WSSS 191400Z 28005KT 220V020 7000 -RA FEW015 FEW018TCU SCT030 BKN160 23/20 Q1014 RERA NOSIG
2026-02-19 15:12 UTC,METAR WSSS 191500Z VRB04KT 8000 -RA FEW015 FEW018TCU SCT030 BKN160 23/21 Q1014 NOSIG
2026-02-19 16:11 UTC,METAR WSSS 191600Z 31004KT 230V010 6000 -RA FEW012 SCT040 BKN160 23/22 Q1014 NOSIG
2026-02-19 17:27 UTC,METAR WSSS 191700Z 31003KT 240V030 9000 -RA FEW015 SCT070 BKN160 23/22 Q1014 NOSIG
2026-02-19 18:11 UTC,METAR WSSS 191800Z 33005KT 290V350 9999 FEW015 SCT080 23/21 Q1013 NOSIG
2026-02-19 19:14 UTC,METAR WSSS 191900Z VRB02KT 9999 FEW015 BKN150 23/21 Q1013 NOSIG
2026-02-19 19:55 UTC,METAR WSSS 191930Z 35003KT 9999 FEW015 BKN150 23/21 Q1012 NOSIG
2026-02-19 20:27 UTC,METAR WSSS 192000Z 32004KT 9999 FEW016 BKN150 23/22 Q1012 NOSIG
2026-02-19 20:58 UTC,METAR WSSS 192030Z 01004KT 9000 FEW016 BKN150 23/21 Q1012 NOSIG
2026-02-19 21:39 UTC,METAR WSSS 192130Z 34003KT 9999 FEW016 BKN150 23/22 Q1012 NOSIG
2026-02-19 22:27 UTC,METAR WSSS 192200Z 34005KT 9999 FEW016 BKN150 24/22 Q1012 NOSIG
2026-02-19 22:59 UTC,METAR WSSS 192230Z 34006KT 9999 FEW016 SCT160 24/23 Q1012 NOSIG
2026-02-19 23:38 UTC,METAR WSSS 192330Z 34005KT 9000 FEW018 SCT160 BKN300 24/23 Q1012 NOSIG
2026-02-20 01:47 UTC,METAR WSSS 200130Z 35008KT 9999 FEW018 SCT160 BKN280 26/23 Q1013 NOSIG
2026-02-20 04:11 UTC,METAR WSSS 200400Z 36011KT 9999 FEW018 SCT160 OVC270 28/24 Q1013 NOSIG
2026-02-20 05:34 UTC,METAR WSSS 200530Z 36015KT 9999 SCT018 BKN270 29/24 Q1012 NOSIG
2026-02-20 06:51 UTC,METAR WSSS 200630Z 36013KT 9999 FEW018 BKN270 29/24 Q1011 NOSIG
2026-02-20 07:44 UTC,METAR WSSS 200730Z 35014KT 9999 FEW018 BKN270 28/23 Q1011 NOSIG
2026-02-20 08:35 UTC,METAR WSSS 200830Z 35012KT 9999 FEW018 BKN270 28/24 Q1010 NOSIG
2026-02-20 09:36 UTC,METAR WSSS 200930Z 35012KT 9999 SCT018 BKN270 28/24 Q1010 NOSIG
2026-02-20 10:33 UTC,METAR WSSS 201030Z 35010KT 300V010 9000 -SHRA FEW016 FEW018TCU BKN170 27/23 Q1010 NOSIG
2026-02-20 11:28 UTC,METAR WSSS 201100Z 34009KT 9999 -RA FEW018 BKN170 27/23 Q1010 NOSIG
2026-02-20 11:55 UTC,METAR WSSS 201130Z 34009KT 9999 FEW018 SCT280 27/23 Q1009 NOSIG
2026-02-20 12:53 UTC,METAR WSSS 201230Z 34006KT 300V360 9999 FEW018 BKN300 26/23 Q1009 NOSIG
2026-02-20 13:58 UTC,METAR WSSS 201330Z 34006KT 310V010 9999 FEW018 BKN300 26/23 Q1010 NOSIG
2026-02-20 14:42 UTC,METAR WSSS 201430Z 34005KT 300V010 9999 FEW018 SCT030 BKN150 26/23 Q1011 NOSIG
2026-02-20 15:34 UTC,METAR WSSS 201530Z 34004KT 260V010 9999 FEW018 BKN150 26/23 Q1011 NOSIG
2026-02-20 16:33 UTC,METAR WSSS 201630Z 34004KT 300V010 9999 FEW018 SCT040 BKN150 26/23 Q1012 NOSIG
2026-02-20 17:34 UTC,METAR WSSS 201730Z 33003KT 290V360 9999 FEW018 BKN040 26/23 Q1011 NOSIG
2026-02-20 18:40 UTC,METAR WSSS 201830Z 34005KT 9999 FEW016 SCT040 25/23 Q1011 NOSIG
2026-02-20 19:34 UTC,METAR WSSS 201930Z 33004KT 9999 SCT016 SCT050 25/24 Q1010 NOSIG
2026-02-20 20:26 UTC,METAR WSSS 202000Z 34006KT 9000 FEW016 BKN150 25/24 Q1009 NOSIG
2026-02-20 20:53 UTC,METAR WSSS 202030Z 33005KT 300V360 9000 FEW016 BKN150 25/24 Q1009 NOSIG
2026-02-20 21:20 UTC,METAR WSSS 202100Z 34006KT 9000 FEW016 BKN150 25/23 Q1009 NOSIG
2026-02-20 21:48 UTC,METAR WSSS 202130Z 33005KT 9000 FEW016 BKN160 25/23 Q1009 NOSIG
2026-02-20 22:21 UTC,METAR WSSS 202200Z 34004KT 9000 FEW016 BKN160 25/24 Q1009 NOSIG
2026-02-20 22:53 UTC,METAR WSSS 202230Z 33004KT 9000 FEW016 BKN160 25/24 Q1009 NOSIG
2026-02-20 23:24 UTC,METAR WSSS 202300Z 33005KT 9000 FEW018 BKN160 25/24 Q1009 NOSIG
2026-02-20 23:50 UTC,METAR WSSS 202330Z 33006KT 8000 SCT018 BKN160 25/23 Q1010 NOSIG
2026-02-21 01:43 UTC,METAR WSSS 210130Z 34006KT 9999 FEW018 BKN160 27/24 Q1011 NOSIG
2026-02-21 04:03 UTC,METAR WSSS 210400Z 35009KT 290V010 9999 FEW018TCU SCT030 BKN160 29/24 Q1010 NOSIG
2026-02-21 05:25 UTC,METAR WSSS 210500Z 01014KT 9999 FEW018TCU BKN160 31/24 Q1010 NOSIG
2026-02-21 06:01 UTC,METAR WSSS 210530Z 01016KT 9999 FEW018TCU BKN150 30/23 Q1009 NOSIG
2026-02-21 07:05 UTC,METAR WSSS 210700Z 36015KT 9999 FEW018TCU BKN300 31/24 Q1008 NOSIG
2026-02-21 07:49 UTC,METAR WSSS 210730Z 01015KT 9999 FEW020 BKN300 31/24 Q1007 NOSIG
2026-02-21 08:25 UTC,METAR WSSS 210800Z 01014KT 9999 FEW018TCU BKN300 30/23 Q1007 NOSIG
2026-02-21 08:55 UTC,METAR WSSS 210830Z 36014KT 9999 FEW015 FEW018TCU SCT060 30/23 Q1007 NOSIG
2026-02-21 09:26 UTC,METAR WSSS 210900Z 01015KT 9999 FEW018TCU BKN300 30/23 Q1006 NOSIG
2026-02-21 09:52 UTC,METAR WSSS 210930Z 36012KT 9999 FEW018TCU FEW020CB BKN300 29/23 Q1006 NOSIG
2026-02-21 10:20 UTC,METAR WSSS 211000Z 36011KT 9999 FEW018TCU FEW020CB BKN300 29/23 Q1007 NOSIG
2026-02-21 10:51 UTC,METAR WSSS 211030Z 35009KT 9999 FEW018TCU FEW020CB BKN300 28/23 Q1007 NOSIG
2026-02-21 11:18 UTC,METAR WSSS 211100Z 36010KT 9999 FEW018 FEW020TCU SCT160 BKN300 28/23 Q1007 NOSIG
2026-02-21 11:43 UTC,METAR WSSS 211130Z 36012KT 9999 FEW018 SCT160 BKN300 27/23 Q1007 NOSIG
2026-02-21 12:38 UTC,METAR WSSS 211230Z 36009KT 9999 FEW018 SCT160 BKN300 27/23 Q1008 NOSIG
2026-02-21 13:39 UTC,METAR WSSS 211330Z 35006KT 9999 FEW018 BKN300 26/23 Q1008 NOSIG
2026-02-21 14:22 UTC,METAR WSSS 211400Z 35008KT 9999 FEW018 BKN300 26/23 Q1009 NOSIG
2026-02-21 14:51 UTC,METAR WSSS 211430Z 35006KT 9999 FEW018 BKN300 26/23 Q1009 NOSIG
2026-02-21 15:20 UTC,METAR WSSS 211500Z 35006KT 9999 FEW018 SCT160 BKN300 26/23 Q1009 NOSIG
2026-02-21 15:47 UTC,METAR WSSS 211530Z 35006KT 9999 FEW018 SCT160 BKN300 26/24 Q1009 NOSIG
2026-02-21 16:23 UTC,METAR WSSS 211600Z 34005KT 9999 FEW018 SCT160 BKN300 26/23 Q1009 NOSIG
2026-02-21 16:54 UTC,METAR WSSS 211630Z 36006KT 9999 FEW018 BKN300 26/24 Q1009 NOSIG
2026-02-21 17:21 UTC,METAR WSSS 211700Z 36007KT 9999 FEW018 BKN300 25/24 Q1009 NOSIG
2026-02-21 17:49 UTC,METAR WSSS 211730Z 35007KT 9999 FEW018 BKN300 26/24 Q1009 NOSIG
2026-02-21 18:28 UTC,METAR WSSS 211800Z 35006KT 9999 FEW016 BKN300 25/24 Q1008 NOSIG
2026-02-21 19:01 UTC,METAR WSSS 211830Z 34006KT 9999 FEW016 BKN300 25/24 Q1008 NOSIG
2026-02-21 19:44 UTC,METAR WSSS 211930Z 34005KT 8000 FEW015 BKN300 25/24 Q1007 NOSIG
2026-02-21 20:19 UTC,METAR WSSS 212000Z 33003KT 300V010 8000 FEW015 BKN300 25/24 Q1007 NOSIG
2026-02-21 20:47 UTC,METAR WSSS 212030Z 33004KT 290V010 7000 FEW015 BKN300 25/23 Q1007 NOSIG
2026-02-21 21:19 UTC,METAR WSSS 212100Z 34006KT 8000 FEW015 BKN300 25/23 Q1007 NOSIG
2026-02-21 21:44 UTC,METAR WSSS 212130Z 34006KT 8000 FEW015 BKN300 25/23 Q1007 NOSIG
2026-02-21 22:18 UTC,METAR WSSS 212200Z 34006KT 8000 FEW015 BKN300 25/23 Q1007 NOSIG
2026-02-21 22:48 UTC,METAR WSSS 212230Z 35005KT 9000 FEW015 BKN300 25/23 Q1007 NOSIG
2026-02-21 23:20 UTC,METAR WSSS 212300Z 34006KT 8000 FEW015 BKN300 25/23 Q1007 NOSIG
2026-02-21 23:44 UTC,METAR WSSS 212330Z 34005KT 310V010 5000 HZ FEW015 BKN300 25/23 Q1007 BECMG FM0015 TL0030 NSW
2026-02-22 01:50 UTC,METAR WSSS 220130Z 33006KT 300V360 9999 FEW016 BKN300 27/24 Q1009 NOSIG
2026-02-22 04:13 UTC,METAR WSSS 220400Z 34009KT 300V010 9999 FEW020 BKN300 30/23 Q1009 NOSIG
2026-02-22 05:33 UTC,METAR WSSS 220530Z 36011KT 340V040 9999 SCT020 BKN300 31/24 Q1007 NOSIG
2026-02-22 06:41 UTC,METAR WSSS 220630Z 01013KT 9999 FEW018 FEW020TCU BKN300 32/24 Q1006 NOSIG
2026-02-22 07:32 UTC,METAR WSSS 220730Z 36014KT 340V040 9999 FEW018 FEW020TCU BKN300 32/23 Q1005 NOSIG
2026-02-22 08:26 UTC,METAR WSSS 220800Z 01015KT 9999 FEW020TCU BKN300 32/22 Q1005 NOSIG
2026-02-22 08:56 UTC,METAR WSSS 220830Z 01015KT 9999 FEW020TCU BKN300 31/22 Q1005 NOSIG
2026-02-22 09:28 UTC,METAR WSSS 220900Z 01015KT 9999 FEW020TCU BKN300 31/23 Q1005 NOSIG
2026-02-22 09:53 UTC,METAR WSSS 220930Z 36014KT 9999 FEW020TCU BKN300 30/23 Q1005 NOSIG
2026-02-22 10:20 UTC,METAR WSSS 221000Z 36014KT 9999 FEW020TCU BKN300 30/23 Q1005 NOSIG
2026-02-22 10:50 UTC,METAR WSSS 221030Z 36013KT 9999 FEW020TCU BKN300 29/23 Q1005 NOSIG
2026-02-22 11:18 UTC,METAR WSSS 221100Z 01012KT 9999 FEW020 BKN300 28/23 Q1005 NOSIG
2026-02-22 11:43 UTC,METAR WSSS 221130Z 35008KT 9999 FEW020 BKN300 27/22 Q1006 NOSIG
2026-02-22 12:40 UTC,METAR WSSS 221230Z 36008KT 9999 FEW020 BKN300 26/22 Q1006 NOSIG
2026-02-22 13:40 UTC,METAR WSSS 221330Z 34009KT 9999 FEW018 BKN300 26/22 Q1007 NOSIG
2026-02-22 14:22 UTC,METAR WSSS 221400Z 34007KT 9999 FEW018 BKN300 26/23 Q1008 NOSIG
2026-02-22 14:51 UTC,METAR WSSS 221430Z 34006KT 310V010 9999 FEW015 BKN300 26/23 Q1008 NOSIG
2026-02-22 15:21 UTC,METAR WSSS 221430Z 34006KT 310V010 9999 FEW015 BKN300 26/23 Q1008 NOSIG
2026-02-22 15:47 UTC,METAR WSSS 221530Z 34006KT 9999 FEW018 BKN300 26/23 Q1009 NOSIG
2026-02-22 16:24 UTC,METAR WSSS 221600Z 33004KT 290V350 9999 FEW018 BKN300 25/23 Q1009 NOSIG
2026-02-22 16:54 UTC,METAR WSSS 221630Z 32004KT 9999 FEW018 BKN300 25/23 Q1009 NOSIG
2026-02-22 17:21 UTC,METAR WSSS 221700Z 33005KT 9999 FEW018 BKN300 25/23 Q1009 NOSIG
2026-02-22 17:49 UTC,METAR WSSS 221730Z 33005KT 290V350 9999 FEW018 BKN300 25/23 Q1009 NOSIG
2026-02-22 18:29 UTC,METAR WSSS 221800Z 34006KT 8000 FEW018 BKN300 25/23 Q1008 NOSIG
2026-02-22 19:01 UTC,METAR WSSS 221830Z 33006KT 300V360 8000 FEW018 BKN300 25/23 Q1008 NOSIG
2026-02-22 19:43 UTC,METAR WSSS 221900Z 33005KT 300V360 8000 FEW016 BKN300 25/23 Q1008 NOSIG
2026-02-22 20:21 UTC,METAR WSSS 221930Z 34005KT 8000 FEW016 BKN300 25/23 Q1008 NOSIG
2026-02-22 20:49 UTC,METAR WSSS 221930Z 34005KT 8000 FEW016 BKN300 25/23 Q1008 NOSIG
2026-02-22 21:46 UTC,METAR WSSS 221430Z 34006KT 310V010 9999 FEW015 BKN300 26/23 Q1008 NOSIG
2026-02-22 22:49 UTC,METAR WSSS 222200Z 32006KT 290V350 9999 FEW016 SCT150 BKN300 25/23 Q1008 NOSIG
2026-02-22 23:21 UTC,METAR WSSS 222200Z 32006KT 290V350 9999 FEW016 SCT150 BKN300 25/23 Q1008 NOSIG
2026-02-23 01:51 UTC,METAR WSSS 230100Z 34006KT 300V010 9999 FEW018 SCT160 BKN300 27/23 Q1009 NOSIG
2026-02-23 04:21 UTC,METAR WSSS 230400Z 32007KT 270V360 9999 FEW020 BKN300 30/23 Q1009 NOSIG
2026-02-23 05:47 UTC,METAR WSSS 230530Z 36010KT 9999 FEW020 BKN280 31/23 Q1008 NOSIG
2026-02-23 06:59 UTC,METAR WSSS 230630Z 01012KT 9999 FEW020 SCT280 32/23 Q1007 NOSIG
2026-02-23 07:58 UTC,METAR WSSS 230730Z 01012KT 9999 FEW018TCU BKN280 31/23 Q1007 NOSIG
2026-02-23 08:57 UTC,METAR WSSS 230830Z 36015KT 9999 FEW018TCU SCT280 30/24 Q1006 NOSIG
2026-02-23 09:56 UTC,METAR WSSS 230930Z 36013KT 9999 FEW017CB FEW018TCU SCT280 29/23 Q1006 NOSIG
2026-02-23 10:50 UTC,METAR WSSS 231030Z 36010KT 9999 FEW018TCU SCT280 29/23 Q1007 NOSIG
2026-02-23 11:37 UTC,METAR WSSS 231130Z 36010KT 9999 FEW018CB SCT050 27/23 Q1008 NOSIG
2026-02-23 12:55 UTC,METAR WSSS 231230Z 01008KT 340V040 9999 FEW018 SCT025 27/23 Q1009 NOSIG
2026-02-23 14:06 UTC,METAR WSSS 231400Z 35005KT 9999 FEW018 BKN300 26/23 Q1009 NOSIG
2026-02-23 15:12 UTC,METAR WSSS 231500Z 35006KT 9999 FEW018 BKN300 26/23 Q1009 NOSIG
2026-02-23 16:11 UTC,METAR WSSS 231600Z 35003KT 9999 FEW018 BKN300 26/23 Q1010 NOSIG
2026-02-23 17:35 UTC,METAR WSSS 231730Z 34003KT 9999 FEW018 BKN280 26/23 Q1009 NOSIG
2026-02-23 18:57 UTC,METAR WSSS 231830Z 34003KT 310V020 9000 FEW016 SCT150 BKN280 25/23 Q1008 NOSIG
2026-02-23 19:57 UTC,METAR WSSS 231930Z VRB02KT 9000 FEW016 BKN280 25/23 Q1008 NOSIG
2026-02-23 20:44 UTC,METAR WSSS 232030Z 34004KT 310V010 7000 FEW016 BKN140 26/23 Q1008 NOSIG
2026-02-23 21:39 UTC,METAR WSSS 232130Z 32004KT 270V350 8000 FEW018 BKN140 26/23 Q1008 NOSIG
2026-02-23 22:36 UTC,METAR WSSS 232230Z 34003KT 310V010 9000 FEW018 BKN140 25/23 Q1008 NOSIG
2026-02-23 23:31 UTC,METAR WSSS 232330Z 34004KT 8000 FEW018 SCT150 25/23 Q1009 NOSIG
2026-02-24 01:49 UTC,METAR WSSS 240130Z 34006KT 310V020 8000 FEW018 BKN150 28/24 Q1010 NOSIG
2026-02-24 04:15 UTC,METAR WSSS 240400Z 36011KT 9999 FEW020 BKN150 30/23 Q1010 NOSIG
2026-02-24 05:39 UTC,METAR WSSS 240530Z 35009KT 9999 FEW020 BKN150 31/23 Q1009 NOSIG
2026-02-24 06:55 UTC,METAR WSSS 240630Z 01008KT 340V060 9999 SCT020 BKN150 32/23 Q1008 NOSIG
2026-02-24 07:49 UTC,METAR WSSS 240730Z 35006KT 320V030 9999 SCT020 BKN300 32/23 Q1007 NOSIG
2026-02-24 08:41 UTC,METAR WSSS 240830Z 35011KT 9999 FEW020TCU SCT030 BKN300 31/23 Q1006 TEMPO TL0900 4500 SHRA
2026-02-24 09:47 UTC,METAR WSSS 240930Z 36009KT 330V030 9999 FEW016 FEW018CB FEW020TCU BKN300 30/24 Q1006 NOSIG
2026-02-24 10:43 UTC,METAR WSSS 241030Z 35008KT 9999 FEW016 FEW018CB FEW020TCU BKN300 29/23 Q1007 NOSIG
2026-02-24 11:37 UTC,METAR WSSS 241130Z 01011KT 9999 FEW018 FEW020TCU BKN300 28/23 Q1008 NOSIG
2026-02-24 12:57 UTC,SPECI WSSS 241236Z 30006KT 230V350 6000 TSRA FEW014 FEW016CB SCT017TCU 27/23 Q1010 TEMPO TL1330 3000 BECMG FM1330 TL1400 NSW
2026-02-24 14:11 UTC,METAR WSSS 241400Z 33003KT 290V360 9999 FEW017 BKN150 25/23 Q1010 NOSIG
2026-02-24 15:29 UTC,METAR WSSS 241500Z 34002KT 9999 FEW018 SCT160 BKN300 25/23 Q1011 NOSIG
2026-02-24 16:36 UTC,METAR WSSS 241630Z 34004KT 9999 FEW016 SCT170 BKN300 26/24 Q1010 NOSIG
2026-02-24 17:53 UTC,METAR WSSS 241730Z 34004KT 9999 FEW016 SCT160 BKN300 26/24 Q1010 NOSIG
2026-02-24 18:56 UTC,METAR WSSS 241830Z 34005KT 9999 FEW016 SCT150 BKN300 26/24 Q1009 NOSIG
2026-02-24 19:47 UTC,METAR WSSS 241930Z 33004KT 9999 FEW016 BKN300 26/24 Q1009 NOSIG
2026-02-24 20:30 UTC,METAR WSSS 242000Z 34005KT 9999 FEW016 BKN300 26/24 Q1009 NOSIG
2026-02-24 21:30 UTC,METAR WSSS 242100Z 35004KT 9999 FEW016 SCT050 BKN300 25/24 Q1009 NOSIG
2026-02-24 22:01 UTC,METAR WSSS 242130Z 35004KT 9999 FEW016 BKN150 25/24 Q1009 NOSIG
2026-02-24 22:58 UTC,METAR WSSS 242230Z 35005KT 9999 FEW016 BKN150 26/24 Q1009 NOSIG
2026-02-24 23:38 UTC,METAR WSSS 242330Z 36006KT 9999 FEW018 BKN150 26/24 Q1009 NOSIG
2026-02-25 01:51 UTC,METAR WSSS 250130Z 36009KT 9999 FEW018 BKN300 28/24 Q1010 NOSIG
2026-02-25 04:17 UTC,METAR WSSS 250400Z 36009KT 340V040 9999 FEW018 BKN300 31/24 Q1009 NOSIG
2026-02-25 05:42 UTC,METAR WSSS 250530Z 01008KT 330V050 9999 FEW018TCU SCT020 BKN300 31/24 Q1008 NOSIG
2026-02-25 06:57 UTC,SPECI WSSS 250645Z 04010KT 3000 +SHRA FEW010 FEW015CB SCT016TCU 28/23 Q1007 BECMG FM0715 TL0730 6000 NSW
2026-02-25 07:52 UTC,METAR WSSS 250730Z VRB03KT 7000 -TSRA FEW012 FEW016CB FEW017TCU SCT160 28/24 Q1006 RESHRA BECMG FM0750 TL0800 NSW
2026-02-25 08:42 UTC,METAR WSSS 250830Z 08007KT 040V110 9999 FEW018TCU FEW020CB SCT040 29/24 Q1006 TEMPO FM0845 TL0930 3000 TSRA
2026-02-25 09:50 UTC,SPECI WSSS 250935Z 22010KT 2000 +TSRA FEW008 FEW015CB SCT017TCU 25/24 Q1007 BECMG FM1000 TL1015 6000 NSW
2026-02-25 10:46 UTC,METAR WSSS 251030Z 21004KT 160V280 6000 -TSRA FEW012 FEW016CB FEW018TCU SCT040 24/23 Q1008 BECMG FM1045 TL1100 NSW
2026-02-25 11:37 UTC,METAR WSSS 251130Z 35005KT 6000 -TSRA FEW012 FEW016CB FEW018TCU SCT040 25/23 Q1008 BECMG TL1145 NSW
2026-02-25 12:56 UTC,METAR WSSS 251230Z 35004KT 310V020 8000 -RA FEW014 SCT050 BKN170 25/24 Q1009 NOSIG
2026-02-25 14:08 UTC,METAR WSSS 251400Z VRB02KT 8000 FEW015 SCT170 25/24 Q1010 NOSIG
2026-02-25 15:31 UTC,METAR WSSS 251530Z 02007KT 350V050 9000 FEW015 BKN180 26/24 Q1010 NOSIG
2026-02-25 17:03 UTC,METAR WSSS 251700Z 35006KT 9000 FEW015 BKN160 26/24 Q1010 NOSIG
2026-02-25 18:34 UTC,METAR WSSS 251830Z 35005KT 9999 FEW015 BKN170 25/24 Q1009 NOSIG
2026-02-25 19:47 UTC,METAR WSSS 251930Z 36006KT 9999 FEW016 BKN170 25/24 Q1008 NOSIG
2026-02-25 20:30 UTC,METAR WSSS 252030Z 35004KT 9999 FEW016 BKN170 25/24 Q1009 NOSIG
2026-02-25 21:31 UTC,METAR WSSS 252130Z 32002KT 9999 FEW016 SCT170 BKN300 25/24 Q1009 NOSIG
2026-02-25 22:28 UTC,METAR WSSS 252200Z VRB02KT 9999 FEW016 BKN300 25/24 Q1009 NOSIG
2026-02-25 23:01 UTC,METAR WSSS 252300Z 00000KT 7000 FEW016 BKN300 25/24 Q1009 NOSIG
2026-02-25 23:51 UTC,METAR WSSS 252330Z 00000KT 7000 FEW016 BKN300 24/24 Q1009 NOSIG
2026-02-26 01:47 UTC,METAR WSSS 260130Z 28003KT 210V010 9000 FEW015 FEW018TCU SCT040 27/23 Q1011 NOSIG
2026-02-26 04:13 UTC,METAR WSSS 260400Z 34008KT 300V010 9999 FEW016 FEW020TCU BKN300 29/24 Q1010 NOSIG
2026-02-26 05:38 UTC,METAR WSSS 260530Z 34004KT 260V070 9999 FEW020 BKN300 31/23 Q1008 NOSIG
2026-02-26 06:55 UTC,METAR WSSS 260630Z 18010KT 9999 FEW020TCU SCT150 BKN300 30/24 Q1007 NOSIG
2026-02-26 07:50 UTC,METAR WSSS 260730Z 18012KT 9999 FEW020TCU SCT160 BKN300 30/25 Q1006 NOSIG
2026-02-26 08:41 UTC,METAR WSSS 260830Z 19012KT 9999 FEW020TCU BKN160 30/24 Q1005 NOSIG
2026-02-26 09:44 UTC,METAR WSSS 260930Z 19008KT 9999 FEW020TCU BKN160 30/23 Q1005 NOSIG
2026-02-26 10:40 UTC,METAR WSSS 261030Z VRB03KT 9999 FEW020TCU BKN160 30/22 Q1005 NOSIG
2026-02-26 11:36 UTC,METAR WSSS 261130Z 19004KT 170V230 9999 FEW018 BKN160 28/23 Q1006 NOSIG
2026-02-26 12:57 UTC,METAR WSSS 261230Z 26003KT 200V360 9999 FEW018 BKN160 29/23 Q1006 NOSIG
2026-02-26 14:10 UTC,METAR WSSS 261400Z 36005KT 9999 FEW018 BKN160 27/24 Q1007 NOSIG
2026-02-26 15:11 UTC,METAR WSSS 261500Z 35004KT 9999 FEW018 BKN160 27/24 Q1008 NOSIG
2026-02-26 16:13 UTC,METAR WSSS 261600Z 35004KT 9999 FEW018 BKN160 27/24 Q1008 NOSIG
2026-02-26 17:34 UTC,METAR WSSS 261730Z 33003KT 9999 FEW018 BKN160 27/24 Q1008 NOSIG
2026-02-26 18:47 UTC,METAR WSSS 261830Z 34003KT 9999 FEW016 FEW018TCU BKN150 26/24 Q1007 TEMPO FM1900 TL1945 27015G25KT 3000 TSRA
2026-02-26 19:40 UTC,METAR WSSS 261930Z 23011KT 190V280 2000 +TSRA FEW008 FEW016CB SCT017TCU 26/22 Q1008 BECMG FM1940 TL2000 6000 NSW
2026-02-26 20:32 UTC,METAR WSSS 262000Z 23006KT 180V270 5000 -TSRA FEW010 FEW016CB SCT017TCU 25/22 Q1008 RESHRA BECMG FM2015 TL2030 NSW
2026-02-26 21:28 UTC,METAR WSSS 262100Z 22004KT 180V280 7000 -TSRA FEW010 FEW016CB FEW017TCU BKN150 25/23 Q1008 BECMG TL2130 NSW
2026-02-26 21:56 UTC,METAR WSSS 262130Z 20004KT 180V240 7000 -TSRA FEW010 FEW016CB FEW017TCU BKN150 24/22 Q1008 BECMG TL2150 NSW
2026-02-26 22:33 UTC,METAR WSSS 262230Z 18005KT 8000 -RA FEW012 FEW018TCU BKN150 24/23 Q1007 NOSIG
2026-02-26 23:25 UTC,METAR WSSS 262300Z 19003KT 9000 -RA FEW012 FEW018TCU BKN150 24/23 Q1008 NOSIG
2026-02-26 23:51 UTC,METAR WSSS 262330Z VRB01KT 9000 -RA FEW012 BKN150 24/23 Q1008 NOSIG
2026-02-27 01:45 UTC,METAR WSSS 270130Z 33002KT 9999 -RA FEW014 OVC170 26/25 Q1010 NOSIG
2026-02-27 04:09 UTC,METAR WSSS 270400Z VRB02KT 9999 FEW018 SCT200 28/24 Q1009 NOSIG
2026-02-27 05:33 UTC,METAR WSSS 270530Z 28004KT 220V360 9999 FEW018 BKN160 31/24 Q1008 NOSIG
2026-02-27 06:47 UTC,METAR WSSS 270630Z 15007KT 9999 FEW020 BKN160 30/24 Q1006 NOSIG
2026-02-27 07:42 UTC,METAR WSSS 270730Z 16007KT 120V190 9999 FEW020 BKN160 30/24 Q1006 NOSIG
2026-02-27 08:35 UTC,METAR WSSS 270830Z 13008KT 9999 FEW020 BKN170 29/25 Q1005 NOSIG
2026-02-27 09:36 UTC,METAR WSSS 270930Z 17007KT 140V210 9999 FEW018TCU SCT040 BKN160 30/25 Q1005 NOSIG
2026-02-27 10:33 UTC,METAR WSSS 271030Z 18006KT 9999 FEW018TCU FEW020CB BKN150 30/25 Q1004 NOSIG
2026-02-27 11:28 UTC,METAR WSSS 271100Z VRB07KT 9999 FEW018TCU SCT030 BKN160 30/25 Q1005 NOSIG
2026-02-27 11:55 UTC,METAR WSSS 271130Z 03008KT 9999 FEW018TCU SCT160 29/24 Q1005 NOSIG
2026-02-27 12:51 UTC,METAR WSSS 271230Z 35006KT 9999 FEW018TCU FEW020CB SCT170 BKN300 27/25 Q1006 RETS NOSIG
2026-02-27 13:57 UTC,METAR WSSS 271330Z 03007KT 360V060 9999 FEW016 BKN300 27/25 Q1007 NOSIG
2026-02-27 14:39 UTC,METAR WSSS 271430Z 34003KT 9999 FEW016 BKN300 26/25 Q1008 NOSIG
2026-02-27 15:34 UTC,METAR WSSS 271530Z 35005KT 9000 FEW016 SCT160 BKN300 26/25 Q1008 NOSIG
2026-02-27 16:36 UTC,METAR WSSS 271630Z 35006KT 9000 FEW016 BKN160 26/25 Q1008 NOSIG
2026-02-27 17:32 UTC,METAR WSSS 271730Z 36005KT 9000 FEW016 SCT160 BKN300 26/25 Q1008 NOSIG
2026-02-27 18:36 UTC,METAR WSSS 271830Z 35004KT 9000 FEW016 BKN300 26/25 Q1007 NOSIG
2026-02-27 19:30 UTC,METAR WSSS 271900Z 34004KT 7000 FEW016 BKN300 26/25 Q1007 NOSIG
2026-02-27 20:23 UTC,METAR WSSS 272000Z 33002KT 7000 FEW016 SCT160 26/25 Q1007 NOSIG
2026-02-27 20:51 UTC,METAR WSSS 272030Z 33004KT 8000 FEW016 SCT160 26/24 Q1007 NOSIG
2026-02-27 21:25 UTC,METAR WSSS 272100Z 35004KT 7000 FEW015 SCT160 BKN280 26/24 Q1007 NOSIG
2026-02-27 21:50 UTC,METAR WSSS 272130Z 33003KT 7000 FEW015 SCT160 26/24 Q1007 NOSIG
2026-02-27 22:18 UTC,METAR WSSS 272200Z 32003KT 290V350 8000 FEW015 SCT160 26/24 Q1007 NOSIG
2026-02-27 22:49 UTC,METAR WSSS 272230Z 34002KT 8000 FEW016 SCT160 26/24 Q1007 NOSIG
2026-02-27 23:20 UTC,METAR WSSS 272300Z 32003KT 9000 FEW018 BKN160 26/24 Q1008 NOSIG
2026-02-27 23:45 UTC,METAR WSSS 272330Z 33003KT 9000 FEW018 BKN160 26/24 Q1008 NOSIG
2026-02-28 01:27 UTC,METAR WSSS 280100Z 35005KT 9999 FEW018 SCT160 BKN300 27/25 Q1009 NOSIG
2026-02-28 03:28 UTC,METAR WSSS 280300Z 02008KT 9999 FEW018 BKN300 30/25 Q1010 NOSIG
2026-02-28 04:40 UTC,METAR WSSS 280430Z VRB04KT 9999 SCT018 FEW020TCU BKN300 30/24 Q1008 NOSIG
2026-02-28 05:30 UTC,METAR WSSS 280500Z 08005KT 020V150 9999 FEW018 FEW020TCU BKN300 31/25 Q1008 NOSIG
2026-02-28 06:32 UTC,METAR WSSS 280630Z 15007KT 070V200 9999 FEW020 FEW022TCU BKN300 32/24 Q1006 NOSIG
2026-02-28 07:23 UTC,METAR WSSS 280700Z 16007KT 110V190 9999 FEW020 FEW022TCU BKN300 31/24 Q1006 NOSIG
2026-02-28 07:45 UTC,METAR WSSS 280730Z 15007KT 110V180 9999 FEW020 FEW022TCU BKN300 31/24 Q1005 NOSIG
2026-02-28 08:23 UTC,METAR WSSS 280800Z VRB04KT 9999 FEW020 FEW022TCU BKN300 31/23 Q1005 NOSIG
2026-02-28 08:50 UTC,METAR WSSS 280830Z 17007KT 9999 FEW020 FEW022TCU BKN300 30/22 Q1005 NOSIG
2026-02-28 09:22 UTC,METAR WSSS 280900Z 17006KT 140V200 9999 FEW020 FEW022TCU BKN300 30/23 Q1005 NOSIG
2026-02-28 09:46 UTC,METAR WSSS 280930Z 14005KT 080V180 9999 FEW020TCU BKN300 31/23 Q1005 NOSIG
2026-02-28 10:19 UTC,METAR WSSS 281000Z 16006KT 130V210 9999 FEW020TCU BKN300 31/23 Q1005 NOSIG
2026-02-28 10:46 UTC,METAR WSSS 281030Z 11005KT 070V150 9999 FEW020TCU BKN300 30/23 Q1006 NOSIG
2026-02-28 11:15 UTC,SPECI WSSS 281106Z 35010KT 9999 FEW018 FEW020TCU SCT040 BKN300 29/24 Q1006 NOSIG
2026-02-28 11:40 UTC,METAR WSSS 281130Z 02009KT 350V050 9999 FEW018 SCT150 BKN300 28/24 Q1006 NOSIG
2026-02-28 12:37 UTC,METAR WSSS 281230Z 36009KT 9999 FEW018 SCT150 BKN300 27/24 Q1007 NOSIG
2026-02-28 13:33 UTC,METAR WSSS 281330Z 36007KT 9999 FEW018 SCT150 BKN300 27/24 Q1008 NOSIG
2026-02-28 14:18 UTC,METAR WSSS 281400Z 36005KT 340V050 9999 FEW018 BKN150 27/24 Q1008 NOSIG
2026-02-28 14:45 UTC,METAR WSSS 281430Z 36005KT 330V030 9999 FEW018 BKN150 27/24 Q1009 NOSIG
2026-02-28 15:18 UTC,METAR WSSS 281500Z 36004KT 290V030 9999 FEW018 BKN300 27/24 Q1009 NOSIG
2026-02-28 15:42 UTC,METAR WSSS 281530Z 03006KT 360V060 9999 FEW018 BKN300 27/24 Q1009 NOSIG
2026-02-28 16:21 UTC,METAR WSSS 281530Z 03006KT 360V060 9999 FEW018 BKN300 27/24 Q1009 NOSIG
2026-02-28 16:47 UTC,METAR WSSS 281630Z 34004KT 9999 FEW018 BKN150 27/24 Q1009 NOSIG
2026-02-28 17:17 UTC,METAR WSSS 281700Z 01005KT 340V040 9999 FEW018 BKN150 27/24 Q1008 NOSIG
2026-02-28 17:43 UTC,METAR WSSS 281730Z 01005KT 340V040 9999 FEW018 BKN300 27/24 Q1008 NOSIG
2026-02-28 18:27 UTC,METAR WSSS 281800Z 36005KT 9999 FEW018 BKN300 26/24 Q1007 NOSIG
2026-02-28 18:55 UTC,METAR WSSS 281830Z 35005KT 9999 FEW018 BKN300 26/24 Q1007 NOSIG
2026-02-28 19:18 UTC,METAR WSSS 281900Z 35004KT 9999 FEW018 BKN300 26/24 Q1007 NOSIG
2026-02-28 19:40 UTC,METAR WSSS 281930Z 34005KT 9999 FEW016 BKN300 26/25 Q1007 NOSIG
2026-02-28 20:21 UTC,METAR WSSS 282000Z 36004KT 9999 FEW016 BKN300 26/24 Q1007 NOSIG
2026-02-28 20:46 UTC,METAR WSSS 282030Z 35004KT 9999 FEW016 BKN300 25/24 Q1007 NOSIG
2026-02-28 21:16 UTC,METAR WSSS 282100Z 35004KT 9999 FEW016 BKN300 26/25 Q1007 NOSIG
2026-02-28 21:41 UTC,METAR WSSS 282130Z 35004KT 9999 FEW016 BKN300 26/25 Q1007 NOSIG
2026-02-28 22:18 UTC,METAR WSSS 282200Z 35005KT 9999 FEW016 BKN300 26/25 Q1007 NOSIG
2026-02-28 22:45 UTC,METAR WSSS 282230Z 35005KT 9000 FEW016 BKN300 26/25 Q1007 NOSIG
2026-02-28 23:18 UTC,METAR WSSS 282300Z 35006KT 9000 FEW018 BKN300 26/24 Q1007 NOSIG
2026-02-28 23:43 UTC,METAR WSSS 282330Z 01004KT 330V060 8000 FEW018 BKN300 26/24 Q1008 NOSIG
2026-03-01 01:57 UTC,METAR WSSS 010130Z 36008KT 9000 FEW018 BKN300 28/25 Q1009 NOSIG
2026-03-01 04:24 UTC,METAR WSSS 010400Z 03007KT 340V060 9999 FEW020 BKN300 31/25 Q1009 NOSIG
2026-03-01 05:34 UTC,METAR WSSS 010530Z VRB05G16KT 9999 FEW020 BKN300 31/25 Q1007 NOSIG
2026-03-01 06:40 UTC,METAR WSSS 010630Z 13007KT 080V170 9999 FEW018TCU SCT020 BKN300 32/25 Q1006 NOSIG
2026-03-01 07:30 UTC,METAR WSSS 010700Z 17008KT 130V190 9999 FEW018TCU SCT020 BKN300 30/24 Q1006 NOSIG
2026-03-01 07:53 UTC,METAR WSSS 010730Z 15008KT 100V200 9999 FEW018TCU BKN300 31/25 Q1005 NOSIG
2026-03-01 08:26 UTC,METAR WSSS 010800Z 17007KT 9999 FEW018TCU BKN300 31/25 Q1005 NOSIG
2026-03-01 08:53 UTC,METAR WSSS 010830Z 14006KT 120V180 9999 FEW018TCU BKN300 31/24 Q1005 NOSIG
2026-03-01 09:25 UTC,METAR WSSS 010900Z 13007KT 100V170 9999 FEW017CB FEW018TCU SCT040 BKN300 31/24 Q1005 NOSIG
2026-03-01 09:51 UTC,METAR WSSS 010930Z 10006KT 040V150 9999 FEW017CB FEW018TCU SCT040 BKN300 31/24 Q1005 NOSIG
2026-03-01 10:20 UTC,METAR WSSS 011000Z 08006KT 050V110 9999 FEW018TCU FEW020CB BKN300 31/24 Q1005 NOSIG
2026-03-01 10:48 UTC,METAR WSSS 011030Z 08006KT 030V130 9999 FEW018 FEW020TCU BKN300 30/24 Q1005 NOSIG
2026-03-01 11:17 UTC,METAR WSSS 011100Z 05006KT 020V080 9999 FEW018 BKN300 30/25 Q1006 NOSIG
2026-03-01 11:41 UTC,METAR WSSS 011130Z 04008KT 010V070 9999 FEW018 BKN300 29/24 Q1006 NOSIG
2026-03-01 12:39 UTC,METAR WSSS 011230Z 03009KT 9999 FEW018 BKN300 28/24 Q1007 NOSIG
2026-03-01 13:36 UTC,METAR WSSS 011330Z 01006KT 9999 FEW018 BKN300 27/24 Q1008 NOSIG
2026-03-01 14:20 UTC,METAR WSSS 011400Z 02008KT 350V050 9999 FEW018 BKN300 28/25 Q1008 NOSIG
2026-03-01 14:47 UTC,METAR WSSS 011430Z 03007KT 360V060 9999 FEW018 BKN300 28/25 Q1009 NOSIG
2026-03-01 15:18 UTC,METAR WSSS 011500Z 02006KT 330V060 9999 FEW018 BKN300 27/25 Q1009 NOSIG
2026-03-01 15:44 UTC,METAR WSSS 011530Z 36005KT 330V030 9999 FEW018 BKN300 27/25 Q1010 NOSIG
2026-03-01 16:22 UTC,METAR WSSS 011600Z 36005KT 9999 FEW018 BKN300 27/25 Q1010 NOSIG
2026-03-01 16:50 UTC,METAR WSSS 011630Z 35005KT 9999 FEW018 BKN300 27/25 Q1010 NOSIG
2026-03-01 17:19 UTC,METAR WSSS 011700Z 35005KT 9999 FEW018 BKN300 27/25 Q1009 NOSIG
2026-03-01 17:45 UTC,METAR WSSS 011730Z 02004KT 350V060 9999 FEW018 BKN300 27/25 Q1009 NOSIG
2026-03-01 18:27 UTC,METAR WSSS 011800Z 01006KT 9999 FEW018 BKN300 27/25 Q1009 NOSIG
2026-03-01 18:57 UTC,METAR WSSS 011830Z 34004KT 9999 FEW018 BKN300 27/25 Q1009 NOSIG
2026-03-01 19:22 UTC,METAR WSSS 011900Z 35004KT 9999 FEW018 BKN300 26/25 Q1008 NOSIG
2026-03-01 19:41 UTC,METAR WSSS 011930Z 34005KT 9999 FEW018 BKN300 26/25 Q1008 NOSIG
2026-03-01 20:21 UTC,METAR WSSS 012000Z 35004KT 9999 FEW018 BKN300 26/25 Q1008 NOSIG
2026-03-01 20:48 UTC,METAR WSSS 012030Z 35005KT 9999 FEW018 BKN300 26/25 Q1008 NOSIG
2026-03-01 21:18 UTC,METAR WSSS 012100Z 36006KT 9999 FEW018 BKN300 26/25 Q1008 NOSIG
2026-03-01 21:43 UTC,METAR WSSS 012130Z 36005KT 9999 FEW018 BKN300 26/25 Q1008 NOSIG
2026-03-01 22:19 UTC,METAR WSSS 012200Z 01007KT 9999 FEW018 BKN300 27/25 Q1008 NOSIG
2026-03-01 22:48 UTC,METAR WSSS 012230Z 35005KT 9999 FEW018 BKN300 26/25 Q1008 NOSIG
2026-03-01 23:19 UTC,METAR WSSS 012300Z 36005KT 9999 FEW018 BKN300 26/25 Q1008 NOSIG
2026-03-01 23:44 UTC,METAR WSSS 012330Z 35006KT 9999 FEW018 BKN300 26/25 Q1009 NOSIG
2026-03-02 01:49 UTC,METAR WSSS 020130Z 01009KT 9999 FEW016 BKN300 28/25 Q1010 NOSIG
2026-03-02 04:10 UTC,METAR WSSS 020400Z 36008KT 310V040 9999 SCT018 FEW020TCU BKN300 31/26 Q1010 NOSIG
2026-03-02 05:33 UTC,METAR WSSS 020530Z 18009KT 9999 VCSH FEW015 SCT018TCU FEW020CB 30/25 Q1009 TEMPO FM0545 TL0630 4000 -TSRA
2026-03-02 06:52 UTC,METAR WSSS 020630Z 02005KT 340V080 7000 -SHRA FEW014 SCT017TCU FEW018CB 30/25 Q1008 TEMPO TL0730 3000 TSRA
2026-03-02 07:46 UTC,METAR WSSS 020730Z 18006KT 4500 -TSRA FEW014 FEW016CB SCT017TCU 28/26 Q1007 BECMG TL0745 6000 BECMG FM0900 TL0915 NSW
2026-03-02 08:39 UTC,METAR WSSS 020830Z 22008KT 180V270 2000 +TSRA FEW010 FEW013CB SCT015TCU BKN140 23/21 Q1008 BECMG FM0845 TL0900 4500 -TSRA BECMG FM0930 TL0945 6000 NSW
2026-03-02 09:43 UTC,METAR WSSS 020930Z 34005KT 8000 -TSRA FEW016CB FEW017TCU SCT080 BKN160 25/23 Q1008 TEMPO FM1000 TL1030 4000 TSRA
2026-03-02 10:39 UTC,METAR WSSS 021030Z 31005KT 240V340 9000 -RA FEW015 FEW018TCU SCT050 25/22 Q1008 NOSIG
2026-03-02 11:29 UTC,METAR WSSS 021100Z 32008KT 9999 -RA FEW016 SCT140 24/22 Q1008 NOSIG
2026-03-02 11:55 UTC,METAR WSSS 021130Z 30003KT 200V010 9999 FEW016 SCT140 25/22 Q1008 NOSIG
2026-03-02 12:50 UTC,METAR WSSS 021230Z 33003KT 9000 FEW016 BKN300 25/23 Q1009 NOSIG
2026-03-02 13:57 UTC,METAR WSSS 021330Z 34004KT 300V010 9000 FEW016 FEW020TCU BKN300 25/23 Q1009 NOSIG
2026-03-02 14:45 UTC,METAR WSSS 021430Z 35003KT 9000 FEW016 SCT160 24/23 Q1010 NOSIG
2026-03-02 15:38 UTC,METAR WSSS 021530Z 35004KT 9999 FEW016 BKN300 24/23 Q1010 NOSIG
2026-03-02 16:39 UTC,METAR WSSS 021630Z VRB01KT 8000 FEW016 BKN300 24/23 Q1010 NOSIG
2026-03-02 17:41 UTC,METAR WSSS 021730Z VRB02KT 9999 FEW016 BKN300 24/23 Q1010 NOSIG
2026-03-02 18:40 UTC,METAR WSSS 021830Z 30002KT 8000 FEW016 BKN300 24/23 Q1010 NOSIG
2026-03-02 19:34 UTC,METAR WSSS 021930Z VRB01KT 6000 FEW016 SCT160 BKN300 24/23 Q1009 NOSIG
2026-03-02 20:32 UTC,METAR WSSS 022030Z VRB02KT 6000 FEW016 BKN160 24/24 Q1009 NOSIG
2026-03-02 21:28 UTC,METAR WSSS 022100Z 34002KT 6000 FEW016 BKN160 24/23 Q1008 NOSIG
2026-03-02 21:57 UTC,METAR WSSS 022130Z 33004KT 8000 FEW016 BKN160 25/23 Q1009 NOSIG
2026-03-02 22:31 UTC,METAR WSSS 022230Z 34005KT 8000 FEW016 SCT160 BKN300 25/23 Q1009 NOSIG
2026-03-02 23:21 UTC,METAR WSSS 022300Z 34004KT 6000 FEW016 BKN300 24/23 Q1009 NOSIG
2026-03-02 23:48 UTC,METAR WSSS 022330Z 32002KT 6000 FEW016 BKN300 24/23 Q1010 NOSIG
2026-03-03 01:51 UTC,METAR WSSS 030130Z 35006KT 310V010 7000 FEW018 SCT080 BKN300 28/25 Q1011 NOSIG
2026-03-03 04:11 UTC,METAR WSSS 030400Z 36006KT 310V060 9999 FEW020 BKN300 31/25 Q1010 NOSIG
2026-03-03 05:31 UTC,METAR WSSS 030530Z 03005KT 320V090 9999 FEW020 BKN300 31/24 Q1009 NOSIG
2026-03-03 06:44 UTC,METAR WSSS 030630Z VRB03KT 9999 FEW018TCU SCT280 BKN300 31/25 Q1008 NOSIG
2026-03-03 07:39 UTC,METAR WSSS 030730Z 12012KT 8000 -TSRA FEW015 FEW017CB FEW018TCU BKN300 30/25 Q1007 TEMPO FM0745 TL0830 4500 TSRA BECMG FM0845 TL0900 NSW
2026-03-03 08:35 UTC,METAR WSSS 030830Z 35016G27KT 330V030 7000 -TSRA FEW012 FEW016CB SCT017TCU 26/23 Q1008 TEMPO TL0930 2000 +TSRA BECMG FM0945 TL1000 NSW
2026-03-03 09:37 UTC,METAR WSSS 030930Z 25003KT 200V340 8000 -TSRA FEW014 FEW016CB SCT160 25/22 Q1007 RESHRA BECMG TL0945 NSW
2026-03-03 10:34 UTC,METAR WSSS 031030Z 32004KT 270V350 9999 -RA FEW014 FEW017TCU BKN160 25/23 Q1008 NOSIG
2026-03-03 11:29 UTC,METAR WSSS 031100Z 36007KT 9999 FEW016 BKN170 25/23 Q1008 NOSIG
2026-03-03 11:55 UTC,METAR WSSS 031130Z 34003KT 310V010 9999 FEW016 SCT170 25/23 Q1007 NOSIG
2026-03-03 12:52 UTC,METAR WSSS 031230Z VRB01KT 9000 FEW016 SCT150 25/24 Q1009 NOSIG
2026-03-03 13:57 UTC,METAR WSSS 031330Z 32002KT 9000 FEW016 SCT160 BKN300 24/23 Q1009 NOSIG
2026-03-03 14:43 UTC,METAR WSSS 031430Z 36005KT 9999 FEW016 BKN300 25/24 Q1010 NOSIG
2026-03-03 15:42 UTC,METAR WSSS 031530Z 00000KT 9000 FEW016 BKN300 25/24 Q1011 NOSIG
2026-03-03 16:41 UTC,METAR WSSS 031630Z 35004KT 8000 FEW016 BKN300 24/23 Q1011 NOSIG
2026-03-03 17:40 UTC,METAR WSSS 031730Z 33003KT 9000 FEW016 BKN300 25/24 Q1011 NOSIG
2026-03-03 18:41 UTC,METAR WSSS 031830Z 35006KT 9000 FEW016 SCT060 26/25 Q1010 NOSIG
2026-03-03 19:38 UTC,METAR WSSS 031930Z 32003KT 9000 FEW018 SCT060 26/25 Q1010 NOSIG
2026-03-03 20:28 UTC,METAR WSSS 032000Z 34006KT 9000 FEW018 BKN300 26/24 Q1009 NOSIG
2026-03-03 20:57 UTC,METAR WSSS 032030Z 34006KT 6000 FEW018 BKN300 26/24 Q1009 NOSIG
2026-03-03 21:36 UTC,METAR WSSS 032130Z 33004KT 290V350 9000 FEW018 SCT280 BKN300 26/24 Q1009 NOSIG
2026-03-03 22:24 UTC,METAR WSSS 032200Z 33005KT 9000 FEW018 BKN300 26/24 Q1009 NOSIG
2026-03-03 22:52 UTC,METAR WSSS 032230Z 36004KT 310V020 7000 FEW018 BKN300 25/23 Q1009 NOSIG
2026-03-03 23:22 UTC,METAR WSSS 032300Z 02005KT 7000 FEW018 BKN300 25/24 Q1009 NOSIG
2026-03-03 23:48 UTC,METAR WSSS 032330Z 01003KT 350V050 7000 FEW018 BKN300 25/23 Q1009 NOSIG
2026-03-04 01:45 UTC,METAR WSSS 040130Z 34005KT 300V030 9999 FEW018 SCT160 BKN300 28/24 Q1011 NOSIG
2026-03-04 04:05 UTC,METAR WSSS 040400Z 30004KT 200V360 9999 SCT018 SCT160 30/24 Q1011 NOSIG
2026-03-04 05:27 UTC,METAR WSSS 040500Z VRB04KT 9999 SCT018 SCT160 31/24 Q1010 NOSIG
2026-03-04 06:04 UTC,METAR WSSS 040600Z 16008KT 9999 SCT016 FEW018TCU BKN270 30/24 Q1009 NOSIG
2026-03-04 07:10 UTC,METAR WSSS 040700Z 17009KT 6000 -SHRA FEW013 FEW017CB FEW018TCU SCT040 27/26 Q1008 RESHRA TEMPO TL0800 4000 TSRA
2026-03-04 07:56 UTC,METAR WSSS 040730Z 17007KT 7000 -TSRA FEW017CB FEW018TCU SCT040 28/26 Q1008 TEMPO TL0800 3000 TSRA BECMG FM0800 TL0820 NSW
2026-03-04 08:39 UTC,METAR WSSS 040830Z 34006KT 8000 -TSRA FEW012 FEW017CB FEW018TCU SCT040 27/25 Q1007 BECMG TL0900 NSW
2026-03-04 09:36 UTC,METAR WSSS 040930Z 02005KT 330V070 9999 FEW018TCU FEW020CB BKN300 28/25 Q1007 NOSIG
2026-03-04 10:32 UTC,METAR WSSS 041030Z 35004KT 9999 FEW018TCU FEW020CB BKN300 27/24 Q1007 NOSIG
2026-03-04 11:27 UTC,METAR WSSS 041100Z VRB02KT 9999 FEW018TCU SCT030 BKN300 27/23 Q1007 NOSIG
2026-03-04 11:52 UTC,METAR WSSS 041130Z 20003KT 9999 FEW018 SCT030 BKN300 27/24 Q1008 NOSIG
2026-03-04 12:46 UTC,METAR WSSS 041230Z VRB02KT 9999 FEW018 SCT030 BKN300 27/24 Q1009 NOSIG
2026-03-04 13:54 UTC,METAR WSSS 041330Z 00000KT 9999 FEW016 SCT025 BKN300 26/25 Q1009 NOSIG
2026-03-04 14:35 UTC,METAR WSSS 041430Z 00000KT 9999 FEW016 SCT025 BKN300 27/25 Q1010 NOSIG
2026-03-04 15:36 UTC,METAR WSSS 041530Z 34003KT 9999 FEW018CB SCT025 BKN300 26/25 Q1010 NOSIG
2026-03-04 16:38 UTC,METAR WSSS 041630Z VRB01KT 9999 FEW018 SCT030 BKN300 26/24 Q1010 NOSIG
2026-03-04 17:35 UTC,METAR WSSS 041730Z 31002KT 9999 FEW018 BKN300 26/25 Q1010 NOSIG
2026-03-04 18:42 UTC,METAR WSSS 041830Z 35002KT 9999 FEW018 BKN300 25/25 Q1009 NOSIG
2026-03-04 19:35 UTC,METAR WSSS 041930Z 32003KT 9999 FEW018 BKN300 26/25 Q1009 NOSIG
2026-03-04 20:28 UTC,METAR WSSS 042000Z 01002KT 9999 FEW018 BKN300 25/24 Q1009 NOSIG
2026-03-04 20:57 UTC,METAR WSSS 042030Z 34003KT 9999 FEW018 BKN300 25/24 Q1009 NOSIG
2026-03-04 21:36 UTC,METAR WSSS 042130Z 33002KT 9999 FEW018 BKN300 25/24 Q1008 NOSIG
2026-03-04 22:27 UTC,METAR WSSS 042200Z 31002KT 9999 FEW018 BKN300 25/24 Q1008 NOSIG
2026-03-04 22:57 UTC,METAR WSSS 042230Z 34003KT 9999 FEW018 BKN300 25/24 Q1008 NOSIG
2026-03-04 23:34 UTC,METAR WSSS 042300Z 00000KT 9999 FEW018 BKN300 25/24 Q1009 NOSIG
2026-03-05 01:48 UTC,METAR WSSS 050130Z 34003KT 290V030 7000 FEW016 SCT280 29/25 Q1010 NOSIG
2026-03-05 04:09 UTC,METAR WSSS 050400Z 35007KT 320V020 9999 FEW018 BKN280 30/24 Q1010 NOSIG
2026-03-05 05:30 UTC,METAR WSSS 050500Z 34008KT 290V020 9999 FEW020 SCT280 30/24 Q1009 NOSIG
2026-03-05 06:08 UTC,METAR WSSS 050600Z 01009KT 340V040 9999 FEW020 BKN280 31/25 Q1008 NOSIG
2026-03-05 07:14 UTC,METAR WSSS 050700Z 36010KT 330V030 9999 FEW020TCU SCT280 BKN300 32/24 Q1007 NOSIG
2026-03-05 07:59 UTC,METAR WSSS 050730Z 02011KT 9999 FEW020TCU SCT280 BKN300 32/24 Q1007 NOSIG
2026-03-05 08:53 UTC,METAR WSSS 050830Z 01012KT 9999 FEW018TCU BKN300 31/25 Q1006 NOSIG
2026-03-05 09:38 UTC,METAR WSSS 050930Z 36014KT 9999 TS FEW018TCU FEW020CB BKN300 30/24 Q1006 BECMG FM1000 TL1015 NSW
2026-03-05 10:34 UTC,METAR WSSS 051030Z 01012KT 9999 FEW018TCU FEW020CB BKN300 29/24 Q1006 NOSIG
2026-03-05 11:30 UTC,METAR WSSS 051100Z 36010KT 9999 FEW018TCU BKN300 28/24 Q1006 NOSIG
2026-03-05 12:52 UTC,METAR WSSS 051230Z 30003KT 230V350 9999 TS FEW018 FEW020CB SCT040 BKN300 28/23 Q1008 BECMG TL1245 NSW
2026-03-05 13:58 UTC,METAR WSSS 051330Z 35004KT 9999 FEW018 SCT040 BKN300 27/24 Q1009 NOSIG
2026-03-05 14:53 UTC,METAR WSSS 051430Z 34003KT 280V010 9999 FEW018 SCT040 BKN300 27/23 Q1010 NOSIG
2026-03-05 15:46 UTC,METAR WSSS 051530Z 34005KT 9999 FEW018 BKN300 27/23 Q1009 NOSIG
2026-03-05 17:59 UTC,METAR WSSS 051730Z 33005KT 300V360 9999 FEW018 BKN300 26/23 Q1009 NOSIG
2026-03-05 19:22 UTC,METAR WSSS 051900Z 33005KT 9999 FEW018 SCT150 BKN300 26/23 Q1008 NOSIG
2026-03-05 20:03 UTC,METAR WSSS 052000Z 33005KT 9999 FEW018 BKN300 26/23 Q1008 NOSIG
2026-03-05 21:00 UTC,METAR WSSS 052030Z 34005KT 9999 FEW018 BKN300 25/23 Q1008 NOSIG
2026-03-05 21:45 UTC,METAR WSSS 052130Z 33004KT 9999 FEW018 SCT150 BKN300 25/23 Q1008 NOSIG
2026-03-05 22:27 UTC,METAR WSSS 052200Z 33004KT 9000 FEW018 BKN300 25/23 Q1008 NOSIG
2026-03-05 23:35 UTC,METAR WSSS 052330Z 33005KT 8000 FEW018 BKN300 25/23 Q1009 NOSIG
2026-03-06 01:49 UTC,METAR WSSS 060130Z 36007KT 330V030 9999 FEW020 BKN280 27/24 Q1010 NOSIG
2026-03-06 04:06 UTC,METAR WSSS 060400Z 35007KT 310V040 9999 FEW018 BKN300 30/24 Q1011 NOSIG
2026-03-06 05:29 UTC,METAR WSSS 060500Z 36010KT 330V030 9999 FEW020 SCT280 BKN300 31/24 Q1010 NOSIG
2026-03-06 06:06 UTC,METAR WSSS 060600Z 01011KT 9999 FEW020TCU BKN300 32/23 Q1009 NOSIG
2026-03-06 07:12 UTC,METAR WSSS 060700Z 01010KT 9999 SCT020 SCT280 31/23 Q1008 NOSIG
2026-03-06 07:56 UTC,METAR WSSS 060730Z 01011KT 9999 SCT020 BKN280 31/23 Q1007 NOSIG
2026-03-06 08:37 UTC,METAR WSSS 060830Z 01013KT 9999 FEW020TCU BKN280 31/23 Q1007 NOSIG
2026-03-06 09:34 UTC,METAR WSSS 060930Z 01011KT 9999 FEW018CB FEW020TCU BKN280 30/24 Q1007 NOSIG
2026-03-06 10:30 UTC,METAR WSSS 061000Z 36010KT 9999 TS FEW017CB FEW018TCU BKN280 29/24 Q1007 BECMG FM1025 TL1035 NSW
2026-03-06 11:25 UTC,METAR WSSS 061100Z 35009KT 9999 TS FEW014 FEW017CB FEW018TCU SCT180 28/23 Q1008 BECMG FM1130 TL1145 NSW
2026-03-06 11:50 UTC,METAR WSSS 061130Z 36009KT 9999 TS FEW014 FEW017CB FEW018TCU SCT180 28/23 Q1008 BECMG TL1200 NSW
2026-03-06 12:45 UTC,METAR WSSS 061230Z 35004KT 310V020 9999 FEW016 FEW018CB SCT280 28/24 Q1009 NOSIG
2026-03-06 13:51 UTC,METAR WSSS 061330Z 34006KT 9999 FEW016 FEW018CB SCT140 28/24 Q1010 NOSIG
2026-03-06 14:33 UTC,METAR WSSS 061430Z 34005KT 290V360 9999 FEW016 SCT150 BKN270 27/23 Q1011 NOSIG
2026-03-06 15:33 UTC,METAR WSSS 061530Z 35004KT 9999 FEW016 SCT020 BKN280 27/23 Q1011 NOSIG
2026-03-06 16:35 UTC,METAR WSSS 061630Z 34005KT 9999 FEW016 SCT280 BKN300 27/23 Q1011 NOSIG
2026-03-06 17:31 UTC,METAR WSSS 061730Z 33005KT 9999 SCT016 BKN300 27/23 Q1010 NOSIG
2026-03-06 18:38 UTC,METAR WSSS 061830Z 34006KT 9999 FEW016 BKN300 26/24 Q1009 NOSIG
2026-03-06 19:31 UTC,METAR WSSS 061900Z 34005KT 9999 FEW016 SCT160 BKN300 26/24 Q1009 NOSIG
2026-03-06 20:27 UTC,METAR WSSS 062000Z 33006KT 300V360 9999 FEW016 BKN300 26/24 Q1009 NOSIG
2026-03-06 20:55 UTC,METAR WSSS 062030Z 34005KT 9999 FEW016 BKN300 26/24 Q1009 NOSIG
2026-03-06 21:26 UTC,METAR WSSS 062100Z 33005KT 9999 FEW016 BKN300 26/24 Q1009 NOSIG
2026-03-06 21:52 UTC,METAR WSSS 062130Z 33005KT 8000 FEW016 BKN300 26/24 Q1009 NOSIG
2026-03-06 22:23 UTC,METAR WSSS 062200Z 33006KT 290V350 8000 FEW016 BKN300 26/24 Q1009 NOSIG
2026-03-06 22:54 UTC,METAR WSSS 062230Z 34006KT 8000 FEW016 SCT160 BKN300 26/24 Q1009 NOSIG
2026-03-06 23:24 UTC,METAR WSSS 062300Z 33005KT 8000 FEW016 BKN160 26/24 Q1009 NOSIG
2026-03-06 23:49 UTC,METAR WSSS 062330Z 32004KT 290V350 8000 FEW016 BKN160 26/24 Q1009 NOSIG
2026-03-07 01:41 UTC,METAR WSSS 070130Z 35008KT 9999 FEW016 BKN160 28/24 Q1011 NOSIG
2026-03-07 03:57 UTC,METAR WSSS 070330Z 36009KT 310V030 9999 FEW018 BKN160 30/24 Q1011 NOSIG
2026-03-07 05:00 UTC,METAR WSSS 070430Z 01010KT 340V040 9999 FEW018 BKN160 31/23 Q1011 NOSIG
2026-03-07 05:57 UTC,METAR WSSS 070530Z 36014KT 9999 FEW018TCU BKN160 30/23 Q1010 NOSIG
2026-03-07 06:45 UTC,METAR WSSS 070630Z 36016KT 9999 FEW018TCU SCT160 BKN300 31/24 Q1009 NOSIG
2026-03-07 07:25 UTC,METAR WSSS 070700Z 36016KT 9999 FEW018TCU BKN300 31/24 Q1009 NOSIG
2026-03-07 07:47 UTC,METAR WSSS 070730Z 01016KT 9999 FEW018TCU BKN300 31/23 Q1008 NOSIG
2026-03-07 08:26 UTC,METAR WSSS 070800Z 36015KT 9999 FEW018TCU BKN300 30/24 Q1008 NOSIG
2026-03-07 08:54 UTC,METAR WSSS 070830Z 01014KT 9999 FEW018TCU BKN300 30/23 Q1008 NOSIG
2026-03-07 09:24 UTC,METAR WSSS 070900Z 01015KT 9999 FEW018TCU BKN300 31/23 Q1008 NOSIG
2026-03-07 09:50 UTC,METAR WSSS 070930Z 36015KT 9999 FEW018 BKN300 30/23 Q1008 NOSIG
2026-03-07 10:19 UTC,METAR WSSS 071000Z 36015KT 9999 FEW018 BKN300 30/23 Q1008 NOSIG
2026-03-07 10:47 UTC,METAR WSSS 071030Z 36015KT 9999 FEW018 BKN300 29/23 Q1008 NOSIG
2026-03-07 11:16 UTC,METAR WSSS 071100Z 36014KT 9999 FEW018 BKN300 28/23 Q1008 NOSIG
2026-03-07 11:41 UTC,METAR WSSS 071130Z 36013KT 9999 FEW018 BKN300 28/23 Q1008 NOSIG
2026-03-07 12:38 UTC,METAR WSSS 071230Z 35010KT 9999 FEW018 BKN300 27/23 Q1009 NOSIG
2026-03-07 13:35 UTC,METAR WSSS 071330Z 35008KT 9999 SCT018 BKN300 27/24 Q1010 NOSIG
2026-03-07 14:20 UTC,METAR WSSS 071400Z 36007KT 9999 FEW018 BKN300 27/23 Q1010 NOSIG
2026-03-07 14:47 UTC,METAR WSSS 071430Z 35007KT 9999 FEW018 BKN300 27/24 Q1011 NOSIG
2026-03-07 15:19 UTC,METAR WSSS 071500Z 36008KT 9999 FEW018 BKN300 26/24 Q1011 NOSIG
2026-03-07 15:44 UTC,METAR WSSS 071530Z 36010KT 9999 FEW018 SCT170 BKN300 27/23 Q1011 NOSIG
2026-03-07 16:22 UTC,METAR WSSS 071600Z 35008KT 9999 FEW018 SCT170 BKN300 27/23 Q1012 NOSIG
2026-03-07 16:49 UTC,METAR WSSS 071630Z 36009KT 9999 FEW018 BKN300 26/23 Q1012 NOSIG
2026-03-07 17:17 UTC,METAR WSSS 071700Z 36009KT 9999 FEW018 BKN300 26/23 Q1011 NOSIG
2026-03-07 17:44 UTC,METAR WSSS 071730Z 34006KT 9999 FEW018 BKN300 26/23 Q1011 NOSIG
2026-03-07 18:27 UTC,METAR WSSS 071800Z 34006KT 9999 FEW018 BKN300 26/23 Q1011 NOSIG
2026-03-07 18:56 UTC,METAR WSSS 071830Z 34007KT 9999 FEW018 BKN300 26/23 Q1010 NOSIG
2026-03-07 19:21 UTC,METAR WSSS 071900Z 34007KT 9999 FEW018 BKN300 26/23 Q1010 NOSIG
2026-03-07 19:42 UTC,METAR WSSS 071930Z 35007KT 9999 FEW018 SCT280 BKN300 26/23 Q1010 NOSIG
2026-03-07 20:20 UTC,METAR WSSS 072000Z 33005KT 300V360 9999 FEW016 BKN280 26/23 Q1009 NOSIG
2026-03-07 20:46 UTC,METAR WSSS 072030Z 35007KT 9999 FEW016 BKN280 26/23 Q1009 NOSIG
2026-03-07 21:17 UTC,METAR WSSS 072100Z 34006KT 310V010 9999 FEW016 BKN280 26/23 Q1009 NOSIG
2026-03-07 21:42 UTC,METAR WSSS 072130Z 35008KT 9999 FEW016 SCT280 BKN300 26/23 Q1009 NOSIG
2026-03-07 22:18 UTC,METAR WSSS 072200Z 35007KT 9999 FEW016 BKN300 25/23 Q1009 NOSIG
2026-03-07 22:47 UTC,METAR WSSS 072230Z 34006KT 9999 FEW016 BKN300 26/23 Q1010 NOSIG
2026-03-07 23:18 UTC,METAR WSSS 072300Z 34005KT 9999 FEW018 BKN300 26/23 Q1010 NOSIG
2026-03-07 23:43 UTC,METAR WSSS 072330Z 34005KT 9999 FEW018 BKN300 26/23 Q1010 NOSIG
2026-03-08 01:49 UTC,METAR WSSS 080130Z 36008KT 9999 FEW018 BKN300 28/24 Q1011 NOSIG
2026-03-08 04:08 UTC,METAR WSSS 080400Z 36013KT 9999 SCT018 BKN300 31/24 Q1011 NOSIG
2026-03-08 05:27 UTC,METAR WSSS 080500Z 01014KT 9999 SCT020 BKN300 31/23 Q1011 NOSIG
2026-03-08 06:02 UTC,METAR WSSS 080530Z 01014KT 340V040 9999 SCT020 BKN300 31/23 Q1010 NOSIG
2026-03-08 07:05 UTC,METAR WSSS 080630Z 01014KT 9999 FEW020 BKN300 31/23 Q1009 NOSIG
2026-03-08 07:49 UTC,METAR WSSS 080730Z 36014KT 9999 FEW020 BKN300 31/24 Q1009 NOSIG
2026-03-08 08:26 UTC,METAR WSSS 080800Z 36014KT 9999 FEW020 BKN300 31/23 Q1008 NOSIG
2026-03-08 08:54 UTC,METAR WSSS 080830Z 01015KT 9999 FEW020 BKN300 30/22 Q1008 NOSIG
2026-03-08 09:25 UTC,METAR WSSS 080900Z 01015KT 9999 FEW020 BKN300 30/23 Q1008 NOSIG
2026-03-08 09:51 UTC,METAR WSSS 080930Z 36015KT 9999 FEW020TCU SCT280 BKN300 29/23 Q1008 NOSIG
2026-03-08 10:20 UTC,METAR WSSS 081000Z 36014KT 9999 FEW020TCU SCT280 BKN300 29/23 Q1008 NOSIG
2026-03-08 10:49 UTC,METAR WSSS 081030Z 36016KT 9999 FEW018TCU SCT280 BKN300 28/23 Q1008 NOSIG
2026-03-08 11:17 UTC,METAR WSSS 081100Z 36014KT 9999 FEW018TCU SCT280 28/23 Q1008 NOSIG
2026-03-08 11:42 UTC,METAR WSSS 081130Z 01016KT 9999 FEW018TCU SCT280 28/23 Q1009 NOSIG
2026-03-08 12:39 UTC,METAR WSSS 081230Z 02013KT 9999 FEW018 BKN300 27/23 Q1010 NOSIG
2026-03-08 13:36 UTC,METAR WSSS 081330Z 02011KT 9999 FEW018 BKN300 27/23 Q1011 NOSIG
2026-03-08 14:21 UTC,METAR WSSS 081400Z 36009KT 340V040 9999 FEW018 BKN300 27/23 Q1011 NOSIG
2026-03-08 14:49 UTC,METAR WSSS 081430Z 01010KT 9999 FEW018 BKN300 27/23 Q1011 NOSIG
2026-03-08 15:19 UTC,METAR WSSS 081500Z 01011KT 9999 FEW018 BKN300 27/23 Q1011 NOSIG
2026-03-08 15:44 UTC,METAR WSSS 081530Z 35009KT 9999 FEW018 BKN300 26/23 Q1011 NOSIG
2026-03-08 16:22 UTC,METAR WSSS 081600Z 35008KT 9999 FEW018 BKN300 26/23 Q1011 NOSIG
2026-03-08 16:50 UTC,METAR WSSS 081630Z 35007KT 9999 FEW018 BKN300 26/23 Q1011 NOSIG
2026-03-08 17:19 UTC,METAR WSSS 081700Z 35007KT 9999 FEW018 BKN300 26/23 Q1011 NOSIG
2026-03-08 17:46 UTC,METAR WSSS 081700Z 35007KT 9999 FEW018 BKN300 26/23 Q1011 NOSIG
2026-03-08 18:28 UTC,METAR WSSS 081800Z 35004KT 9999 FEW018 BKN300 26/23 Q1011 NOSIG
2026-03-08 18:58 UTC,METAR WSSS 081830Z 35005KT 9999 FEW018 BKN300 26/23 Q1010 NOSIG
2026-03-08 19:27 UTC,METAR WSSS 081900Z 34005KT 310V010 9999 FEW018 BKN300 26/23 Q1010 NOSIG
2026-03-08 19:45 UTC,METAR WSSS 081930Z 34005KT 9999 FEW018 BKN300 26/23 Q1010 NOSIG
2026-03-08 20:21 UTC,METAR WSSS 082000Z 33003KT 290V360 9999 FEW018 BKN300 26/23 Q1010 NOSIG
2026-03-08 20:48 UTC,METAR WSSS 082030Z 35004KT 9999 FEW018 BKN300 25/23 Q1010 NOSIG
2026-03-08 21:19 UTC,METAR WSSS 082100Z 34005KT 9999 FEW018 BKN300 26/23 Q1010 NOSIG
2026-03-08 21:44 UTC,METAR WSSS 082130Z 35005KT 9999 FEW018 BKN300 25/23 Q1010 NOSIG
2026-03-08 22:19 UTC,METAR WSSS 082200Z 34005KT 280V360 9999 FEW018 BKN300 25/23 Q1010 NOSIG
2026-03-08 22:48 UTC,METAR WSSS 082230Z 34004KT 310V010 9999 FEW018 BKN300 25/23 Q1010 NOSIG
2026-03-08 23:19 UTC,METAR WSSS 082300Z 34004KT 9999 FEW018 BKN300 25/23 Q1010 NOSIG
2026-03-08 23:44 UTC,METAR WSSS 082330Z 34004KT 9999 FEW018 BKN300 25/23 Q1011 NOSIG
2026-03-09 01:50 UTC,METAR WSSS 090130Z 01009KT 9000 SCT018 BKN300 28/24 Q1012 NOSIG
2026-03-09 04:13 UTC,METAR WSSS 090400Z 35012KT 330V030 9999 FEW020 BKN300 31/23 Q1012 NOSIG
2026-03-09 05:38 UTC,METAR WSSS 090530Z 35012KT 9999 FEW022 BKN300 31/23 Q1011 NOSIG
2026-03-09 06:56 UTC,METAR WSSS 090630Z 01012KT 9999 FEW022 BKN300 31/22 Q1010 NOSIG
2026-03-09 07:49 UTC,METAR WSSS 090730Z 01013KT 9999 FEW022 BKN300 32/24 Q1009 NOSIG
2026-03-09 08:39 UTC,METAR WSSS 090830Z 36014KT 9999 FEW022 BKN300 31/22 Q1009 NOSIG
2026-03-09 09:44 UTC,METAR WSSS 090930Z 01014KT 9999 FEW022 BKN300 30/22 Q1008 NOSIG
2026-03-09 10:40 UTC,METAR WSSS 091030Z 01016KT 9999 FEW020 BKN300 29/22 Q1009 NOSIG
2026-03-09 11:32 UTC,METAR WSSS 091130Z 01016KT 9999 FEW020 BKN300 28/22 Q1009 NOSIG
2026-03-09 12:54 UTC,METAR WSSS 091230Z 01011KT 9999 FEW018 BKN300 27/23 Q1010 NOSIG
2026-03-09 14:03 UTC,METAR WSSS 091400Z 35007KT 9999 FEW018 BKN300 27/23 Q1011 NOSIG
2026-03-09 15:29 UTC,METAR WSSS 091500Z 35008KT 9999 FEW018 BKN300 26/23 Q1012 NOSIG
2026-03-09 16:32 UTC,METAR WSSS 091630Z 36006KT 9999 FEW018 BKN300 25/23 Q1012 NOSIG
2026-03-09 17:43 UTC,METAR WSSS 091730Z 36006KT 9999 FEW018 BKN300 25/23 Q1012 NOSIG
2026-03-09 18:45 UTC,METAR WSSS 091830Z 36007KT 9999 FEW018 BKN300 25/23 Q1012 NOSIG
2026-03-09 19:37 UTC,METAR WSSS 091930Z 36007KT 9999 FEW018 BKN300 25/23 Q1011 NOSIG
2026-03-09 20:28 UTC,METAR WSSS 092000Z 35008KT 9999 FEW018 BKN300 25/23 Q1011 NOSIG
2026-03-09 21:00 UTC,METAR WSSS 092030Z 36007KT 9999 FEW018 BKN300 25/23 Q1011 NOSIG
2026-03-09 21:40 UTC,METAR WSSS 092130Z 35005KT 320V020 9999 FEW018 BKN300 25/23 Q1011 NOSIG
2026-03-09 22:24 UTC,METAR WSSS 092200Z 35005KT 9999 FEW018 BKN300 25/23 Q1010 NOSIG
2026-03-09 22:53 UTC,METAR WSSS 092230Z 34005KT 9999 FEW018 BKN300 25/23 Q1011 NOSIG
2026-03-09 23:24 UTC,METAR WSSS 092300Z 34005KT 9999 FEW018 BKN300 25/23 Q1011 NOSIG
2026-03-09 23:49 UTC,METAR WSSS 092330Z 34005KT 9999 FEW018 BKN300 25/22 Q1012 NOSIG
2026-03-10 01:43 UTC,METAR WSSS 100130Z 36010KT 9999 FEW018 BKN300 28/23 Q1013 NOSIG
2026-03-10 04:05 UTC,METAR WSSS 100400Z 01010KT 320V030 9999 FEW020 BKN300 30/22 Q1013 NOSIG
2026-03-10 05:30 UTC,METAR WSSS 100500Z 36011KT 330V030 9999 FEW020 BKN300 31/21 Q1012 NOSIG
2026-03-10 06:06 UTC,METAR WSSS 100600Z 02012KT 340V040 9999 FEW022 BKN300 31/22 Q1011 NOSIG
2026-03-10 07:12 UTC,METAR WSSS 100700Z 01014KT 9999 FEW022 BKN300 31/22 Q1010 NOSIG
2026-03-10 07:59 UTC,METAR WSSS 100730Z 01013KT 9999 FEW022 SCT280 BKN300 31/21 Q1010 NOSIG
2026-03-10 08:55 UTC,METAR WSSS 100830Z 01012KT 340V040 9999 FEW020 SCT280 BKN300 31/22 Q1009 NOSIG
2026-03-10 09:41 UTC,METAR WSSS 100930Z 36013KT 9999 FEW020 BKN300 31/22 Q1009 NOSIG
2026-03-10 10:34 UTC,METAR WSSS 101030Z 02016KT 9999 FEW020TCU BKN300 29/22 Q1010 NOSIG
2026-03-10 11:29 UTC,METAR WSSS 101100Z 36013KT 9999 FEW020TCU BKN300 28/22 Q1010 NOSIG
2026-03-10 11:56 UTC,METAR WSSS 101130Z 36013KT 9999 FEW020 BKN300 27/22 Q1010 NOSIG
2026-03-10 12:58 UTC,METAR WSSS 101230Z 01012KT 9999 FEW020 BKN300 27/23 Q1011 NOSIG
2026-03-10 14:03 UTC,METAR WSSS 101400Z 34004KT 9999 FEW020 BKN300 26/23 Q1012 NOSIG
2026-03-10 15:28 UTC,METAR WSSS 101500Z 35006KT 9999 FEW020 BKN300 26/23 Q1012 NOSIG
2026-03-10 16:32 UTC,METAR WSSS 101630Z 34006KT 9999 FEW018 BKN300 26/23 Q1012 NOSIG
2026-03-10 17:42 UTC,METAR WSSS 101730Z 34006KT 9999 FEW018 BKN300 25/23 Q1012 NOSIG
2026-03-10 18:41 UTC,METAR WSSS 101830Z 34006KT 9999 FEW018 BKN300 25/23 Q1011 NOSIG
2026-03-10 19:35 UTC,METAR WSSS 101930Z 33005KT 300V360 9999 FEW018 BKN300 25/23 Q1011 NOSIG
2026-03-10 20:28 UTC,METAR WSSS 102000Z 33004KT 9999 FEW018 BKN300 25/22 Q1011 NOSIG
2026-03-10 20:58 UTC,METAR WSSS 102030Z 33004KT 9999 FEW018 BKN300 25/22 Q1010 NOSIG
2026-03-10 21:34 UTC,METAR WSSS 102130Z 32004KT 9999 FEW018 BKN300 25/22 Q1011 NOSIG
2026-03-10 22:24 UTC,METAR WSSS 102200Z 33004KT 9999 FEW018 BKN300 25/22 Q1010 NOSIG
2026-03-10 22:52 UTC,METAR WSSS 102230Z 33005KT 9999 FEW018 BKN300 25/22 Q1010 NOSIG
2026-03-10 23:23 UTC,METAR WSSS 102300Z 34005KT 9000 FEW018 BKN300 25/22 Q1011 NOSIG
2026-03-10 23:49 UTC,METAR WSSS 102330Z 33005KT 9999 FEW018 BKN300 25/22 Q1011 NOSIG
2026-03-11 01:43 UTC,METAR WSSS 110130Z 36009KT 9999 FEW018 BKN300 28/23 Q1012 NOSIG
2026-03-11 04:06 UTC,METAR WSSS 110400Z 36009KT 310V030 9999 SCT020 BKN300 31/23 Q1013 NOSIG
2026-03-11 05:30 UTC,METAR WSSS 110500Z 36010KT 9999 SCT022 BKN300 32/22 Q1012 NOSIG
2026-03-11 06:46 UTC,METAR WSSS 110630Z 01011KT 9999 SCT022 BKN300 32/22 Q1010 NOSIG
2026-03-11 07:40 UTC,METAR WSSS 110730Z 01011KT 9999 FEW022 BKN300 32/21 Q1009 NOSIG
2026-03-11 08:35 UTC,METAR WSSS 110830Z 36012KT 9999 FEW022 BKN300 32/22 Q1008 NOSIG
2026-03-11 09:38 UTC,METAR WSSS 110930Z 01013KT 9999 FEW022 BKN300 31/21 Q1008 NOSIG
2026-03-11 10:34 UTC,METAR WSSS 111030Z 36012KT 9999 FEW020 BKN300 30/22 Q1008 NOSIG
2026-03-11 11:29 UTC,METAR WSSS 111100Z 36012KT 9999 FEW020 BKN300 29/22 Q1008 NOSIG
2026-03-11 11:57 UTC,METAR WSSS 111130Z 36010KT 9999 FEW020 BKN300 28/21 Q1009 NOSIG
2026-03-11 13:02 UTC,METAR WSSS 111300Z 36007KT 9999 FEW018 BKN300 26/23 Q1009 NOSIG
2026-03-11 14:24 UTC,METAR WSSS 111400Z 36008KT 9999 FEW018 BKN300 26/23 Q1010 NOSIG
2026-03-11 15:10 UTC,METAR WSSS 111500Z 35006KT 9999 FEW018 BKN300 26/23 Q1011 NOSIG
2026-03-11 16:09 UTC,METAR WSSS 111600Z 35006KT 9999 FEW018 BKN300 26/23 Q1011 NOSIG
2026-03-11 17:25 UTC,METAR WSSS 111700Z 35004KT 320V020 9999 FEW018 BKN300 26/23 Q1011 NOSIG
2026-03-11 18:08 UTC,METAR WSSS 111800Z 33003KT 9999 FEW018 BKN300 26/23 Q1011 NOSIG
2026-03-11 19:14 UTC,METAR WSSS 111900Z 34003KT 9000 FEW016 BKN300 25/23 Q1010 NOSIG
2026-03-11 19:56 UTC,METAR WSSS 111930Z 35004KT 9000 FEW016 BKN300 25/23 Q1010 NOSIG
2026-03-11 20:31 UTC,METAR WSSS 112030Z 34003KT 9000 FEW016 BKN300 25/24 Q1009 NOSIG
2026-03-11 21:28 UTC,METAR WSSS 112100Z 35003KT 9000 FEW016 BKN300 25/23 Q1009 NOSIG
2026-03-11 21:55 UTC,METAR WSSS 112130Z 34004KT 9000 FEW018 BKN300 25/24 Q1009 NOSIG
2026-03-11 22:25 UTC,METAR WSSS 112200Z 34003KT 310V010 9000 FEW018 BKN300 25/24 Q1009 NOSIG
2026-03-11 22:48 UTC,METAR WSSS 112230Z 34004KT 9000 FEW018 BKN300 25/24 Q1009 NOSIG
2026-03-11 23:21 UTC,METAR WSSS 112300Z 36005KT 340V040 9999 FEW018 BKN300 25/23 Q1010 NOSIG
2026-03-11 23:48 UTC,METAR WSSS 112330Z 35007KT 9999 FEW018 BKN300 25/24 Q1010 NOSIG
2026-03-12 01:44 UTC,METAR WSSS 120130Z 36010KT 9999 FEW018 BKN300 28/24 Q1011 NOSIG
2026-03-12 04:10 UTC,METAR WSSS 120400Z 01009KT 330V050 9999 FEW018 SCT030 BKN300 31/24 Q1011 NOSIG
2026-03-12 05:33 UTC,METAR WSSS 120530Z 02010KT 330V050 9999 FEW018 FEW020TCU BKN300 31/23 Q1009 NOSIG
2026-03-12 06:49 UTC,METAR WSSS 120630Z 02011KT 350V070 9999 FEW020TCU SCT030 BKN300 31/23 Q1008 NOSIG
2026-03-12 07:42 UTC,METAR WSSS 120730Z 02013KT 9999 FEW018TCU FEW020CB BKN300 32/24 Q1007 NOSIG
2026-03-12 08:37 UTC,METAR WSSS 120830Z 36013KT 9999 FEW018TCU FEW020CB SCT030 29/24 Q1007 NOSIG
2026-03-12 09:38 UTC,METAR WSSS 120930Z 02012KT 9999 FEW018TCU FEW020CB SCT050 28/24 Q1007 NOSIG
2026-03-12 10:34 UTC,METAR WSSS 121030Z 03009KT 9999 FEW018TCU FEW020CB SCT050 28/23 Q1008 NOSIG
2026-03-12 11:28 UTC,METAR WSSS 121100Z 01013KT 9999 FEW017 FEW018TCU SCT050 28/24 Q1008 NOSIG
2026-03-12 11:51 UTC,METAR WSSS 121130Z 01010KT 9999 FEW017 FEW018TCU SCT050 28/24 Q1008 NOSIG
2026-03-12 12:51 UTC,METAR WSSS 121230Z 02011KT 350V060 9999 SCT016 SCT160 28/24 Q1009 NOSIG
2026-03-12 14:00 UTC,METAR WSSS 121330Z 01007KT 9999 FEW016 BKN300 27/24 Q1010 NOSIG
2026-03-12 15:13 UTC,METAR WSSS 121500Z 35007KT 9999 FEW018 BKN300 26/24 Q1011 NOSIG
2026-03-12 16:33 UTC,METAR WSSS 121630Z 36008KT 9999 FEW018 BKN300 26/24 Q1011 NOSIG
2026-03-12 17:45 UTC,METAR WSSS 121730Z 02009KT 9999 FEW018 BKN300 27/24 Q1010 NOSIG
2026-03-12 18:47 UTC,METAR WSSS 121830Z 02008KT 350V060 9999 FEW018 BKN300 27/24 Q1010 NOSIG
2026-03-12 19:39 UTC,METAR WSSS 121830Z 02008KT 350V060 9999 FEW018 BKN300 27/24 Q1010 NOSIG
2026-03-12 20:29 UTC,METAR WSSS 122000Z 01006KT 9999 FEW018 BKN300 26/24 Q1009 NOSIG
2026-03-12 21:01 UTC,METAR WSSS 122030Z 36005KT 9999 FEW018 BKN300 26/24 Q1009 NOSIG
2026-03-12 21:54 UTC,METAR WSSS 122130Z 35006KT 9999 FEW018 BKN300 26/24 Q1009 NOSIG
2026-03-12 22:21 UTC,METAR WSSS 122200Z 01006KT 340V040 9999 FEW016 BKN300 26/24 Q1009 NOSIG
2026-03-12 22:51 UTC,METAR WSSS 122230Z 35007KT 9999 FEW016 BKN300 26/24 Q1009 NOSIG
2026-03-12 23:24 UTC,METAR WSSS 122300Z 35006KT 9999 FEW016 FEW018TCU BKN300 26/24 Q1009 NOSIG
2026-03-12 23:49 UTC,METAR WSSS 122330Z 34005KT 9000 -SHRA FEW016 FEW018TCU BKN300 26/24 Q1010 NOSIG
2026-03-13 01:47 UTC,METAR WSSS 130130Z 36008KT 9999 FEW015 FEW018TCU BKN300 28/25 Q1011 NOSIG
2026-03-13 04:08 UTC,METAR WSSS 130400Z 36012KT 9999 SCT018 BKN300 30/24 Q1011 NOSIG
2026-03-13 05:31 UTC,METAR WSSS 130530Z 35014KT 320V020 9999 FEW018TCU SCT020 BKN300 31/24 Q1009 NOSIG
2026-03-13 06:46 UTC,METAR WSSS 130630Z 36015KT 340V040 9999 SCT020 BKN300 32/25 Q1008 NOSIG
2026-03-13 07:42 UTC,METAR WSSS 130730Z 01014KT 350V050 9999 FEW022 BKN300 31/23 Q1007 NOSIG
2026-03-13 08:35 UTC,METAR WSSS 130830Z 01016KT 9999 FEW022 BKN300 31/23 Q1007 NOSIG
2026-03-13 09:35 UTC,METAR WSSS 130930Z 02015KT 350V060 9999 FEW020 BKN300 31/23 Q1007 NOSIG
2026-03-13 10:32 UTC,METAR WSSS 131030Z 01013KT 340V040 9999 FEW020 BKN300 29/23 Q1007 NOSIG
2026-03-13 11:27 UTC,METAR WSSS 131100Z 02016KT 9999 FEW018TCU BKN300 29/23 Q1008 NOSIG
2026-03-13 11:53 UTC,METAR WSSS 131130Z 01014KT 9999 FEW020 BKN300 28/23 Q1008 NOSIG
2026-03-13 12:50 UTC,METAR WSSS 131230Z 01011KT 9999 FEW018 BKN300 27/24 Q1009 NOSIG
2026-03-13 13:57 UTC,METAR WSSS 131330Z 01011KT 9999 FEW018 BKN300 27/24 Q1010 NOSIG
2026-03-13 14:44 UTC,METAR WSSS 131430Z 36009KT 9999 FEW018 BKN300 27/23 Q1011 NOSIG
2026-03-13 15:38 UTC,METAR WSSS 131530Z 36008KT 9999 FEW018 BKN300 26/23 Q1011 NOSIG
2026-03-13 16:35 UTC,METAR WSSS 131630Z 01009KT 9999 FEW018 BKN300 27/24 Q1011 NOSIG
2026-03-13 17:31 UTC,METAR WSSS 131730Z 01010KT 9999 FEW016 BKN300 27/24 Q1010 NOSIG
2026-03-13 18:35 UTC,METAR WSSS 131830Z 36009KT 9999 FEW018 BKN300 26/24 Q1010 NOSIG
2026-03-13 19:28 UTC,METAR WSSS 131900Z 01009KT 9999 FEW018 BKN300 26/24 Q1010 NOSIG
2026-03-13 19:55 UTC,METAR WSSS 131930Z 02009KT 9999 FEW018 BKN300 27/23 Q1009 NOSIG
2026-03-13 20:31 UTC,METAR WSSS 132030Z 02008KT 9999 FEW018 BKN300 27/23 Q1009 NOSIG
2026-03-13 21:29 UTC,METAR WSSS 132100Z 01006KT 340V040 9999 FEW018 BKN300 26/23 Q1009 NOSIG
2026-03-13 21:56 UTC,METAR WSSS 132130Z 01007KT 9999 FEW018 BKN300 26/23 Q1009 NOSIG
2026-03-13 22:28 UTC,METAR WSSS 132200Z 03009KT 360V060 9999 FEW018 BKN300 27/23 Q1010 NOSIG
2026-03-13 22:53 UTC,METAR WSSS 132230Z 02009KT 9999 FEW018 BKN300 26/23 Q1010 NOSIG
2026-03-13 23:24 UTC,METAR WSSS 132300Z 02008KT 9999 FEW018 FEW020TCU BKN300 26/23 Q1010 NOSIG
2026-03-13 23:50 UTC,METAR WSSS 132330Z 02007KT 9999 FEW018 BKN300 27/24 Q1010 NOSIG
2026-03-14 01:44 UTC,METAR WSSS 140130Z 02013KT 9999 FEW018 BKN300 29/24 Q1012 NOSIG
2026-03-14 04:07 UTC,METAR WSSS 140400Z 02012KT 340V050 9999 SCT018 FEW020TCU BKN300 30/24 Q1012 NOSIG
2026-03-14 05:28 UTC,METAR WSSS 140500Z 02015KT 9999 SCT018 FEW020TCU BKN300 31/24 Q1011 NOSIG
2026-03-14 06:06 UTC,METAR WSSS 140600Z 01013KT 350V050 9999 FEW018 FEW020TCU SCT030 BKN300 32/24 Q1010 NOSIG
2026-03-14 07:09 UTC,METAR WSSS 140700Z 01016KT 9999 FEW020TCU SCT300 31/25 Q1009 NOSIG
2026-03-14 07:54 UTC,METAR WSSS 140730Z 36016KT 9999 FEW020TCU SCT022 31/24 Q1008 NOSIG
2026-03-14 08:29 UTC,METAR WSSS 140800Z 01016KT 330V030 9999 FEW020TCU SCT022 32/24 Q1008 NOSIG
2026-03-14 09:01 UTC,METAR WSSS 140830Z 36015KT 9999 FEW020TCU SCT022 31/24 Q1008 NOSIG
2026-03-14 09:54 UTC,METAR WSSS 140930Z 36013KT 340V040 9999 FEW020TCU SCT300 30/24 Q1008 NOSIG
2026-03-14 10:24 UTC,METAR WSSS 141000Z 01014KT 9999 FEW020TCU SCT150 BKN300 29/24 Q1009 NOSIG
2026-03-14 10:52 UTC,METAR WSSS 141030Z 03013KT 360V060 9999 FEW018 FEW020TCU BKN150 29/24 Q1009 NOSIG
2026-03-14 11:20 UTC,METAR WSSS 141100Z 02015KT 9999 FEW018 BKN150 29/23 Q1009 NOSIG
2026-03-14 11:45 UTC,METAR WSSS 141130Z 01013KT 9999 FEW018 BKN160 28/24 Q1010 NOSIG
2026-03-14 12:41 UTC,METAR WSSS 141230Z 01012KT 9999 FEW018 SCT160 BKN300 28/24 Q1011 NOSIG
2026-03-14 13:42 UTC,METAR WSSS 141330Z 36012KT 9999 FEW018 SCT160 BKN300 27/23 Q1011 NOSIG
2026-03-14 14:24 UTC,METAR WSSS 141400Z 35010KT 9999 FEW018 SCT160 BKN300 27/24 Q1012 NOSIG
2026-03-14 14:53 UTC,METAR WSSS 141430Z 36008KT 9999 FEW016 SCT160 BKN300 27/24 Q1012 NOSIG
2026-03-14 15:23 UTC,METAR WSSS 141500Z 36010KT 9999 FEW016 BKN300 27/24 Q1012 NOSIG
2026-03-14 15:49 UTC,METAR WSSS 141530Z 35011KT 320V020 9999 FEW016 SCT160 BKN300 27/24 Q1012 NOSIG
2026-03-14 16:26 UTC,METAR WSSS 141600Z 35008KT 9999 FEW016 BKN160 27/24 Q1013 NOSIG
2026-03-14 16:55 UTC,METAR WSSS 141630Z 36008KT 9999 FEW016 BKN160 27/23 Q1013 NOSIG
2026-03-14 17:24 UTC,METAR WSSS 141700Z 36009KT 9999 FEW016 BKN160 27/24 Q1013 NOSIG
2026-03-14 17:51 UTC,METAR WSSS 141730Z 34006KT 9999 FEW016 BKN160 27/24 Q1012 NOSIG
2026-03-14 18:32 UTC,METAR WSSS 141830Z 34005KT 9999 FEW016 BKN160 27/24 Q1012 NOSIG
2026-03-14 19:23 UTC,METAR WSSS 141900Z 34006KT 9999 FEW016 BKN160 27/24 Q1011 NOSIG
2026-03-14 19:46 UTC,METAR WSSS 141930Z 33003KT 290V010 9999 SCT016 BKN160 27/23 Q1011 NOSIG
2026-03-14 20:22 UTC,METAR WSSS 142000Z 34005KT 9999 SCT016 BKN160 27/23 Q1011 NOSIG
2026-03-14 20:51 UTC,METAR WSSS 142030Z 34005KT 320V020 9999 FEW016 BKN160 26/23 Q1011 NOSIG
2026-03-14 21:22 UTC,METAR WSSS 142100Z 33004KT 9999 FEW016 BKN160 26/24 Q1011 NOSIG
2026-03-14 21:48 UTC,METAR WSSS 142130Z 34005KT 310V010 9999 FEW016 BKN160 26/24 Q1011 NOSIG
2026-03-14 22:21 UTC,METAR WSSS 142200Z 34004KT 9999 FEW016 BKN160 26/23 Q1011 NOSIG
2026-03-14 22:51 UTC,METAR WSSS 142230Z 33005KT 9999 SCT018 SCT160 26/24 Q1011 NOSIG
2026-03-14 23:25 UTC,METAR WSSS 142300Z 34005KT 9999 FEW018 BKN300 26/24 Q1011 NOSIG
2026-03-14 23:49 UTC,METAR WSSS 142330Z 34004KT 280V360 9000 FEW018 SCT160 BKN300 26/24 Q1011 NOSIG
2026-03-15 02:00 UTC,METAR WSSS 150130Z 35009KT 320V030 9999 FEW018 SCT160 BKN300 29/24 Q1013 NOSIG
2026-03-15 04:42 UTC,METAR WSSS 150430Z 34009KT 6000 -SHRA FEW015 FEW017TCU SCT030 BKN160 29/24 Q1013 NOSIG
2026-03-15 06:03 UTC,METAR WSSS 150530Z 04010KT 360V070 6000 -SHRA FEW016 SCT018TCU 27/24 Q1012 NOSIG
2026-03-15 07:26 UTC,SPECI WSSS 150714Z 02005KT 320V070 9999 FEW016TCU SCT160 29/24 Q1010 NOSIG
2026-03-15 07:58 UTC,METAR WSSS 150730Z 01010KT 9999 FEW016 SCT040 29/24 Q1010 NOSIG
2026-03-15 08:42 UTC,METAR WSSS 150830Z 36013KT 9999 FEW018 SCT040 BKN160 29/23 Q1009 NOSIG
2026-03-15 09:29 UTC,METAR WSSS 150900Z 35010KT 9999 FEW018 SCT040 BKN160 29/23 Q1009 NOSIG
2026-03-15 09:58 UTC,METAR WSSS 150930Z 35011KT 9999 FEW018 BKN160 29/23 Q1009 NOSIG
2026-03-15 10:36 UTC,METAR WSSS 151030Z 35009KT 320V020 9999 FEW018 BKN160 28/23 Q1009 NOSIG
2026-03-15 11:22 UTC,METAR WSSS 151100Z 36011KT 9999 FEW018 BKN170 28/23 Q1009 NOSIG
2026-03-15 11:47 UTC,METAR WSSS 151130Z 36009KT 9999 FEW018 BKN170 27/23 Q1010 NOSIG
2026-03-15 12:42 UTC,METAR WSSS 151230Z 35008KT 9999 SCT016 SCT170 27/23 Q1010 NOSIG
2026-03-15 13:43 UTC,METAR WSSS 151330Z 36007KT 9999 FEW016 SCT160 27/23 Q1011 NOSIG
2026-03-15 14:26 UTC,METAR WSSS 151400Z 36008KT 9999 FEW016 SCT160 BKN300 26/24 Q1012 NOSIG
2026-03-15 14:55 UTC,METAR WSSS 151430Z 36007KT 9999 FEW016 SCT160 BKN300 27/23 Q1012 NOSIG
2026-03-15 15:25 UTC,METAR WSSS 151500Z 35006KT 9999 FEW016 BKN160 26/23 Q1012 NOSIG
2026-03-15 15:51 UTC,METAR WSSS 151530Z 34006KT 9999 FEW016 BKN160 26/23 Q1012 NOSIG
2026-03-15 16:27 UTC,METAR WSSS 151600Z 34006KT 9999 FEW016 BKN160 26/24 Q1012 NOSIG
2026-03-15 16:57 UTC,METAR WSSS 151630Z 35006KT 9999 FEW016 BKN160 26/23 Q1012 NOSIG
2026-03-15 17:29 UTC,METAR WSSS 151700Z 35007KT 9999 FEW016 BKN160 26/23 Q1012 NOSIG
2026-03-15 17:54 UTC,METAR WSSS 151730Z 36005KT 9999 FEW016 BKN160 26/23 Q1011 NOSIG
2026-03-15 18:33 UTC,METAR WSSS 151830Z 36005KT 9999 FEW018 BKN160 26/23 Q1011 NOSIG
2026-03-15 19:24 UTC,METAR WSSS 151900Z 35005KT 9999 FEW018 BKN160 26/23 Q1011 NOSIG
2026-03-15 19:48 UTC,METAR WSSS 151930Z 36004KT 9999 FEW018 BKN160 26/23 Q1011 NOSIG
2026-03-15 20:24 UTC,METAR WSSS 152000Z 36004KT 9999 FEW018 BKN160 26/23 Q1010 NOSIG
2026-03-15 20:52 UTC,METAR WSSS 152030Z 34003KT 9999 FEW018 BKN160 26/23 Q1010 NOSIG
2026-03-15 21:23 UTC,METAR WSSS 152100Z 33003KT 9999 FEW018 BKN160 26/23 Q1010 NOSIG
2026-03-15 21:50 UTC,METAR WSSS 152130Z 33003KT 9999 FEW018 BKN160 26/23 Q1010 NOSIG
2026-03-15 22:22 UTC,METAR WSSS 152200Z 33003KT 9999 FEW018 BKN160 26/23 Q1010 NOSIG
2026-03-15 22:53 UTC,METAR WSSS 152230Z 34005KT 9999 FEW018 BKN160 26/23 Q1010 NOSIG
2026-03-15 23:24 UTC,METAR WSSS 152300Z 34004KT 9000 FEW018 BKN160 26/23 Q1010 NOSIG
2026-03-15 23:51 UTC,METAR WSSS 152330Z 33004KT 9000 FEW018 SCT160 BKN300 26/23 Q1011 NOSIG
2026-03-16 02:02 UTC,METAR WSSS 160200Z 36010KT 9999 FEW018 BKN300 29/24 Q1012 NOSIG
2026-03-16 05:02 UTC,METAR WSSS 160500Z 36013KT 9999 SCT022 BKN350 32/24 Q1011 NOSIG
2026-03-16 06:50 UTC,METAR WSSS 160630Z 36014KT 9999 FEW022 BKN350 32/24 Q1010 NOSIG
2026-03-16 08:05 UTC,METAR WSSS 160800Z 36015KT 9999 FEW020TCU BKN350 32/23 Q1008 NOSIG
2026-03-16 09:38 UTC,METAR WSSS 160930Z 36013KT 9999 FEW020TCU BKN300 30/23 Q1008 NOSIG
2026-03-16 10:50 UTC,METAR WSSS 161030Z 01012KT 9999 FEW020 BKN300 29/23 Q1008 NOSIG
2026-03-16 11:42 UTC,METAR WSSS 161130Z 01012KT 9999 FEW018 BKN300 28/23 Q1009 NOSIG
2026-03-16 13:02 UTC,METAR WSSS 161300Z 01009KT 9999 FEW018 BKN300 27/24 Q1010 NOSIG
2026-03-16 14:42 UTC,METAR WSSS 161430Z 36007KT 9999 FEW018 BKN300 27/23 Q1011 NOSIG
2026-03-16 16:01 UTC,METAR WSSS 161530Z 36007KT 9999 FEW018 BKN300 26/23 Q1012 NOSIG
2026-03-16 17:32 UTC,METAR WSSS 161730Z 36007KT 9999 FEW018 BKN300 26/24 Q1011 NOSIG
2026-03-16 18:56 UTC,METAR WSSS 161830Z 36008KT 9999 FEW016 BKN300 26/24 Q1010 NOSIG
2026-03-16 19:51 UTC,METAR WSSS 161930Z 36007KT 9999 FEW016 BKN300 26/24 Q1010 NOSIG
2026-03-16 20:34 UTC,METAR WSSS 162030Z 36007KT 9999 FEW016 BKN300 25/24 Q1009 NOSIG
2026-03-16 21:35 UTC,METAR WSSS 162130Z 36006KT 9999 FEW018 BKN300 26/23 Q1009 NOSIG
2026-03-16 22:28 UTC,METAR WSSS 162200Z 01007KT 340V040 9999 FEW018 BKN300 26/23 Q1010 NOSIG
2026-03-16 22:57 UTC,METAR WSSS 162230Z 02006KT 9999 FEW018 BKN300 26/23 Q1010 NOSIG
2026-03-16 23:34 UTC,METAR WSSS 162330Z 35004KT 9999 FEW018 BKN300 25/23 Q1011 NOSIG
2026-03-17 01:49 UTC,METAR WSSS 170130Z 02010KT 350V050 9999 FEW018 BKN300 29/23 Q1012 NOSIG
2026-03-17 04:14 UTC,METAR WSSS 170400Z 36010KT 310V030 9999 FEW020TCU SCT022 BKN300 31/23 Q1012 NOSIG
2026-03-17 05:40 UTC,METAR WSSS 170530Z 35010KT 330V040 9999 FEW020TCU SCT022 BKN300 32/24 Q1011 NOSIG
2026-03-17 06:58 UTC,METAR WSSS 170630Z 36010KT 340V040 9999 FEW020TCU SCT022 BKN300 32/23 Q1010 NOSIG
2026-03-17 07:57 UTC,METAR WSSS 170730Z 01012KT 330V050 9999 FEW018TCU FEW020CB BKN300 32/24 Q1009 NOSIG
2026-03-17 08:54 UTC,METAR WSSS 170830Z 01013KT 9999 FEW018TCU FEW020CB BKN300 31/22 Q1008 NOSIG
2026-03-17 09:52 UTC,METAR WSSS 170930Z 01011KT 340V050 9999 FEW018CB FEW020TCU BKN300 30/22 Q1008 NOSIG
2026-03-17 10:46 UTC,METAR WSSS 171030Z 02011KT 9999 FEW018CB FEW020TCU BKN300 29/22 Q1009 NOSIG
2026-03-17 11:40 UTC,METAR WSSS 171130Z 02010KT 9999 FEW018 BKN300 28/22 Q1009 NOSIG
2026-03-17 13:02 UTC,METAR WSSS 171230Z 01008KT 9999 FEW018 BKN300 27/23 Q1010 NOSIG
2026-03-17 14:37 UTC,METAR WSSS 171430Z 02008KT 9999 FEW018 BKN300 27/23 Q1012 NOSIG
2026-03-17 16:01 UTC,METAR WSSS 171530Z 01007KT 9999 FEW018 BKN300 27/23 Q1012 NOSIG
2026-03-17 17:33 UTC,METAR WSSS 171730Z 01008KT 9999 FEW018 BKN300 27/23 Q1011 NOSIG
2026-03-17 18:56 UTC,METAR WSSS 171830Z 36008KT 9999 FEW016 BKN300 26/23 Q1011 NOSIG
2026-03-17 19:53 UTC,METAR WSSS 171930Z 36006KT 9999 FEW016 BKN300 26/23 Q1010 NOSIG
2026-03-17 20:34 UTC,METAR WSSS 172030Z 36005KT 9999 FEW016 BKN300 26/23 Q1010 NOSIG
2026-03-17 21:34 UTC,METAR WSSS 172130Z 36004KT 330V050 9999 FEW016 BKN300 26/23 Q1010 NOSIG
2026-03-17 22:28 UTC,METAR WSSS 172200Z 35004KT 9999 FEW016 BKN300 26/23 Q1010 NOSIG
2026-03-17 23:01 UTC,METAR WSSS 172230Z 34005KT 9999 FEW016 SCT150 BKN300 26/23 Q1011 NOSIG
2026-03-17 23:53 UTC,METAR WSSS 172330Z 01006KT 350V050 9999 FEW016 BKN300 26/23 Q1011 NOSIG
2026-03-18 01:54 UTC,METAR WSSS 180130Z 02010KT 9999 FEW018 BKN300 28/24 Q1013 NOSIG
2026-03-18 04:22 UTC,METAR WSSS 180400Z 36009KT 330V040 9999 SCT020 BKN300 31/23 Q1013 NOSIG
2026-03-18 05:44 UTC,METAR WSSS 180530Z 35011KT 9999 FEW020TCU BKN300 32/24 Q1011 NOSIG
2026-03-18 06:57 UTC,METAR WSSS 180630Z 36012KT 330V030 9999 FEW020TCU BKN300 32/24 Q1010 NOSIG
2026-03-18 07:53 UTC,METAR WSSS 180730Z 35012KT 330V030 9999 FEW020TCU SCT022 BKN300 32/24 Q1009 NOSIG
2026-03-18 08:42 UTC,METAR WSSS 180830Z 02013KT 9999 FEW018TCU FEW020CB SCT300 31/23 Q1008 NOSIG
2026-03-18 09:49 UTC,METAR WSSS 180930Z 01011KT 9999 FEW020TCU BKN300 31/23 Q1008 NOSIG
2026-03-18 10:48 UTC,METAR WSSS 181030Z 01011KT 9999 FEW020 BKN300 30/23 Q1009 NOSIG
2026-03-18 11:41 UTC,METAR WSSS 181130Z 02012KT 9999 FEW020 BKN300 28/23 Q1009 NOSIG
2026-03-18 13:02 UTC,METAR WSSS 181230Z 03009KT 360V060 9999 FEW018 BKN300 28/23 Q1010 NOSIG
2026-03-18 14:45 UTC,METAR WSSS 181430Z 02008KT 350V050 9999 FEW018 BKN300 27/24 Q1012 NOSIG
2026-03-18 16:05 UTC,METAR WSSS 181530Z 35007KT 9999 FEW018 BKN300 27/23 Q1012 NOSIG
2026-03-18 17:34 UTC,METAR WSSS 181730Z 36007KT 9999 FEW018 BKN300 26/23 Q1011 NOSIG
2026-03-18 18:53 UTC,METAR WSSS 181830Z 36007KT 9999 FEW018 BKN300 26/24 Q1011 NOSIG
2026-03-18 19:45 UTC,METAR WSSS 181930Z 01006KT 9999 FEW018 BKN300 25/24 Q1010 NOSIG
2026-03-18 20:31 UTC,METAR WSSS 182030Z 34004KT 300V010 9999 FEW018 BKN300 26/24 Q1010 NOSIG
2026-03-18 21:30 UTC,METAR WSSS 182100Z 36005KT 9999 FEW018 BKN300 25/23 Q1010 NOSIG
2026-03-18 22:00 UTC,METAR WSSS 182130Z 35005KT 9999 FEW018 BKN300 25/23 Q1010 NOSIG
2026-03-18 22:55 UTC,METAR WSSS 182230Z 36006KT 9999 FEW016 BKN300 26/23 Q1010 NOSIG
2026-03-18 23:27 UTC,METAR WSSS 182300Z 36006KT 9000 FEW016 BKN300 25/23 Q1010 NOSIG
2026-03-18 23:52 UTC,METAR WSSS 182330Z 35006KT 9000 FEW016 BKN300 25/23 Q1011 NOSIG
2026-03-19 01:54 UTC,METAR WSSS 190130Z 01012KT 9999 FEW018 BKN350 29/24 Q1012 NOSIG
2026-03-19 04:21 UTC,METAR WSSS 190400Z 36011KT 9999 SCT020 BKN350 32/23 Q1012 NOSIG
2026-03-19 05:41 UTC,METAR WSSS 190530Z 01009KT 330V030 9999 FEW020 BKN350 32/22 Q1011 NOSIG
2026-03-19 06:53 UTC,METAR WSSS 190630Z 01009KT 330V040 9999 SCT020 BKN350 33/23 Q1010 NOSIG
2026-03-19 07:43 UTC,METAR WSSS 190730Z 36012KT 9999 FEW020TCU SCT022 BKN350 33/23 Q1009 NOSIG
2026-03-19 08:37 UTC,METAR WSSS 190830Z 02012KT 9999 FEW018TCU SCT020 BKN350 31/23 Q1008 NOSIG
2026-03-19 09:38 UTC,METAR WSSS 190930Z 36014KT 330V030 9999 FEW018TCU BKN300 31/23 Q1007 NOSIG
2026-03-19 10:35 UTC,METAR WSSS 191030Z 02012KT 9999 FEW018 BKN300 30/22 Q1008 NOSIG
2026-03-19 11:32 UTC,METAR WSSS 191100Z 01012KT 9999 FEW018 BKN300 28/23 Q1008 NOSIG
2026-03-19 12:55 UTC,METAR WSSS 191230Z 01013KT 9999 FEW018 BKN300 27/23 Q1010 NOSIG
2026-03-19 14:06 UTC,METAR WSSS 191330Z 36010KT 9999 FEW018 BKN300 27/23 Q1010 NOSIG
2026-03-19 15:11 UTC,METAR WSSS 191430Z 35008KT 9999 FEW018 BKN300 27/23 Q1011 NOSIG
2026-03-19 16:14 UTC,METAR WSSS 191600Z 01008KT 9999 FEW018 BKN300 27/23 Q1011 NOSIG
2026-03-19 17:30 UTC,METAR WSSS 191700Z 01011KT 9999 FEW018 BKN300 27/23 Q1011 NOSIG
2026-03-19 18:52 UTC,METAR WSSS 191830Z 35004KT 9999 FEW018 BKN300 26/23 Q1010 NOSIG
2026-03-19 19:43 UTC,METAR WSSS 191930Z 33003KT 310V010 9999 FEW018 BKN300 26/23 Q1010 NOSIG
2026-03-19 20:32 UTC,METAR WSSS 192030Z VRB02KT 9999 FEW018 BKN300 26/23 Q1010 NOSIG
2026-03-19 21:31 UTC,METAR WSSS 192130Z 34003KT 9999 FEW018 BKN300 25/22 Q1010 NOSIG
2026-03-19 22:23 UTC,METAR WSSS 192200Z 34004KT 9999 FEW018 BKN300 25/23 Q1010 NOSIG
2026-03-19 22:54 UTC,METAR WSSS 192230Z 34005KT 9999 FEW018 BKN300 26/23 Q1010 NOSIG
2026-03-19 23:26 UTC,METAR WSSS 192300Z 35006KT 9999 FEW018 BKN300 25/23 Q1010 NOSIG
2026-03-19 23:52 UTC,METAR WSSS 192330Z 35006KT 9999 FEW018 BKN300 26/23 Q1011 NOSIG
2026-03-20 01:49 UTC,METAR WSSS 200130Z 35007KT 9999 FEW018 BKN300 29/24 Q1012 NOSIG
2026-03-20 04:10 UTC,METAR WSSS 200400Z 36011KT 9999 FEW020 BKN300 31/23 Q1012 NOSIG
2026-03-20 05:32 UTC,METAR WSSS 200530Z 01014KT 9999 FEW020 BKN300 32/23 Q1010 NOSIG
2026-03-20 06:49 UTC,METAR WSSS 200630Z 36012KT 9999 FEW020 BKN300 33/24 Q1009 NOSIG
2026-03-20 07:42 UTC,METAR WSSS 200730Z 36014KT 9999 FEW020 BKN300 32/24 Q1008 NOSIG
2026-03-20 08:35 UTC,METAR WSSS 200830Z 36013KT 9999 FEW020 BKN300 32/23 Q1007 NOSIG
2026-03-20 09:36 UTC,METAR WSSS 200930Z 36012KT 9999 FEW020 BKN300 31/23 Q1007 NOSIG
2026-03-20 10:33 UTC,METAR WSSS 201030Z 02015KT 9999 FEW020 BKN300 29/22 Q1007 NOSIG
2026-03-20 11:28 UTC,METAR WSSS 201100Z 01011KT 350V060 9999 FEW020 BKN300 28/23 Q1008 NOSIG
2026-03-20 11:53 UTC,METAR WSSS 201130Z 03012KT 9999 FEW020 BKN300 28/22 Q1008 NOSIG
2026-03-20 12:51 UTC,METAR WSSS 201230Z 02011KT 9999 FEW020 BKN300 28/23 Q1009 NOSIG
2026-03-20 13:59 UTC,METAR WSSS 201330Z 02007KT 350V050 9999 FEW020 BKN300 27/23 Q1010 NOSIG
2026-03-20 14:50 UTC,METAR WSSS 201430Z 01006KT 9999 FEW018 BKN300 26/23 Q1011 NOSIG
2026-03-20 15:38 UTC,METAR WSSS 201530Z 01008KT 330V030 9999 FEW018 BKN300 27/23 Q1012 NOSIG
2026-03-20 16:38 UTC,METAR WSSS 201630Z 36006KT 9999 FEW018 BKN300 26/24 Q1012 NOSIG
2026-03-20 17:32 UTC,METAR WSSS 201730Z 35006KT 9999 FEW020 SCT030 BKN300 26/23 Q1012 NOSIG
2026-03-20 18:41 UTC,METAR WSSS 201830Z 35005KT 9999 FEW018 BKN300 26/23 Q1011 NOSIG
2026-03-20 19:34 UTC,METAR WSSS 201930Z 01008KT 9999 FEW018 BKN300 26/23 Q1010 NOSIG
2026-03-20 20:27 UTC,METAR WSSS 202000Z 36007KT 9999 FEW018 BKN300 26/23 Q1010 NOSIG
2026-03-20 20:57 UTC,METAR WSSS 202030Z 36006KT 9999 FEW018 BKN300 26/23 Q1010 NOSIG
2026-03-20 21:33 UTC,METAR WSSS 202130Z 35007KT 9999 FEW016 BKN300 26/23 Q1010 NOSIG
2026-03-20 22:24 UTC,METAR WSSS 202200Z 35006KT 330V030 9999 FEW016 BKN300 26/23 Q1010 NOSIG
2026-03-20 22:54 UTC,METAR WSSS 202230Z 35006KT 9999 FEW016 BKN300 26/23 Q1010 NOSIG
2026-03-20 23:25 UTC,METAR WSSS 202300Z 34007KT 9999 FEW016 BKN300 26/23 Q1010 NOSIG
2026-03-20 23:50 UTC,METAR WSSS 202330Z 34006KT 9999 FEW016 BKN300 26/23 Q1011 NOSIG
2026-03-21 01:43 UTC,METAR WSSS 210130Z 36012KT 9999 FEW018 BKN300 29/23 Q1012 NOSIG
2026-03-21 04:02 UTC,METAR WSSS 210330Z 36012KT 9999 SCT020 SCT300 30/23 Q1013 NOSIG
2026-03-21 05:25 UTC,METAR WSSS 210500Z 36012KT 340V040 9999 FEW020 BKN300 32/23 Q1011 NOSIG
2026-03-21 06:00 UTC,METAR WSSS 210530Z 01011KT 350V060 9999 FEW022 BKN300 31/23 Q1011 NOSIG
2026-03-21 07:07 UTC,METAR WSSS 210630Z 01012KT 350V050 9999 FEW022 BKN300 32/23 Q1010 NOSIG
2026-03-21 07:50 UTC,METAR WSSS 210730Z 01012KT 340V040 9999 FEW022 BKN300 32/22 Q1009 NOSIG
2026-03-21 08:27 UTC,METAR WSSS 210800Z 01012KT 340V040 9999 FEW022 BKN300 32/23 Q1008 NOSIG
2026-03-21 08:57 UTC,METAR WSSS 210830Z 36013KT 340V040 9999 FEW022 BKN300 32/23 Q1008 NOSIG
2026-03-21 09:35 UTC,METAR WSSS 210930Z 01013KT 9999 FEW022 BKN300 32/22 Q1007 NOSIG
2026-03-21 10:22 UTC,METAR WSSS 211000Z 01014KT 9999 FEW022 BKN300 31/22 Q1007 NOSIG
2026-03-21 10:51 UTC,METAR WSSS 211030Z 36013KT 9999 FEW022 BKN300 30/22 Q1008 NOSIG
2026-03-21 11:19 UTC,METAR WSSS 211100Z 01014KT 9999 FEW020 BKN300 29/22 Q1008 NOSIG
2026-03-21 11:44 UTC,METAR WSSS 211130Z 01015KT 9999 FEW020 BKN300 28/22 Q1008 NOSIG
2026-03-21 12:39 UTC,METAR WSSS 211230Z 01014KT 9999 FEW018 BKN300 27/22 Q1009 NOSIG
2026-03-21 13:39 UTC,METAR WSSS 211330Z 36012KT 9999 FEW018 BKN300 26/23 Q1010 NOSIG
2026-03-21 14:22 UTC,METAR WSSS 211400Z 34008KT 9999 FEW018 BKN300 27/22 Q1010 NOSIG
2026-03-21 14:51 UTC,METAR WSSS 211430Z 34007KT 9999 FEW018 BKN300 26/22 Q1011 NOSIG
2026-03-21 15:21 UTC,METAR WSSS 211500Z 35007KT 9999 FEW018 BKN300 26/23 Q1011 NOSIG
2026-03-21 15:47 UTC,METAR WSSS 211530Z 35005KT 9999 FEW018 BKN300 26/22 Q1011 NOSIG
2026-03-21 16:24 UTC,METAR WSSS 211600Z 34006KT 9999 FEW018 BKN300 26/22 Q1011 NOSIG
2026-03-21 16:53 UTC,METAR WSSS 211630Z 36007KT 9999 FEW018 BKN300 25/22 Q1011 NOSIG
2026-03-21 17:21 UTC,METAR WSSS 211700Z 35005KT 9999 FEW018 BKN300 25/22 Q1011 NOSIG
2026-03-21 17:48 UTC,METAR WSSS 211730Z 34005KT 9999 FEW018 BKN300 25/22 Q1011 NOSIG
2026-03-21 18:30 UTC,METAR WSSS 211800Z 34005KT 9999 FEW018 BKN300 25/22 Q1011 NOSIG
2026-03-21 19:20 UTC,METAR WSSS 211900Z 34004KT 9999 FEW018 BKN300 25/22 Q1010 NOSIG
2026-03-21 19:44 UTC,METAR WSSS 211930Z 34005KT 9999 FEW018 BKN300 25/22 Q1010 NOSIG
2026-03-21 20:21 UTC,METAR WSSS 212000Z 34005KT 9999 FEW018 BKN300 25/22 Q1009 NOSIG
2026-03-21 20:49 UTC,METAR WSSS 212030Z 34006KT 9999 FEW018 BKN300 25/22 Q1009 NOSIG
2026-03-21 21:20 UTC,METAR WSSS 212100Z 35005KT 9999 FEW018 BKN300 25/22 Q1009 NOSIG
2026-03-21 21:46 UTC,METAR WSSS 212130Z 34003KT 9999 FEW018 BKN300 25/22 Q1010 NOSIG
2026-03-21 22:19 UTC,METAR WSSS 212200Z 34005KT 9999 FEW018 BKN300 25/22 Q1010 NOSIG
2026-03-21 22:49 UTC,METAR WSSS 212230Z 34006KT 9999 FEW018 BKN300 25/22 Q1010 NOSIG
2026-03-21 23:20 UTC,METAR WSSS 212300Z 34005KT 9999 FEW018 BKN300 25/22 Q1010 NOSIG
2026-03-21 23:46 UTC,METAR WSSS 212330Z 33005KT 9999 FEW018 BKN300 25/22 Q1011 NOSIG
2026-03-22 01:54 UTC,METAR WSSS 220130Z 01009KT 340V040 9999 FEW018 BKN300 28/22 Q1012 NOSIG
2026-03-22 04:16 UTC,METAR WSSS 220400Z 36013KT 9999 SCT022 BKN300 31/21 Q1012 NOSIG
2026-03-22 05:35 UTC,METAR WSSS 220530Z 01011KT 340V040 9999 SCT022 BKN300 31/22 Q1011 NOSIG
2026-03-22 06:44 UTC,METAR WSSS 220630Z 02012KT 350V050 9999 SCT022 BKN300 32/21 Q1010 NOSIG
2026-03-22 07:35 UTC,METAR WSSS 220730Z 01013KT 9999 FEW022 BKN300 32/22 Q1010 NOSIG
2026-03-22 08:29 UTC,METAR WSSS 220800Z 01013KT 9999 FEW023 BKN300 32/22 Q1009 NOSIG
2026-03-22 09:00 UTC,METAR WSSS 220830Z 01014KT 9999 FEW023 BKN300 31/21 Q1009 NOSIG
2026-03-22 09:53 UTC,METAR WSSS 220930Z 36012KT 9999 FEW023 BKN300 30/22 Q1008 NOSIG
2026-03-22 10:22 UTC,METAR WSSS 221000Z 01012KT 9999 FEW023 BKN300 30/21 Q1008 NOSIG
2026-03-22 10:52 UTC,METAR WSSS 221030Z 01014KT 9999 FEW023 BKN300 30/21 Q1009 NOSIG
2026-03-22 11:20 UTC,METAR WSSS 221100Z 01014KT 9999 FEW020 BKN300 29/20 Q1009 NOSIG
2026-03-22 11:45 UTC,METAR WSSS 221130Z 36014KT 9999 FEW018 BKN300 28/20 Q1009 NOSIG
2026-03-22 12:41 UTC,METAR WSSS 221230Z 01012KT 9999 FEW018 BKN300 27/22 Q1010 NOSIG
2026-03-22 13:40 UTC,METAR WSSS 221330Z 36010KT 9999 FEW018 BKN300 27/22 Q1010 NOSIG
2026-03-22 14:23 UTC,METAR WSSS 221400Z COR 36010KT 9999 FEW018 BKN300 26/22 Q1010 NOSIG
2026-03-22 14:52 UTC,METAR WSSS 221430Z 36009KT 9999 FEW018 BKN300 26/22 Q1011 NOSIG
2026-03-22 15:21 UTC,METAR WSSS 221500Z 35007KT 9999 FEW018 BKN300 26/22 Q1011 NOSIG
2026-03-22 15:47 UTC,METAR WSSS 221530Z 35006KT 320V020 9999 FEW018 BKN300 26/22 Q1011 NOSIG
2026-03-22 16:25 UTC,METAR WSSS 221600Z 35005KT 9999 FEW018 BKN300 26/22 Q1011 NOSIG
2026-03-22 16:54 UTC,METAR WSSS 221630Z 35006KT 9999 FEW018 BKN300 25/22 Q1011 NOSIG
2026-03-22 17:21 UTC,METAR WSSS 221700Z 33003KT 300V360 9999 FEW018 BKN300 25/22 Q1011 NOSIG
2026-03-22 17:50 UTC,METAR WSSS 221730Z 33006KT 9999 FEW018 BKN300 26/22 Q1011 NOSIG
2026-03-22 18:31 UTC,METAR WSSS 221830Z 33005KT 7000 FEW018 BKN300 26/22 Q1010 NOSIG
2026-03-22 19:22 UTC,METAR WSSS 221900Z 34007KT 6000 FEW018 BKN300 25/22 Q1010 NOSIG
2026-03-22 19:45 UTC,METAR WSSS 221930Z 34005KT 7000 FEW018 BKN300 25/22 Q1009 NOSIG
2026-03-22 20:22 UTC,METAR WSSS 222000Z 34007KT 7000 FEW018 BKN300 25/22 Q1009 NOSIG
2026-03-22 20:50 UTC,METAR WSSS 222030Z 34007KT 6000 FEW018 BKN300 25/22 Q1009 NOSIG
2026-03-22 21:22 UTC,METAR WSSS 222100Z 33005KT 5000 HZ FEW018 BKN300 25/22 Q1010 NOSIG
2026-03-22 21:48 UTC,METAR WSSS 222130Z 34005KT 5000 HZ FEW018 BKN300 25/22 Q1010 NOSIG
2026-03-22 22:21 UTC,METAR WSSS 222200Z 35005KT 300V020 6000 FEW018 BKN300 25/22 Q1010 NOSIG
2026-03-22 22:50 UTC,METAR WSSS 222230Z 36007KT 7000 FEW018 BKN300 25/22 Q1010 NOSIG
2026-03-22 23:23 UTC,METAR WSSS 222300Z 35006KT 5000 HZ FEW018 BKN300 25/22 Q1010 NOSIG
2026-03-22 23:50 UTC,METAR WSSS 222330Z 36005KT 330V030 5000 HZ FEW018 BKN300 25/22 Q1010 NOSIG
2026-03-23 01:55 UTC,METAR WSSS 230130Z 36011KT 6000 FEW018 BKN300 28/23 Q1011 NOSIG
2026-03-23 04:27 UTC,METAR WSSS 230400Z 36013KT 320V020 9999 FEW020 BKN300 31/22 Q1011 NOSIG
2026-03-23 05:54 UTC,METAR WSSS 230530Z 36013KT 9999 FEW020 BKN300 32/22 Q1010 NOSIG
2026-03-23 07:04 UTC,METAR WSSS 230630Z 01014KT 9999 FEW022 BKN300 32/22 Q1009 NOSIG
2026-03-23 08:11 UTC,METAR WSSS 230800Z 36014KT 9999 FEW022 BKN300 32/21 Q1008 NOSIG
2026-03-23 09:35 UTC,METAR WSSS 230930Z 36015KT 9999 FEW020 BKN300 31/22 Q1007 NOSIG
2026-03-23 10:49 UTC,METAR WSSS 231030Z 36013KT 9999 FEW020 BKN300 30/22 Q1007 NOSIG
2026-03-23 11:40 UTC,METAR WSSS 231130Z 01012KT 9999 FEW020 BKN300 28/23 Q1008 NOSIG
2026-03-23 12:58 UTC,METAR WSSS 231230Z 35009KT 9999 FEW020 BKN300 27/23 Q1009 NOSIG
2026-03-23 14:16 UTC,METAR WSSS 231400Z 36008KT 9999 FEW020 BKN300 26/23 Q1009 NOSIG
2026-03-23 15:33 UTC,METAR WSSS 231530Z 35005KT 9999 FEW018 BKN300 26/23 Q1010 NOSIG
2026-03-23 16:53 UTC,METAR WSSS 231630Z 36008KT 9999 FEW018 BKN300 26/23 Q1010 NOSIG
2026-03-23 17:48 UTC,METAR WSSS 231730Z 36007KT 9999 FEW018 BKN300 26/23 Q1010 NOSIG
2026-03-23 18:48 UTC,METAR WSSS 231830Z 34005KT 9999 FEW018 BKN300 26/23 Q1009 NOSIG
2026-03-23 19:44 UTC,METAR WSSS 231930Z 33004KT 7000 FEW018 BKN300 26/23 Q1009 NOSIG
2026-03-23 20:33 UTC,METAR WSSS 232030Z 34004KT 7000 FEW018 SCT060 BKN300 26/23 Q1009 NOSIG
2026-03-23 21:32 UTC,METAR WSSS 232130Z 33004KT 290V350 7000 FEW018 BKN300 25/23 Q1009 NOSIG
2026-03-23 22:27 UTC,METAR WSSS 232200Z 35005KT 8000 FEW018 SCT060 BKN300 26/23 Q1009 NOSIG
2026-03-23 22:59 UTC,METAR WSSS 232230Z 34004KT 8000 FEW018 BKN300 25/23 Q1009 NOSIG
2026-03-23 23:41 UTC,METAR WSSS 232330Z 34005KT 6000 FEW018 BKN300 25/23 Q1009 NOSIG
2026-03-24 01:47 UTC,METAR WSSS 240130Z 36010KT 9000 FEW018 BKN300 28/23 Q1011 NOSIG
2026-03-24 04:15 UTC,METAR WSSS 240400Z 02010KT 9999 FEW020 BKN300 31/22 Q1010 NOSIG
2026-03-24 05:41 UTC,METAR WSSS 240530Z 01012KT 9999 SCT020 BKN300 33/22 Q1008 NOSIG
2026-03-24 06:59 UTC,METAR WSSS 240630Z 01015KT 340V040 9999 FEW020 BKN300 33/21 Q1007 NOSIG
2026-03-24 07:57 UTC,METAR WSSS 240730Z 36013KT 9999 FEW020 BKN300 33/21 Q1006 NOSIG
2026-03-24 08:55 UTC,METAR WSSS 240830Z 36014KT 9999 FEW020 BKN300 32/22 Q1006 NOSIG
2026-03-24 09:53 UTC,METAR WSSS 240930Z 01015KT 9999 FEW020 BKN300 32/22 Q1006 NOSIG
2026-03-24 10:47 UTC,METAR WSSS 241030Z 36014KT 9999 FEW020 BKN300 30/23 Q1006 NOSIG
2026-03-24 11:42 UTC,METAR WSSS 241130Z 01011KT 9999 FEW020 BKN300 28/23 Q1007 NOSIG
2026-03-24 13:02 UTC,METAR WSSS 241300Z 36010KT 9999 FEW020 BKN300 27/23 Q1008 NOSIG
2026-03-24 14:40 UTC,METAR WSSS 241430Z 01006KT 9999 FEW018 BKN300 27/22 Q1009 NOSIG
2026-03-24 16:03 UTC,METAR WSSS 241600Z 36007KT 9999 FEW018 BKN300 26/23 Q1009 NOSIG
2026-03-24 17:29 UTC,METAR WSSS 241700Z 36009KT 9999 FEW018 BKN300 26/23 Q1009 NOSIG
2026-03-24 18:32 UTC,METAR WSSS 241830Z 35007KT 9999 FEW018 BKN300 26/23 Q1008 NOSIG
2026-03-24 19:51 UTC,METAR WSSS 241930Z 36009KT 9999 FEW018 BKN300 26/22 Q1007 NOSIG
2026-03-24 20:37 UTC,METAR WSSS 242030Z 36007KT 9999 FEW018 BKN300 26/22 Q1007 NOSIG
2026-03-24 21:33 UTC,METAR WSSS 242130Z 35006KT 9999 FEW018 BKN300 26/22 Q1007 NOSIG
2026-03-24 22:25 UTC,METAR WSSS 242200Z 34007KT 9999 FEW018 BKN300 26/22 Q1008 NOSIG
2026-03-24 22:57 UTC,METAR WSSS 242230Z 34007KT 9999 FEW016 BKN300 25/22 Q1008 NOSIG
2026-03-24 23:34 UTC,METAR WSSS 242330Z 34007KT 9999 FEW016 BKN300 26/22 Q1009 NOSIG
2026-03-25 01:53 UTC,METAR WSSS 250130Z 36014KT 9000 FEW020 BKN300 28/22 Q1010 NOSIG
2026-03-25 04:17 UTC,METAR WSSS 250400Z 36015KT 9999 FEW020 BKN300 32/22 Q1009 NOSIG
2026-03-25 05:42 UTC,METAR WSSS 250530Z 01016KT 9999 FEW020 BKN300 32/22 Q1008 NOSIG
2026-03-25 06:57 UTC,METAR WSSS 250630Z 01015KT 9999 FEW020 BKN300 33/22 Q1008 NOSIG
2026-03-25 07:53 UTC,METAR WSSS 250730Z 01014KT 9999 FEW020 SCT040 BKN300 32/21 Q1007 NOSIG
2026-03-25 08:43 UTC,METAR WSSS 250830Z 01016KT 9999 FEW020 BKN300 32/20 Q1007 NOSIG
2026-03-25 09:50 UTC,METAR WSSS 250930Z 01015KT 9999 FEW020 SCT040 BKN300 31/20 Q1007 NOSIG
2026-03-25 10:43 UTC,METAR WSSS 251030Z 36014KT 9999 FEW020 SCT040 BKN300 30/22 Q1008 NOSIG
2026-03-25 11:38 UTC,METAR WSSS 251130Z 01013KT 9999 FEW020 SCT060 BKN300 29/22 Q1008 NOSIG
2026-03-25 13:00 UTC,METAR WSSS 251230Z 36009KT 9999 FEW018 BKN300 27/23 Q1008 NOSIG
2026-03-25 14:38 UTC,METAR WSSS 251430Z 36007KT 9999 FEW018 BKN300 27/23 Q1010 NOSIG
2026-03-25 16:06 UTC,METAR WSSS 251600Z 36011KT 9999 FEW018 BKN300 27/23 Q1010 NOSIG
2026-03-25 17:32 UTC,METAR WSSS 251730Z 36009KT 9999 FEW018 BKN300 26/23 Q1009 NOSIG
2026-03-25 18:51 UTC,METAR WSSS 251830Z 35007KT 9999 FEW018 BKN300 26/23 Q1008 NOSIG
2026-03-25 19:43 UTC,METAR WSSS 251930Z 35006KT 9999 FEW018 BKN300 26/23 Q1008 NOSIG
2026-03-25 20:34 UTC,METAR WSSS 252030Z 35006KT 9999 FEW018 BKN300 26/23 Q1008 NOSIG
2026-03-25 21:34 UTC,METAR WSSS 252130Z 35004KT 9999 FEW018 BKN300 26/23 Q1008 NOSIG
2026-03-25 22:31 UTC,METAR WSSS 252230Z 35006KT 9999 FEW018 BKN300 25/22 Q1008 NOSIG
2026-03-25 23:30 UTC,METAR WSSS 252300Z 35006KT 9999 FEW018 BKN300 25/22 Q1009 NOSIG
2026-03-26 01:59 UTC,METAR WSSS 260130Z 01011KT 9999 FEW020 BKN350 29/23 Q1010 NOSIG
2026-03-26 04:38 UTC,METAR WSSS 260430Z 36014KT 340V040 9999 SCT022 BKN350 32/22 Q1009 NOSIG
2026-03-26 06:10 UTC,METAR WSSS 260600Z 01014KT 340V040 9999 SCT022 BKN350 32/22 Q1008 NOSIG
2026-03-26 07:40 UTC,METAR WSSS 260730Z 36014KT 9999 FEW022 BKN060 31/22 Q1007 NOSIG
2026-03-26 08:49 UTC,METAR WSSS 260830Z 36013KT 9999 FEW022 BKN300 32/22 Q1007 NOSIG
2026-03-26 09:57 UTC,METAR WSSS 260930Z 36012KT 9999 FEW020TCU BKN300 30/23 Q1007 NOSIG
2026-03-26 10:52 UTC,METAR WSSS 261030Z 02014KT 9999 FEW020TCU SCT050 BKN300 30/22 Q1007 NOSIG
2026-03-26 11:46 UTC,METAR WSSS 261130Z 03012KT 9999 FEW018TCU SCT050 BKN300 29/22 Q1008 NOSIG
2026-03-26 13:05 UTC,METAR WSSS 261300Z 01008G19KT 340V050 9999 FEW018 SCT050 28/23 Q1009 NOSIG
2026-03-26 14:46 UTC,METAR WSSS 261430Z 35008KT 9999 FEW018 BKN300 27/23 Q1010 NOSIG
2026-03-26 16:08 UTC,METAR WSSS 261600Z 36010KT 9999 FEW018 BKN300 27/23 Q1010 NOSIG
2026-03-26 17:33 UTC,METAR WSSS 261730Z 36008KT 9999 FEW018 BKN300 26/23 Q1009 NOSIG
2026-03-26 18:59 UTC,METAR WSSS 261830Z 36006KT 9999 FEW018 BKN300 26/23 Q1009 NOSIG
2026-03-26 19:56 UTC,METAR WSSS 261930Z 36005KT 9999 FEW018 BKN300 26/23 Q1008 NOSIG
2026-03-26 20:34 UTC,METAR WSSS 262030Z 36006KT 330V030 9999 FEW018 BKN300 26/23 Q1008 NOSIG
2026-03-26 21:27 UTC,METAR WSSS 262100Z 35003KT 9999 FEW018 BKN300 25/23 Q1008 NOSIG
2026-03-26 21:53 UTC,METAR WSSS 262130Z 34003KT 310V010 9999 FEW018 BKN300 25/23 Q1008 NOSIG
2026-03-26 22:24 UTC,METAR WSSS 262200Z 34004KT 9999 FEW018 BKN300 25/23 Q1009 NOSIG
2026-03-26 22:55 UTC,METAR WSSS 262230Z 34006KT 9999 FEW018 BKN300 26/23 Q1008 NOSIG
2026-03-26 23:29 UTC,METAR WSSS 262300Z 34004KT 8000 FEW018 BKN300 26/23 Q1009 NOSIG
2026-03-26 23:58 UTC,METAR WSSS 262330Z 34004KT 8000 FEW018 BKN300 25/23 Q1009 NOSIG
2026-03-27 02:53 UTC,METAR WSSS 270230Z 36012KT 9999 FEW020 BKN300 30/23 Q1010 NOSIG
2026-03-27 05:03 UTC,METAR WSSS 270500Z 02011KT 9999 SCT020 BKN300 32/22 Q1009 NOSIG
2026-03-27 06:44 UTC,METAR WSSS 270630Z 36012KT 9999 FEW020 SCT060 BKN300 31/22 Q1008 NOSIG
2026-03-27 07:58 UTC,METAR WSSS 270730Z 01012KT 9999 FEW020 BKN300 32/23 Q1007 NOSIG
2026-03-27 08:59 UTC,METAR WSSS 270830Z 35013KT 9999 FEW020TCU BKN300 32/23 Q1006 NOSIG
2026-03-27 09:59 UTC,METAR WSSS 270930Z 02014KT 9999 FEW020TCU BKN300 30/22 Q1006 NOSIG
2026-03-27 10:55 UTC,METAR WSSS 271030Z 02012KT 9999 FEW020TCU BKN300 29/21 Q1007 NOSIG
2026-03-27 11:39 UTC,METAR WSSS 271130Z 02012KT 9999 FEW020 BKN300 28/22 Q1007 NOSIG
2026-03-27 12:57 UTC,METAR WSSS 271030Z 02012KT 9999 FEW020TCU BKN300 29/21 Q1007 NOSIG
2026-03-27 14:12 UTC,METAR WSSS 271400Z 02007KT 360V070 9999 FEW018 BKN300 27/22 Q1009 NOSIG
2026-03-27 15:14 UTC,METAR WSSS 271500Z 01007KT 9999 FEW018 BKN300 27/23 Q1009 NOSIG
2026-03-27 16:11 UTC,METAR WSSS 271600Z 35005KT 9999 FEW018 BKN300 26/23 Q1010 NOSIG
2026-03-27 17:24 UTC,METAR WSSS 271700Z 03008KT 010V070 9999 FEW018 BKN300 27/23 Q1009 NOSIG
2026-03-27 18:09 UTC,METAR WSSS 271800Z 03008KT 9999 FEW018 BKN300 27/23 Q1008 NOSIG
2026-03-27 19:22 UTC,METAR WSSS 271900Z 36008KT 9999 FEW018 BKN300 26/23 Q1007 NOSIG
2026-03-27 19:57 UTC,METAR WSSS 271930Z 02008KT 9999 FEW018 BKN300 27/23 Q1007 NOSIG
2026-03-27 20:40 UTC,METAR WSSS 272030Z 35006KT 9999 FEW020 BKN300 26/23 Q1007 NOSIG
2026-03-27 21:29 UTC,METAR WSSS 272100Z 01007KT 9999 FEW018 BKN300 26/23 Q1007 NOSIG
2026-03-27 21:58 UTC,METAR WSSS 272130Z 36005KT 9999 FEW018 BKN300 26/23 Q1007 NOSIG
2026-03-27 22:38 UTC,METAR WSSS 272230Z 35004KT 9999 FEW018 BKN300 25/23 Q1007 NOSIG
2026-03-27 23:28 UTC,METAR WSSS 272300Z 34004KT 300V010 9999 FEW018 BKN300 26/23 Q1008 NOSIG
2026-03-27 23:53 UTC,METAR WSSS 272330Z 34004KT 9999 FEW018 BKN300 26/23 Q1008 NOSIG
2026-03-28 01:51 UTC,METAR WSSS 280130Z 36011KT 340V040 9999 FEW018 BKN300 29/23 Q1009 NOSIG
2026-03-28 04:17 UTC,METAR WSSS 280400Z 03010KT 340V050 9999 SCT020 BKN300 31/22 Q1010 NOSIG
2026-03-28 05:38 UTC,METAR WSSS 280530Z 01009KT 330V070 9999 SCT020 BKN300 32/23 Q1009 NOSIG
2026-03-28 06:54 UTC,METAR WSSS 280630Z 02012KT 350V050 9999 SCT020 BKN270 31/23 Q1008 NOSIG
2026-03-28 07:41 UTC,METAR WSSS 280730Z 03011KT 360V060 9999 SCT020 BKN270 31/23 Q1007 NOSIG
2026-03-28 08:34 UTC,METAR WSSS 280830Z 03011KT 360V060 9999 SCT020 BKN270 30/23 Q1007 NOSIG
2026-03-28 09:33 UTC,METAR WSSS 280930Z 03012KT 360V060 9999 FEW020 BKN300 30/22 Q1006 NOSIG
2026-03-28 10:27 UTC,METAR WSSS 281000Z 03012KT 360V060 9999 FEW020 BKN300 29/22 Q1006 NOSIG
2026-03-28 10:58 UTC,METAR WSSS 281030Z 02011KT 9999 FEW020 BKN300 29/22 Q1006 NOSIG
2026-03-28 11:33 UTC,METAR WSSS 281130Z 02013KT 9999 FEW020 BKN300 28/22 Q1007 NOSIG
2026-03-28 12:45 UTC,METAR WSSS 281230Z 02010KT 360V060 9999 FEW020 BKN300 27/23 Q1007 NOSIG
2026-03-28 13:48 UTC,METAR WSSS 281330Z 35006KT 9999 FEW020 BKN300 27/23 Q1008 NOSIG
2026-03-28 14:28 UTC,METAR WSSS 281400Z 01007KT 340V050 9999 FEW020 BKN300 27/23 Q1008 NOSIG
2026-03-28 14:58 UTC,METAR WSSS 281430Z 36006KT 9999 FEW020 BKN300 26/23 Q1009 NOSIG
2026-03-28 16:28 UTC,METAR WSSS 281600Z 35006KT 9999 FEW018 BKN300 26/22 Q1010 NOSIG
2026-03-28 17:38 UTC,METAR WSSS 281730Z 36006KT 9999 FEW018 BKN300 26/23 Q1009 NOSIG
2026-03-28 18:34 UTC,METAR WSSS 281830Z 04005KT 9999 FEW018 BKN300 27/23 Q1008 NOSIG
2026-03-28 19:26 UTC,METAR WSSS 281900Z 01004KT 340V050 9999 FEW018 BKN300 26/23 Q1008 NOSIG
2026-03-28 19:52 UTC,METAR WSSS 281930Z 35003KT 9999 FEW018 BKN300 25/23 Q1008 NOSIG
2026-03-28 20:25 UTC,METAR WSSS 282000Z 04005KT 9999 FEW018 SCT050 BKN300 27/23 Q1008 NOSIG
2026-03-28 20:55 UTC,METAR WSSS 282030Z 01004KT 340V070 9999 FEW018 SCT050 BKN300 26/23 Q1008 NOSIG
2026-03-28 21:25 UTC,METAR WSSS 282100Z 03006KT 9999 FEW018 SCT050 BKN300 27/23 Q1008 NOSIG
2026-03-28 21:52 UTC,METAR WSSS 282130Z 04006KT 9999 FEW018 SCT050 BKN300 27/23 Q1008 NOSIG
2026-03-28 22:24 UTC,METAR WSSS 282200Z 03007KT 9999 FEW018 SCT050 BKN300 27/23 Q1007 NOSIG
2026-03-28 22:55 UTC,METAR WSSS 282230Z 04007KT 010V070 9999 FEW018 SCT150 BKN300 27/24 Q1008 NOSIG
2026-03-28 23:27 UTC,METAR WSSS 282300Z 35004KT 320V050 9999 FEW018 BKN300 26/23 Q1008 NOSIG
2026-03-28 23:55 UTC,METAR WSSS 282330Z 33003KT 9999 FEW018 BKN300 26/24 Q1008 NOSIG
2026-03-29 02:07 UTC,METAR WSSS 290200Z 36008KT 6000 FEW018 SCT160 BKN300 29/24 Q1010 NOSIG
2026-03-29 04:58 UTC,METAR WSSS 290430Z 33005KT 270V360 7000 FEW018 FEW020TCU SCT160 BKN280 31/24 Q1010 NOSIG
2026-03-29 06:12 UTC,METAR WSSS 290600Z 04008KT 9000 FEW018 FEW020TCU BKN280 30/24 Q1009 NOSIG
2026-03-29 07:32 UTC,METAR WSSS 290730Z 01010KT 8000 FEW016 FEW018CB FEW020TCU BKN280 30/24 Q1007 NOSIG
2026-03-29 08:35 UTC,METAR WSSS 290830Z 01010KT 8000 FEW018CB FEW020TCU BKN280 31/24 Q1007 NOSIG
2026-03-29 09:32 UTC,METAR WSSS 290930Z 36009KT 8000 FEW018 FEW020TCU SCT280 30/24 Q1007 NOSIG
2026-03-29 10:28 UTC,METAR WSSS 291000Z 01010KT 340V040 7000 FEW018 FEW020TCU BKN300 30/24 Q1007 NOSIG
2026-03-29 11:01 UTC,METAR WSSS 291030Z 02009KT 350V050 7000 FEW020 BKN300 29/24 Q1007 NOSIG
2026-03-29 11:51 UTC,METAR WSSS 291130Z 01011KT 7000 FEW018 BKN300 28/23 Q1008 NOSIG
2026-03-29 12:45 UTC,METAR WSSS 291230Z 01008KT 9999 FEW018 BKN300 27/24 Q1009 NOSIG
2026-03-29 13:50 UTC,METAR WSSS 291330Z 35006KT 9999 FEW018 BKN300 27/24 Q1009 NOSIG
2026-03-29 14:30 UTC,METAR WSSS 291400Z 35005KT 9999 FEW018 BKN300 27/24 Q1010 NOSIG
2026-03-29 15:27 UTC,METAR WSSS 291500Z 36005KT 9999 FEW018 BKN300 27/24 Q1011 NOSIG
2026-03-29 15:54 UTC,METAR WSSS 291530Z 35004KT 9999 FEW018 BKN300 27/24 Q1011 NOSIG
2026-03-29 16:31 UTC,METAR WSSS 291630Z 35005KT 9999 FEW018 BKN300 27/24 Q1011 NOSIG
2026-03-29 17:26 UTC,METAR WSSS 291700Z 35005KT 320V030 9999 FEW018 BKN300 27/24 Q1011 NOSIG
2026-03-29 17:56 UTC,METAR WSSS 291730Z 36005KT 330V030 9999 FEW018 BKN300 27/24 Q1010 NOSIG
2026-03-29 18:41 UTC,METAR WSSS 291830Z 35004KT 9999 FEW018 BKN300 26/24 Q1009 NOSIG
2026-03-29 19:28 UTC,METAR WSSS 291900Z 35004KT 9999 FEW018 BKN300 26/23 Q1009 NOSIG
2026-03-29 19:55 UTC,METAR WSSS 291930Z 34003KT 9999 FEW018 BKN300 26/24 Q1009 NOSIG
2026-03-29 20:29 UTC,METAR WSSS 292000Z 34004KT 9999 FEW018 BKN300 26/24 Q1009 NOSIG
2026-03-29 20:59 UTC,METAR WSSS 292030Z 35003KT 9999 FEW018 BKN300 26/24 Q1009 NOSIG
2026-03-29 21:39 UTC,METAR WSSS 292130Z 35003KT 9999 FEW018 BKN300 26/24 Q1008 NOSIG
2026-03-29 22:26 UTC,METAR WSSS 292200Z 34003KT 9999 FEW018 BKN300 26/24 Q1008 NOSIG
2026-03-29 22:58 UTC,METAR WSSS 292230Z 33003KT 9999 FEW018 BKN300 26/23 Q1009 NOSIG
2026-03-29 23:39 UTC,METAR WSSS 292330Z 34004KT 7000 FEW018 BKN300 26/24 Q1009 NOSIG
2026-03-30 02:05 UTC,METAR WSSS 300200Z 02007KT 8000 FEW016 BKN300 29/25 Q1011 NOSIG
2026-03-30 05:09 UTC,METAR WSSS 300500Z 08006KT 010V150 9999 FEW020TCU BKN300 32/24 Q1010 NOSIG
2026-03-30 07:05 UTC,METAR WSSS 300700Z 10013KT 040V130 7000 FEW018TCU BKN300 33/24 Q1008 NOSIG
2026-03-30 08:53 UTC,METAR WSSS 300830Z 05011KT 020V080 9000 FEW018TCU FEW020CB SCT280 32/23 Q1007 NOSIG
2026-03-30 10:13 UTC,METAR WSSS 301000Z 04008KT 010V090 9999 FEW020TCU SCT280 30/24 Q1008 NOSIG
2026-03-30 11:31 UTC,METAR WSSS 301130Z 03008KT 360V070 9999 FEW018 BKN300 29/24 Q1009 NOSIG
2026-03-30 13:10 UTC,METAR WSSS 301300Z 03006KT 350V060 9000 FEW018 BKN300 28/24 Q1010 NOSIG
2026-03-30 14:47 UTC,METAR WSSS 301430Z 03003KT 340V100 9000 FEW016 BKN160 28/25 Q1012 NOSIG
2026-03-30 16:02 UTC,METAR WSSS 301600Z 02005KT 350V060 9000 FEW016 BKN300 28/24 Q1012 NOSIG
2026-03-30 17:26 UTC,METAR WSSS 301700Z 33004KT 9000 FEW016 BKN300 27/24 Q1012 NOSIG
2026-03-30 18:11 UTC,METAR WSSS 301800Z 35004KT 9000 FEW016 BKN300 27/25 Q1011 NOSIG
2026-03-30 19:32 UTC,METAR WSSS 301930Z 04005KT 9999 FEW018 BKN300 27/25 Q1010 NOSIG
2026-03-30 20:40 UTC,METAR WSSS 302030Z 01003KT 330V060 8000 FEW016 BKN300 27/25 Q1010 NOSIG
2026-03-30 21:37 UTC,METAR WSSS 302130Z VRB02KT 9000 FEW016 BKN160 26/25 Q1010 NOSIG
2026-03-30 22:31 UTC,METAR WSSS 302230Z 33003KT 300V060 9000 FEW016 BKN170 27/25 Q1010 NOSIG
2026-03-30 23:31 UTC,METAR WSSS 302330Z 34003KT 6000 FEW016 FEW018TCU SCT160 27/24 Q1010 NOSIG
2026-03-31 02:01 UTC,METAR WSSS 310200Z 36005KT 320V050 9999 FEW018TCU BKN160 30/25 Q1012 NOSIG
2026-03-31 04:57 UTC,METAR WSSS 310430Z 20008KT 180V240 9000 VCTS FEW017CB FEW018TCU SCT300 30/23 Q1011 TEMPO FM0445 4000 TSRA
2026-03-31 06:16 UTC,METAR WSSS 310600Z 33003KT 9999 -TSRA FEW017CB FEW018TCU SCT050 BKN160 26/24 Q1010 BECMG TL0610 NSW
2026-03-31 07:50 UTC,METAR WSSS 310730Z 03006KT 340V080 9999 FEW018TCU FEW020CB BKN180 28/24 Q1009 NOSIG
2026-03-31 08:53 UTC,METAR WSSS 310830Z 05005KT 020V100 9999 FEW018 BKN180 28/24 Q1008 NOSIG
2026-03-31 10:02 UTC,METAR WSSS 311000Z 04007KT 020V080 9999 FEW018 SCT200 28/24 Q1007 NOSIG
2026-03-31 11:25 UTC,METAR WSSS 311100Z 05006KT 010V100 9999 FEW016 BKN280 28/25 Q1008 NOSIG
2026-03-31 12:05 UTC,METAR WSSS 311200Z 02006KT 340V060 9999 FEW016 SCT280 28/25 Q1009 NOSIG
2026-03-31 14:06 UTC,METAR WSSS 311400Z 04007KT 9999 FEW016 SCT160 BKN300 28/25 Q1010 NOSIG
2026-03-31 15:43 UTC,METAR WSSS 311530Z 03006KT 9999 FEW018 BKN160 28/24 Q1011 NOSIG
2026-03-31 16:53 UTC,METAR WSSS 311630Z 07005KT 040V110 9999 FEW018 BKN160 28/24 Q1011 NOSIG
2026-03-31 17:53 UTC,METAR WSSS 311730Z 05005KT 360V110 9999 FEW018 BKN160 28/24 Q1010 NOSIG
2026-03-31 18:56 UTC,METAR WSSS 311830Z 03007KT 010V070 9999 FEW018 SCT160 BKN300 28/24 Q1009 NOSIG
2026-03-31 19:54 UTC,METAR WSSS 311930Z 04006KT 8000 FEW016 BKN300 27/25 Q1009 NOSIG
2026-03-31 20:38 UTC,METAR WSSS 312030Z 35003KT 310V040 9999 SCT018 BKN300 26/24 Q1009 NOSIG
2026-03-31 21:35 UTC,METAR WSSS 312130Z 34003KT 9999 SCT018 SCT160 26/25 Q1009 NOSIG
2026-03-31 22:30 UTC,METAR WSSS 312200Z 33003KT 290V360 9999 FEW018 BKN300 26/25 Q1009 NOSIG
2026-03-31 23:30 UTC,METAR WSSS 312300Z 34004KT 9999 FEW018 FEW020TCU BKN300 26/24 Q1009 NOSIG
2026-04-01 02:09 UTC,METAR WSSS 010200Z 36006KT 320V070 9999 FEW018 FEW020TCU BKN300 30/25 Q1012 NOSIG
2026-04-01 05:10 UTC,METAR WSSS 010500Z 10008KT 060V160 9999 SCT020 BKN300 31/24 Q1010 NOSIG
2026-04-01 06:57 UTC,METAR WSSS 010630Z 10008KT 060V130 9999 FEW020 BKN300 31/25 Q1009 NOSIG
2026-04-01 08:16 UTC,METAR WSSS 010800Z 01010KT 330V070 9999 FEW020TCU BKN300 34/23 Q1007 NOSIG
2026-04-01 09:43 UTC,METAR WSSS 010930Z 03011KT 360V060 9999 FEW020 BKN300 32/24 Q1007 NOSIG
2026-04-01 10:50 UTC,METAR WSSS 011030Z 03010KT 9999 FEW020CB BKN300 30/22 Q1007 NOSIG
2026-04-01 11:49 UTC,METAR WSSS 011130Z 03008KT 360V060 9999 FEW020 BKN300 29/22 Q1008 NOSIG
2026-04-01 13:12 UTC,METAR WSSS 011300Z 01006KT 340V050 9999 FEW018 BKN300 27/23 Q1010 NOSIG
2026-04-01 14:47 UTC,METAR WSSS 011400Z 35005KT 9999 FEW018 BKN300 27/23 Q1011 NOSIG
2026-04-01 16:04 UTC,METAR WSSS 011600Z 35004KT 320V050 9999 FEW018 FEW020CB BKN300 27/24 Q1012 NOSIG
2026-04-01 17:27 UTC,METAR WSSS 011700Z 33003KT 300V020 9999 FEW018 BKN300 27/24 Q1011 NOSIG
2026-04-01 18:08 UTC,METAR WSSS 011800Z 32002KT 9999 FEW018 BKN300 27/24 Q1011 NOSIG
2026-04-01 19:35 UTC,METAR WSSS 011930Z 32002KT 9999 FEW018 BKN300 26/24 Q1010 NOSIG
2026-04-01 20:39 UTC,METAR WSSS 012030Z VRB02KT 9999 FEW018 SCT030 BKN300 26/24 Q1010 NOSIG
2026-04-01 21:37 UTC,METAR WSSS 012130Z 36002KT 9999 FEW018 BKN300 26/24 Q1010 NOSIG
2026-04-01 22:33 UTC,METAR WSSS 012230Z VRB02KT 9999 FEW018 SCT050 BKN300 26/24 Q1010 NOSIG
2026-04-01 23:32 UTC,METAR WSSS 012330Z VRB02KT 9999 FEW018TCU SCT040 BKN300 26/24 Q1010 NOSIG
2026-04-02 01:57 UTC,METAR WSSS 020130Z 36004KT 330V040 9999 FEW018TCU BKN300 29/23 Q1012 NOSIG
2026-04-02 04:31 UTC,METAR WSSS 020430Z 09006KT 050V150 9999 FEW018TCU SCT020 BKN300 31/23 Q1011 NOSIG
2026-04-02 06:09 UTC,METAR WSSS 020600Z 11007KT 080V140 9999 FEW020 BKN300 31/24 Q1010 NOSIG
2026-04-02 07:45 UTC,METAR WSSS 020730Z 08009KT 030V120 9999 FEW022 BKN300 32/23 Q1008 NOSIG
2026-04-02 08:51 UTC,METAR WSSS 020830Z 07010KT 020V120 9999 FEW020TCU BKN300 32/22 Q1008 NOSIG
2026-04-02 09:57 UTC,METAR WSSS 020930Z 08011KT 9999 FEW018TCU SCT020 BKN300 31/24 Q1007 NOSIG
2026-04-02 10:53 UTC,METAR WSSS 021030Z 04011KT 9999 FEW018TCU SCT050 BKN300 30/24 Q1008 NOSIG
2026-04-02 11:42 UTC,METAR WSSS 021130Z 04010KT 9000 FEW018 SCT050 BKN300 29/24 Q1009 NOSIG
2026-04-02 13:03 UTC,METAR WSSS 021300Z 04008KT 9999 FEW018 BKN300 28/24 Q1010 NOSIG
2026-04-02 14:37 UTC,METAR WSSS 021430Z 04009KT 9999 FEW018 BKN300 28/24 Q1011 NOSIG
2026-04-02 15:57 UTC,METAR WSSS 021530Z 04008KT 9999 FEW018 BKN300 28/23 Q1011 NOSIG
2026-04-02 16:57 UTC,METAR WSSS 021630Z 04008KT 9999 FEW018 BKN300 28/24 Q1011 NOSIG
2026-04-02 17:50 UTC,METAR WSSS 021730Z 02006KT 9999 FEW018 BKN300 28/24 Q1011 NOSIG
2026-04-02 18:51 UTC,METAR WSSS 021830Z 04005KT 9999 FEW018 BKN300 27/24 Q1010 NOSIG
2026-04-02 19:47 UTC,METAR WSSS 021930Z 02004KT 9999 FEW018 BKN300 27/24 Q1010 NOSIG
2026-04-02 20:30 UTC,METAR WSSS 022000Z 04005KT 9999 FEW018 BKN300 27/23 Q1009 NOSIG
2026-04-02 21:33 UTC,METAR WSSS 022130Z 04007KT 010V080 9999 FEW018 BKN300 27/24 Q1009 NOSIG
2026-04-02 22:27 UTC,METAR WSSS 022200Z 04007KT 9999 FEW018 BKN300 27/23 Q1009 NOSIG
2026-04-02 22:59 UTC,METAR WSSS 022230Z 01004KT 320V090 9999 FEW018 BKN300 27/23 Q1009 NOSIG
2026-04-02 23:42 UTC,METAR WSSS 022330Z 02005KT 330V040 9999 FEW018 BKN300 27/24 Q1009 NOSIG
2026-04-03 01:59 UTC,METAR WSSS 030130Z 35006KT 320V040 9999 FEW018 BKN300 30/24 Q1010 NOSIG
2026-04-03 04:34 UTC,METAR WSSS 030430Z VRB04KT 9999 FEW020 BKN350 32/22 Q1010 NOSIG
2026-04-03 06:09 UTC,METAR WSSS 030600Z 10007KT 040V140 9999 FEW020TCU BKN300 33/23 Q1008 NOSIG
2026-04-03 07:42 UTC,METAR WSSS 030730Z 12006KT 070V170 9999 FEW020TCU BKN300 33/21 Q1007 NOSIG
2026-04-03 08:47 UTC,METAR WSSS 030830Z VRB07KT 9999 FEW020TCU BKN300 33/22 Q1007 NOSIG
2026-04-03 09:49 UTC,METAR WSSS 030930Z 09012KT 9999 FEW018TCU FEW020CB BKN300 32/24 Q1006 NOSIG
2026-04-03 10:38 UTC,METAR WSSS 031030Z 04012KT 9999 FEW018TCU FEW020CB SCT300 30/24 Q1008 NOSIG
2026-04-03 11:34 UTC,METAR WSSS 031130Z 03011KT 9999 FEW018TCU BKN300 29/23 Q1008 NOSIG
2026-04-03 12:55 UTC,METAR WSSS 031230Z 01008KT 9999 FEW018 SCT030 BKN300 28/23 Q1009 NOSIG
2026-04-03 14:01 UTC,METAR WSSS 031330Z 04010KT 9999 FEW018 BKN300 28/24 Q1010 NOSIG
2026-04-03 15:07 UTC,METAR WSSS 031500Z 04009KT 9999 FEW018 BKN300 28/24 Q1011 NOSIG
2026-04-03 15:59 UTC,METAR WSSS 031530Z 04008KT 9999 FEW018 BKN300 28/24 Q1011 NOSIG
2026-04-03 16:50 UTC,METAR WSSS 031630Z 36005KT 9999 FEW018 BKN300 27/24 Q1011 NOSIG
2026-04-03 17:30 UTC,METAR WSSS 031700Z 35005KT 9999 FEW018 BKN300 27/24 Q1010 NOSIG
2026-04-03 18:40 UTC,METAR WSSS 031830Z 01008KT 9999 FEW018 BKN300 27/24 Q1009 NOSIG
2026-04-03 19:35 UTC,METAR WSSS 031930Z 02006KT 9999 FEW018 SCT160 BKN300 27/24 Q1008 NOSIG
2026-04-03 20:31 UTC,METAR WSSS 032030Z 01004KT 340V040 9999 FEW018 BKN300 26/24 Q1008 NOSIG
2026-04-03 21:29 UTC,METAR WSSS 032100Z 01005KT 340V070 9999 FEW018 BKN300 27/24 Q1008 NOSIG
2026-04-03 21:58 UTC,METAR WSSS 032130Z VRB02KT 9999 FEW018 BKN300 26/24 Q1008 NOSIG
2026-04-03 22:39 UTC,METAR WSSS 032230Z 01003KT 320V070 9999 FEW018 BKN300 27/24 Q1008 NOSIG
2026-04-03 23:29 UTC,METAR WSSS 032300Z 34004KT 9999 FEW018 BKN300 27/24 Q1009 NOSIG
2026-04-03 23:59 UTC,METAR WSSS 032330Z 34005KT 9999 FEW018 BKN300 27/24 Q1009 NOSIG
2026-04-04 02:46 UTC,METAR WSSS 040230Z 04005KT 340V120 9999 SCT018 BKN300 30/24 Q1010 NOSIG
2026-04-04 04:46 UTC,METAR WSSS 040430Z 16009KT 130V190 9999 FEW017TCU SCT018 32/24 Q1009 NOSIG
2026-04-04 05:54 UTC,METAR WSSS 040530Z 12008KT 060V160 9999 FEW018 FEW020CB BKN300 32/25 Q1008 NOSIG
2026-04-04 06:55 UTC,METAR WSSS 040630Z 12009KT 090V160 9999 FEW020TCU BKN300 32/24 Q1007 NOSIG
2026-04-04 07:47 UTC,METAR WSSS 040730Z 11007KT 070V140 9999 FEW020TCU BKN300 31/24 Q1006 NOSIG
2026-04-04 08:36 UTC,METAR WSSS 040830Z 13008KT 090V160 9999 FEW018CB FEW020TCU BKN300 32/24 Q1006 NOSIG
2026-04-04 09:33 UTC,METAR WSSS 040930Z 16006KT 110V200 9999 FEW018TCU FEW020CB BKN300 32/23 Q1006 NOSIG
2026-04-04 10:29 UTC,METAR WSSS 041000Z 17007KT 120V200 9999 FEW018TCU FEW020CB BKN300 31/24 Q1006 NOSIG
2026-04-04 11:01 UTC,METAR WSSS 041100Z 10006KT 040V120 9999 FEW018TCU SCT040 30/24 Q1007 NOSIG
2026-04-04 11:51 UTC,METAR WSSS 041130Z 04007KT 9999 SCT016 FEW018TCU SCT030 30/25 Q1007 NOSIG
2026-04-04 12:45 UTC,METAR WSSS 041230Z 01005KT 350V060 3500 SHRA FEW015 FEW016CB SCT017TCU 28/25 Q1008 BECMG FM1300 TL1315 6000 NSW
2026-04-04 13:50 UTC,METAR WSSS 041330Z 36005KT 340V050 8000 FEW015 FEW018TCU SCT040 27/25 Q1009 RESHRA NOSIG
2026-04-04 14:30 UTC,METAR WSSS 041400Z 34003KT 300V050 9000 FEW016 BKN300 27/25 Q1009 NOSIG
2026-04-04 15:26 UTC,METAR WSSS 041500Z 05004KT 350V090 9999 FEW018 BKN300 28/25 Q1009 NOSIG
2026-04-04 15:54 UTC,METAR WSSS 041530Z 05004KT 020V090 9999 FEW018 BKN300 29/25 Q1009 NOSIG
2026-04-04 16:30 UTC,METAR WSSS 041600Z 05003KT 010V090 9999 FEW018 BKN300 28/25 Q1010 NOSIG
2026-04-04 17:25 UTC,METAR WSSS 041700Z 04004KT 010V070 9000 FEW018 BKN300 28/24 Q1009 NOSIG
2026-04-04 17:55 UTC,METAR WSSS 041730Z 36003KT 320V100 9000 FEW018 BKN300 27/25 Q1009 NOSIG
2026-04-04 18:38 UTC,METAR WSSS 041830Z VRB02KT 9000 FEW018 BKN300 26/25 Q1008 NOSIG
2026-04-04 19:27 UTC,METAR WSSS 041900Z 36003KT 330V040 9000 FEW018 BKN300 27/25 Q1008 NOSIG
2026-04-04 19:53 UTC,METAR WSSS 041930Z 02003KT 320V070 9000 FEW018 BKN300 27/25 Q1008 NOSIG
2026-04-04 20:26 UTC,METAR WSSS 042000Z 34003KT 9000 FEW018 BKN300 26/25 Q1007 NOSIG
2026-04-04 20:56 UTC,METAR WSSS 042030Z 34004KT 9000 FEW018 BKN300 27/25 Q1007 NOSIG
2026-04-04 21:30 UTC,METAR WSSS 042100Z 34003KT 9000 FEW018 BKN300 27/25 Q1007 NOSIG
2026-04-04 22:25 UTC,METAR WSSS 042200Z 34002KT 7000 FEW018 BKN300 26/25 Q1008 NOSIG
2026-04-04 22:56 UTC,METAR WSSS 042230Z 32003KT 7000 FEW018 BKN300 26/25 Q1008 NOSIG
2026-04-04 23:31 UTC,METAR WSSS 042300Z 32003KT 4500 BR FEW018 BKN300 26/25 Q1008 BECMG FM2345 TL0000 6000 NSW
2026-04-05 02:04 UTC,METAR WSSS 050200Z 31004KT 280V340 9999 SCT018 BKN300 30/25 Q1010 NOSIG
2026-04-05 04:59 UTC,METAR WSSS 050430Z 15007KT 120V200 9999 FEW018TCU FEW020CB BKN300 32/23 Q1009 NOSIG
2026-04-05 06:15 UTC,METAR WSSS 050600Z 15007KT 120V180 9999 FEW018TCU FEW020CB BKN300 32/22 Q1008 NOSIG
2026-04-05 07:36 UTC,METAR WSSS 050730Z 16009KT 140V200 9999 FEW018TCU FEW020CB SCT050 BKN300 32/24 Q1007 NOSIG
2026-04-05 08:38 UTC,METAR WSSS 050830Z 12010KT 9999 FEW018 FEW020CB SCT050 BKN300 31/25 Q1007 NOSIG
2026-04-05 09:35 UTC,METAR WSSS 050930Z 12005KT 080V150 9999 FEW018 FEW020CB BKN300 31/25 Q1006 NOSIG
2026-04-05 10:29 UTC,METAR WSSS 051000Z VRB03KT 9999 FEW018 FEW020CB BKN300 31/24 Q1006 NOSIG
2026-04-05 11:02 UTC,METAR WSSS 051100Z VRB03KT 9999 FEW018TCU BKN300 30/24 Q1008 NOSIG
2026-04-05 11:51 UTC,METAR WSSS 051130Z 03007KT 010V070 9999 FEW018 BKN300 30/25 Q1008 NOSIG
2026-04-05 12:49 UTC,METAR WSSS 051230Z 06007KT 9999 FEW018 BKN300 29/25 Q1008 NOSIG
2026-04-05 13:51 UTC,METAR WSSS 051300Z 06006KT 030V090 9999 FEW018 BKN300 29/25 Q1009 NOSIG
2026-04-05 16:35 UTC,METAR WSSS 051630Z 09005KT 040V120 9999 SCT018 BKN300 29/25 Q1010 NOSIG
2026-04-05 17:26 UTC,METAR WSSS 051700Z 12006KT 080V150 9999 FEW018 BKN300 29/25 Q1010 NOSIG
2026-04-05 17:57 UTC,METAR WSSS 051730Z 12005KT 080V160 9999 FEW018 BKN300 29/25 Q1010 NOSIG
2026-04-05 18:47 UTC,METAR WSSS 051830Z 11004KT 080V140 9999 FEW018 BKN300 29/25 Q1009 NOSIG
2026-04-05 19:31 UTC,METAR WSSS 051930Z 14005KT 9999 FEW018 FEW020CB BKN300 28/25 Q1009 NOSIG
2026-04-05 20:28 UTC,METAR WSSS 052000Z 13004KT 100V170 9999 FEW018 FEW020CB BKN300 28/25 Q1009 NOSIG
2026-04-05 20:59 UTC,METAR WSSS 052030Z 16004KT 130V190 9999 FEW018 FEW020CB BKN300 28/25 Q1009 NOSIG
2026-04-05 21:39 UTC,METAR WSSS 052130Z 19003KT 9999 FEW016 FEW018CB BKN300 27/25 Q1009 NOSIG
2026-04-05 22:26 UTC,SPECI WSSS 052217Z 19015G25KT 9000 TS SCT016 FEW017CB FEW018TCU 26/23 Q1010 TEMPO TL2300 3000 TSRA BECMG FM2300 TL2315 NSW
2026-04-05 22:59 UTC,SPECI WSSS 052243Z 20014G24KT 170V230 8000 -TSRA SCT016 FEW017CB FEW018TCU 26/23 Q1010 BECMG FM2315 TL2330 NSW
2026-04-05 23:41 UTC,METAR WSSS 052330Z 22011KT 9000 -TSRA FEW014 SCT016 FEW017CB FEW018TCU 26/23 Q1011 BECMG FM2340 TL2350 NSW
2026-04-06 02:05 UTC,METAR WSSS 060200Z 22005KT 170V270 9999 FEW016 SCT040 BKN150 28/23 Q1012 NOSIG
2026-04-06 05:08 UTC,METAR WSSS 060500Z 18009KT 150V210 9999 FEW020 SCT150 BKN300 31/24 Q1011 NOSIG
2026-04-06 07:07 UTC,METAR WSSS 060700Z 17012KT 9999 FEW020 BKN300 33/22 Q1008 NOSIG
2026-04-06 08:51 UTC,METAR WSSS 060830Z 16011KT 9999 FEW020 BKN300 32/22 Q1008 NOSIG
2026-04-06 10:05 UTC,METAR WSSS 061000Z 17009KT 9999 FEW020 BKN300 31/22 Q1008 NOSIG
2026-04-06 11:25 UTC,METAR WSSS 061100Z 17006KT 9999 FEW020 BKN300 30/22 Q1008 NOSIG
2026-04-06 12:04 UTC,METAR WSSS 061200Z 18005KT 9999 FEW020 BKN300 29/22 Q1009 NOSIG
2026-04-06 13:50 UTC,METAR WSSS 061330Z 20003KT 9999 FEW018 BKN300 29/21 Q1010 NOSIG
2026-04-06 14:42 UTC,METAR WSSS 061430Z 19004KT 9999 FEW018 BKN300 29/23 Q1011 NOSIG
2026-04-06 15:41 UTC,METAR WSSS 061530Z 09005KT 9999 FEW018 BKN300 30/25 Q1011 NOSIG
2026-04-06 16:41 UTC,METAR WSSS 061630Z 14005KT 9999 FEW018 BKN300 29/25 Q1011 NOSIG
2026-04-06 17:40 UTC,METAR WSSS 061730Z 21002KT 9999 FEW018 BKN300 28/25 Q1011 NOSIG
2026-04-06 18:52 UTC,METAR WSSS 061830Z 18003KT 9999 FEW018 BKN300 28/25 Q1010 NOSIG
2026-04-06 19:49 UTC,METAR WSSS 061930Z 10004KT 9999 FEW018 BKN300 28/25 Q1009 NOSIG
2026-04-06 20:33 UTC,METAR WSSS 062030Z 10003KT 9999 FEW018 BKN300 28/25 Q1009 NOSIG
2026-04-06 21:33 UTC,METAR WSSS 062130Z 12005KT 9999 FEW018 BKN300 28/25 Q1009 NOSIG
2026-04-06 22:31 UTC,METAR WSSS 062230Z 10004KT 080V140 9999 FEW018 BKN300 28/25 Q1009 NOSIG
2026-04-06 23:31 UTC,METAR WSSS 062330Z 12003KT 080V140 9999 FEW018 FEW020TCU BKN300 28/25 Q1010 NOSIG
2026-04-07 02:01 UTC,METAR WSSS 070130Z 15004KT 100V210 9999 FEW016 FEW018TCU BKN300 31/25 Q1012 NOSIG
2026-04-07 04:56 UTC,METAR WSSS 070430Z 21006KT 180V260 4000 TSRA FEW014 FEW015CB FEW016TCU BKN150 25/23 Q1012 BECMG FM0445 TL0500 6000 NSW
2026-04-07 06:18 UTC,METAR WSSS 070600Z VRB01KT 4500 RA FEW015 FEW016TCU FEW018CB BKN150 25/23 Q1011 BECMG FM0630 TL0645 6000 NSW
2026-04-07 07:54 UTC,METAR WSSS 070730Z 34004KT 8000 -RA FEW015 BKN160 25/24 Q1010 NOSIG
2026-04-07 08:57 UTC,METAR WSSS 070830Z 13004KT 030V160 9000 -RA FEW015 SCT140 BKN160 26/24 Q1009 NOSIG
2026-04-07 10:07 UTC,METAR WSSS 071000Z 19004KT 9999 FEW016 BKN150 27/24 Q1008 NOSIG
2026-04-07 11:28 UTC,METAR WSSS 071100Z 19007KT 9999 FEW018 BKN160 27/24 Q1009 NOSIG
2026-04-07 12:08 UTC,METAR WSSS 071200Z 20004KT 180V240 9999 FEW018 SCT160 BKN300 26/24 Q1010 NOSIG
2026-04-07 14:06 UTC,METAR WSSS 071400Z VRB01KT 8000 FEW018 BKN300 25/24 Q1010 NOSIG
2026-04-07 15:53 UTC,METAR WSSS 071530Z VRB01KT 9000 FEW016 BKN300 25/25 Q1011 NOSIG
2026-04-07 16:53 UTC,METAR WSSS 071630Z 35003KT 310V010 8000 FEW016 BKN300 26/25 Q1012 NOSIG
2026-04-07 17:55 UTC,METAR WSSS 071730Z 34004KT 7000 FEW016 BKN300 26/25 Q1011 NOSIG
2026-04-07 18:59 UTC,METAR WSSS 071830Z 33003KT 6000 FEW018 SCT160 BKN300 26/25 Q1010 NOSIG
2026-04-07 19:58 UTC,METAR WSSS 071930Z 32003KT 5000 BR FEW018 BKN300 25/25 Q1009 NOSIG
2026-04-07 20:55 UTC,METAR WSSS 072030Z VRB02KT 5000 BR FEW018 SCT160 BKN300 25/24 Q1009 NOSIG
2026-04-07 21:38 UTC,METAR WSSS 072130Z VRB02KT 5000 BR FEW018 BKN160 26/25 Q1010 NOSIG
2026-04-07 22:34 UTC,METAR WSSS 072230Z 34002KT 4000 BR FEW018 BKN160 26/25 Q1010 BECMG FM2345 TL0015 6000 NSW
2026-04-07 23:33 UTC,METAR WSSS 072330Z VRB02KT 3000 BR FEW018 SCT160 BKN300 26/25 Q1011 BECMG FM0030 TL0045 6000 NSW
2026-04-08 02:02 UTC,METAR WSSS 080200Z VRB02KT 8000 FEW018 BKN160 30/25 Q1012 NOSIG
2026-04-08 04:58 UTC,METAR WSSS 080430Z VRB04KT 9999 FEW020 SCT160 BKN300 32/24 Q1011 NOSIG
2026-04-08 06:22 UTC,METAR WSSS 080600Z 18009KT 9999 FEW020TCU BKN300 32/26 Q1009 NOSIG
2026-04-08 07:58 UTC,METAR WSSS 080730Z 18009KT 9999 FEW020CB BKN300 32/25 Q1008 NOSIG
2026-04-08 09:06 UTC,METAR WSSS 080900Z 16008KT 130V190 9999 VCSH FEW017CB FEW018TCU BKN300 31/25 Q1008 NOSIG
2026-04-08 10:35 UTC,METAR WSSS 081030Z 07009KT 9999 VCTS FEW017CB FEW018TCU SCT070 30/25 Q1009 BECMG FM1130 TL1200 NSW
2026-04-08 11:51 UTC,METAR WSSS 081130Z 36011KT 9999 -TSRA FEW017CB FEW018TCU SCT300 27/23 Q1009 BECMG TL1200 NSW
2026-04-08 13:13 UTC,METAR WSSS 081300Z 34006KT 9999 FEW018 SCT300 27/24 Q1010 NOSIG
2026-04-08 14:51 UTC,METAR WSSS 081430Z 34004KT 9999 FEW018 BKN300 26/22 Q1011 NOSIG
2026-04-08 16:12 UTC,METAR WSSS 081600Z 32003KT 9999 FEW018 BKN300 26/22 Q1011 NOSIG
2026-04-08 17:38 UTC,METAR WSSS 081730Z 33004KT 9999 FEW018 BKN300 26/23 Q1011 NOSIG
2026-04-08 19:10 UTC,METAR WSSS 081900Z 34002KT 9999 FEW018 BKN300 25/23 Q1010 NOSIG
2026-04-08 20:07 UTC,METAR WSSS 082000Z 36003KT 9999 FEW018 BKN300 25/24 Q1009 NOSIG
2026-04-08 21:08 UTC,METAR WSSS 082100Z 32003KT 9999 FEW018 BKN300 26/24 Q1009 NOSIG
2026-04-08 22:05 UTC,METAR WSSS 082200Z 00000KT 9999 FEW018 FEW020CB BKN300 26/24 Q1010 NOSIG
2026-04-08 23:06 UTC,METAR WSSS 082300Z VRB01KT 8000 FEW018 FEW020TCU BKN300 26/24 Q1010 NOSIG
2026-04-08 23:58 UTC,METAR WSSS 082330Z VRB01KT 7000 FEW018 FEW020TCU BKN300 26/24 Q1011 NOSIG
2026-04-09 02:40 UTC,METAR WSSS 090230Z 16007KT 6000 -TSRA FEW014 FEW016CB SCT018TCU 28/25 Q1013 BECMG FM0245 TL0300 NSW
2026-04-09 05:05 UTC,METAR WSSS 090500Z 17009KT 8000 FEW016 FEW018TCU SCT160 29/26 Q1011 NOSIG
2026-04-09 06:53 UTC,METAR WSSS 090630Z 17005KT 7000 FEW018 SCT170 BKN260 28/26 Q1010 NOSIG
2026-04-09 08:17 UTC,METAR WSSS 090800Z 10005KT 040V120 7000 FEW018 SCT170 BKN270 29/25 Q1009 NOSIG
2026-04-09 09:46 UTC,METAR WSSS 090930Z 10004KT 060V120 6000 FEW020 SCT170 BKN280 29/25 Q1009 NOSIG
2026-04-09 10:55 UTC,METAR WSSS 091030Z 10005KT 070V130 8000 FEW020 BKN280 29/25 Q1009 NOSIG
2026-04-09 11:52 UTC,METAR WSSS 091130Z 11004KT 070V140 6000 FEW018 BKN280 28/25 Q1009 NOSIG
2026-04-09 13:17 UTC,METAR WSSS 091300Z 34003KT 9999 FEW018 SCT280 27/25 Q1010 NOSIG
2026-04-09 15:04 UTC,METAR WSSS 091500Z 34002KT 9999 FEW018 BKN300 26/25 Q1012 NOSIG
2026-04-09 16:46 UTC,METAR WSSS 091630Z 00000KT 9999 FEW018 BKN300 27/24 Q1013 NOSIG
2026-04-09 17:55 UTC,METAR WSSS 091730Z VRB02KT 9999 FEW018 FEW020CB BKN300 26/25 Q1012 NOSIG
2026-04-09 19:02 UTC,METAR WSSS 091900Z 34002KT 9999 FEW018 BKN300 26/24 Q1011 NOSIG
2026-04-09 20:10 UTC,METAR WSSS 092000Z 31003KT 9999 FEW018 BKN300 26/25 Q1011 NOSIG
2026-04-09 21:07 UTC,METAR WSSS 092100Z 32003KT 9000 FEW018CB BKN300 26/25 Q1011 TEMPO FM2145 TL2245 25012KT 4000 SHRA
2026-04-09 22:03 UTC,METAR WSSS 092130Z 32003KT 8000 FEW018CB SCT030 BKN300 26/25 Q1010 TEMPO FM2145 TL2245 25012G25KT 3000 TSRA
2026-04-09 23:06 UTC,METAR WSSS 092300Z VRB01KT 6000 FEW017TCU SCT060 BKN300 26/25 Q1011 RETS NOSIG
2026-04-09 23:59 UTC,METAR WSSS 092330Z VRB02KT 6000 FEW018TCU SCT060 BKN300 26/25 Q1011 NOSIG
2026-04-10 03:27 UTC,METAR WSSS 100300Z 05005KT 360V100 9999 FEW020 BKN300 31/23 Q1012 NOSIG
2026-04-10 05:36 UTC,METAR WSSS 100530Z 17008KT 130V200 9999 FEW020 BKN280 31/24 Q1011 NOSIG
2026-04-10 07:21 UTC,METAR WSSS 100700Z 18007KT 9999 FEW018TCU SCT280 32/24 Q1009 NOSIG
2026-04-10 08:51 UTC,METAR WSSS 100830Z 18008KT 9999 FEW018TCU SCT280 BKN300 31/23 Q1008 NOSIG
2026-04-10 10:05 UTC,METAR WSSS 101000Z 35006KT 280V040 9999 VCTS FEW014 FEW017CB FEW018TCU SCT040 29/24 Q1009 BECMG FM1015 TL1030 NSW
2026-04-10 11:25 UTC,METAR WSSS 101100Z 35004KT 9999 FEW018 FEW020TCU BKN270 28/24 Q1010 NOSIG
2026-04-10 12:04 UTC,METAR WSSS 101200Z 03008KT 9999 FEW018TCU SCT270 29/25 Q1010 NOSIG
2026-04-10 13:53 UTC,METAR WSSS 101330Z 05005KT 010V100 9999 FEW018TCU SCT150 BKN300 29/25 Q1011 NOSIG
2026-04-10 14:43 UTC,METAR WSSS 101430Z 05005KT 030V090 9999 FEW018 BKN180 29/25 Q1012 NOSIG
2026-04-10 15:47 UTC,METAR WSSS 101530Z 02005KT 330V080 9999 FEW018 BKN170 29/25 Q1012 NOSIG
2026-04-10 16:45 UTC,METAR WSSS 101630Z 36003KT 330V070 9999 FEW018 BKN300 28/25 Q1012 NOSIG
2026-04-10 17:43 UTC,METAR WSSS 101730Z 04006KT 9999 FEW018 BKN300 28/25 Q1011 NOSIG
2026-04-10 18:44 UTC,METAR WSSS 101830Z 04004KT 360V070 9999 FEW018 BKN300 28/25 Q1010 NOSIG
2026-04-10 19:40 UTC,METAR WSSS 101930Z VRB02KT 9999 FEW018 BKN300 27/25 Q1010 NOSIG
2026-04-10 20:31 UTC,METAR WSSS 102030Z VRB02KT 9999 FEW018 BKN300 27/25 Q1010 NOSIG
2026-04-10 21:33 UTC,METAR WSSS 102130Z 03003KT 340V080 9999 FEW018 BKN300 28/25 Q1010 NOSIG
2026-04-10 22:32 UTC,METAR WSSS 102230Z 05005KT 020V080 9999 FEW018 BKN300 28/25 Q1010 NOSIG
2026-04-10 23:30 UTC,METAR WSSS 102300Z 10005KT 070V130 9999 FEW016 FEW018TCU BKN300 28/25 Q1010 NOSIG
2026-04-11 01:56 UTC,METAR WSSS 110130Z VRB03KT 8000 -SHRA FEW015 FEW017TCU FEW020CB SCT300 29/26 Q1012 NOSIG
2026-04-11 04:21 UTC,METAR WSSS 110400Z VRB05KT 9999 FEW018TCU FEW020CB SCT300 32/24 Q1011 NOSIG
2026-04-11 05:43 UTC,METAR WSSS 110530Z 18004KT 120V250 9999 FEW018TCU SCT270 31/25 Q1010 NOSIG
2026-04-11 06:56 UTC,METAR WSSS 110630Z 16008KT 9999 FEW020TCU SCT030 30/25 Q1008 NOSIG
2026-04-11 07:48 UTC,METAR WSSS 110730Z 15008KT 110V190 9999 FEW020TCU SCT270 31/26 Q1008 NOSIG
2026-04-11 08:37 UTC,METAR WSSS 110830Z 16007KT 9999 VCSH FEW016 FEW018TCU SCT025 30/25 Q1007 NOSIG
2026-04-11 09:36 UTC,METAR WSSS 110930Z 13005KT 080V160 9000 -SHRA FEW014 SCT017TCU FEW018CB 30/25 Q1007 TEMPO FM0950 TL1040 4000 TSRA
2026-04-11 10:30 UTC,METAR WSSS 111000Z 17006KT 4500 -TSRA FEW012 FEW015CB SCT016TCU 29/26 Q1008 BECMG FM1050 TL1100 6000 NSW
2026-04-11 11:03 UTC,METAR WSSS 111100Z 10005KT 6000 -TSRA FEW013 FEW015CB FEW016TCU SCT025 28/26 Q1008 BECMG TL1115 NSW
2026-04-11 11:52 UTC,METAR WSSS 111130Z 14005KT 7000 -TSRA FEW013 FEW015CB FEW016TCU BKN160 28/26 Q1008 BECMG FM1200 TL1215 NSW
2026-04-11 12:50 UTC,METAR WSSS 111230Z 08006KT 8000 -TSRA FEW016CB FEW018TCU BKN160 28/25 Q1010 BECMG FM1315 TL1330 NSW
2026-04-11 13:52 UTC,METAR WSSS 111330Z 14004KT 8000 -RA FEW018CB SCT040 BKN160 27/25 Q1010 NOSIG
2026-04-11 14:33 UTC,METAR WSSS 111430Z 11006KT 9999 FEW016 SCT050 28/25 Q1011 NOSIG
2026-04-11 15:29 UTC,METAR WSSS 111500Z 12007KT 9999 FEW016 BKN270 27/25 Q1011 NOSIG
2026-04-11 15:59 UTC,METAR WSSS 111530Z 11004KT 080V150 9999 FEW018 BKN270 27/24 Q1011 NOSIG
2026-04-11 16:46 UTC,METAR WSSS 111630Z 15004KT 110V190 9999 FEW018 BKN280 27/25 Q1011 NOSIG
2026-04-11 17:27 UTC,METAR WSSS 111700Z 15004KT 9999 FEW018 SCT050 BKN280 28/23 Q1011 NOSIG
2026-04-11 17:58 UTC,METAR WSSS 111730Z 00000KT 9999 FEW018 BKN280 27/24 Q1010 NOSIG
2026-04-11 18:52 UTC,METAR WSSS 111830Z 34001KT 9999 FEW018 SCT280 26/23 Q1009 NOSIG
2026-04-11 19:32 UTC,METAR WSSS 111930Z VRB01KT 9999 FEW018 BKN280 26/24 Q1009 NOSIG
2026-04-11 20:27 UTC,METAR WSSS 112000Z VRB03KT 9999 FEW018 BKN280 28/24 Q1008 NOSIG
2026-04-11 21:00 UTC,METAR WSSS 112030Z VRB02KT 9999 FEW018 BKN300 27/25 Q1008 NOSIG
2026-04-11 21:55 UTC,METAR WSSS 112130Z VRB02KT 9999 FEW018 BKN300 27/25 Q1009 NOSIG
2026-04-11 22:28 UTC,METAR WSSS 112200Z VRB02KT 9999 FEW018 SCT150 BKN300 27/25 Q1009 NOSIG
2026-04-11 23:01 UTC,METAR WSSS 112300Z 10006KT 9999 FEW018 FEW020TCU BKN300 28/25 Q1009 NOSIG
2026-04-11 23:57 UTC,METAR WSSS 112330Z 11003KT 9999 FEW018 FEW020TCU BKN300 28/25 Q1010 NOSIG
2026-04-12 02:46 UTC,METAR WSSS 120230Z 13006KT 090V170 9999 SCT016 FEW018CB BKN300 30/26 Q1011 NOSIG
2026-04-12 05:19 UTC,METAR WSSS 120500Z 19009KT 9999 FEW016 FEW018TCU FEW020CB SCT180 28/24 Q1010 NOSIG
2026-04-12 06:52 UTC,METAR WSSS 120630Z 16005KT 130V190 9999 FEW018 FEW020TCU SCT190 28/24 Q1009 NOSIG
2026-04-12 08:00 UTC,METAR WSSS 120730Z 19004KT 9999 FEW018 SCT200 28/23 Q1007 NOSIG
2026-04-12 09:10 UTC,METAR WSSS 120900Z 12003KT 080V180 9999 FEW020 BKN280 30/23 Q1007 NOSIG
2026-04-12 10:05 UTC,METAR WSSS 121000Z VRB02KT 9999 FEW020 BKN300 30/23 Q1007 NOSIG
2026-04-12 11:04 UTC,METAR WSSS 121100Z VRB02KT 9999 FEW018 FEW020CB BKN300 28/24 Q1007 NOSIG
2026-04-12 11:54 UTC,METAR WSSS 121130Z 09003KT 040V130 9999 FEW018 BKN300 29/24 Q1008 NOSIG
2026-04-12 12:53 UTC,METAR WSSS 121230Z 32002KT 9999 FEW018 BKN300 27/24 Q1008 NOSIG
2026-04-12 13:57 UTC,SPECI WSSS 121341Z 11004KT 070V160 9999 FEW018 BKN300 28/24 Q1009 NOSIG
2026-04-12 14:42 UTC,METAR WSSS 121430Z 10003KT 080V140 9000 FEW018 BKN300 28/24 Q1010 NOSIG
2026-04-12 15:32 UTC,METAR WSSS 121530Z 10005KT 9999 FEW018 BKN300 28/25 Q1011 NOSIG
2026-04-12 16:33 UTC,METAR WSSS 121630Z 10005KT 9999 FEW018 BKN300 28/25 Q1011 NOSIG
2026-04-12 17:30 UTC,METAR WSSS 121700Z 11003KT 060V140 9999 FEW018 BKN300 28/25 Q1011 NOSIG
2026-04-12 18:40 UTC,METAR WSSS 121830Z 11005KT 9999 FEW016 BKN300 28/26 Q1010 NOSIG
2026-04-12 19:36 UTC,METAR WSSS 121930Z 11004KT 9999 FEW016 BKN300 28/26 Q1009 NOSIG
2026-04-12 20:30 UTC,METAR WSSS 122000Z 08005KT 9999 FEW016 BKN300 28/26 Q1009 NOSIG
2026-04-12 21:30 UTC,METAR WSSS 122100Z 09006KT 9999 FEW016 SCT160 BKN300 28/26 Q1008 NOSIG
2026-04-12 22:28 UTC,METAR WSSS 122200Z 08005KT 9999 FEW016 BKN300 28/25 Q1009 NOSIG
2026-04-12 23:03 UTC,METAR WSSS 122300Z 04006KT 020V090 9999 FEW016 BKN300 28/26 Q1009 NOSIG
2026-04-12 23:58 UTC,METAR WSSS 122330Z 05004KT 360V130 9999 FEW016 BKN300 28/25 Q1010 NOSIG
2026-04-13 03:33 UTC,METAR WSSS 130330Z 09010KT 060V130 9999 FEW018 BKN300 32/26 Q1011 NOSIG
2026-04-13 06:10 UTC,METAR WSSS 130600Z 09008KT 030V110 9999 FEW018TCU FEW020CB BKN300 33/24 Q1009 NOSIG
2026-04-13 08:26 UTC,METAR WSSS 130800Z 10011KT 9999 FEW018TCU FEW020CB BKN300 31/25 Q1007 NOSIG
2026-04-13 10:13 UTC,METAR WSSS 131000Z 11012KT 9999 FEW018 FEW020CB BKN180 29/25 Q1008 NOSIG
2026-04-13 11:48 UTC,METAR WSSS 131130Z 12004KT 080V210 9999 FEW018 SCT150 BKN180 29/24 Q1009 NOSIG
2026-04-13 13:17 UTC,METAR WSSS 131300Z 03007KT 9999 FEW018 SCT140 29/25 Q1009 NOSIG
2026-04-13 14:59 UTC,METAR WSSS 131430Z 10004KT 060V130 9999 FEW018 BKN130 29/25 Q1011 NOSIG
2026-04-13 16:18 UTC,METAR WSSS 131600Z 11004KT 030V150 9999 FEW016 BKN140 29/26 Q1011 NOSIG
2026-04-13 17:36 UTC,METAR WSSS 131730Z 10004KT 9999 FEW016 BKN140 29/25 Q1010 NOSIG
2026-04-13 19:08 UTC,METAR WSSS 131900Z 09005KT 060V120 9999 FEW018 BKN150 29/26 Q1009 NOSIG
2026-04-13 20:30 UTC,METAR WSSS 132000Z 09004KT 030V120 9999 FEW018 BKN150 29/26 Q1008 NOSIG
2026-04-13 21:43 UTC,METAR WSSS 132130Z VRB03KT 9999 FEW016 BKN150 29/26 Q1009 NOSIG
2026-04-13 22:39 UTC,METAR WSSS 132230Z 10005KT 040V130 9999 FEW016 SCT150 BKN300 29/26 Q1009 NOSIG
2026-04-13 23:38 UTC,METAR WSSS 132330Z 10005KT 9999 FEW016 BKN300 29/26 Q1010 NOSIG
2026-04-14 02:08 UTC,METAR WSSS 140200Z 07006KT 020V110 9999 FEW016 BKN300 31/25 Q1011 NOSIG
2026-04-14 05:08 UTC,METAR WSSS 140500Z 18005KT 130V300 9999 FEW018 FEW020TCU BKN300 32/24 Q1010 NOSIG
2026-04-14 07:05 UTC,METAR WSSS 140700Z 17012KT 9999 TS FEW017CB FEW018TCU SCT040 BKN300 32/25 Q1008 BECMG FM0720 TL0730 NSW
2026-04-14 08:59 UTC,SPECI WSSS 140833Z 16008KT 130V200 9999 TS FEW017CB FEW018TCU BKN300 32/24 Q1007 TEMPO FM0930 TL1020 3000 TSRA
2026-04-14 10:22 UTC,METAR WSSS 141000Z 34008KT 9999 FEW017CB FEW018TCU SCT030 29/24 Q1007 NOSIG
2026-04-14 11:35 UTC,METAR WSSS 141130Z 35005KT 9999 FEW016 BKN300 27/25 Q1008 NOSIG
2026-04-14 13:17 UTC,METAR WSSS 141300Z 34004KT 300V010 9999 FEW016 FEW018CB BKN300 28/25 Q1010 NOSIG
2026-04-14 14:59 UTC,METAR WSSS 141430Z VRB01KT 9999 FEW016 FEW018CB BKN300 27/26 Q1010 NOSIG
2026-04-14 16:15 UTC,METAR WSSS 141600Z 16004KT 110V200 9999 FEW018 BKN300 29/25 Q1011 NOSIG
2026-04-14 17:41 UTC,METAR WSSS 141730Z 18004KT 140V200 9999 FEW018 BKN300 28/25 Q1010 NOSIG
2026-04-14 19:07 UTC,METAR WSSS 141900Z 20004KT 9999 FEW018 BKN300 27/25 Q1009 NOSIG
2026-04-14 20:29 UTC,METAR WSSS 142000Z 21003KT 9999 SCT018 BKN300 27/25 Q1008 NOSIG
2026-04-14 21:26 UTC,METAR WSSS 142100Z 00000KT 9999 SCT018 BKN300 27/24 Q1008 NOSIG
2026-04-14 22:10 UTC,METAR WSSS 142200Z VRB02KT 9999 SCT018 BKN300 28/24 Q1008 NOSIG
2026-04-14 23:09 UTC,METAR WSSS 142300Z VRB01KT 9999 FEW018TCU SCT020 BKN300 28/25 Q1009 NOSIG
2026-04-15 00:05 UTC,METAR WSSS 150000Z 26003KT 190V310 8000 FEW018TCU FEW020CB BKN300 28/25 Q1010 NOSIG
2026-04-15 03:46 UTC,METAR WSSS 150330Z 17009KT 9999 FEW015 FEW017TCU FEW018CB BKN270 28/24 Q1011 NOSIG
2026-04-15 05:57 UTC,METAR WSSS 150530Z 16005KT 110V190 9999 FEW018 BKN280 30/24 Q1009 NOSIG
2026-04-15 07:52 UTC,METAR WSSS 150730Z 17007KT 9999 FEW020TCU BKN280 31/23 Q1007 NOSIG
2026-04-15 09:14 UTC,METAR WSSS 150900Z 16008KT 9999 FEW020TCU BKN300 31/23 Q1007 NOSIG
2026-04-15 10:41 UTC,METAR WSSS 151030Z 18005KT 9999 FEW018 FEW020TCU BKN300 30/24 Q1007 NOSIG
2026-04-15 11:53 UTC,METAR WSSS 151130Z 17005KT 9999 FEW018 BKN300 29/24 Q1008 NOSIG
2026-04-15 13:16 UTC,METAR WSSS 151300Z 16005KT 9999 FEW016 BKN300 28/24 Q1008 NOSIG
2026-04-15 14:52 UTC,METAR WSSS 151430Z 15005KT 9999 FEW016 BKN300 29/24 Q1009 NOSIG
2026-04-15 16:01 UTC,METAR WSSS 151600Z 13003KT 100V180 9999 FEW016 BKN300 28/24 Q1010 NOSIG
2026-04-15 17:37 UTC,METAR WSSS 151730Z VRB02KT 9999 FEW016 BKN300 27/24 Q1009 NOSIG
2026-04-15 19:10 UTC,METAR WSSS 151900Z VRB02KT 9999 FEW016 BKN300 27/25 Q1008 NOSIG
2026-04-15 20:12 UTC,METAR WSSS 152000Z 20001KT 9999 FEW016 BKN300 27/24 Q1008 NOSIG
2026-04-15 21:12 UTC,METAR WSSS 152100Z 21002KT 6000 FEW016 BKN300 26/24 Q1008 NOSIG
2026-04-15 22:08 UTC,METAR WSSS 152200Z 19002KT 6000 FEW016 BKN300 27/23 Q1008 NOSIG
2026-04-15 23:08 UTC,METAR WSSS 152300Z VRB02KT 9000 FEW016 BKN300 27/24 Q1008 NOSIG
2026-04-16 00:05 UTC,METAR WSSS 160000Z 18003KT 110V200 9999 FEW016 BKN300 29/25 Q1009 NOSIG
2026-04-16 03:52 UTC,METAR WSSS 160330Z 11007KT 080V140 9999 FEW018TCU BKN300 32/23 Q1010 NOSIG
2026-04-16 05:58 UTC,METAR WSSS 160530Z 19008KT 130V220 9999 VCSH FEW018CB SCT020 BKN300 33/24 Q1009 NOSIG
2026-04-16 07:56 UTC,METAR WSSS 160330Z 11007KT 080V140 9999 FEW018TCU BKN300 32/23 Q1010 NOSIG
2026-04-16 09:19 UTC,METAR WSSS 132330Z 10005KT 9999 FEW016 BKN300 29/26 Q1010 NOSIG
2026-04-16 11:56 UTC,METAR WSSS 161130Z 10007KT 9999 FEW018 FEW020TCU SCT280 29/25 Q1007 NOSIG
2026-04-16 13:42 UTC,METAR WSSS 161330Z 09004KT 060V120 9999 FEW018 BKN300 29/25 Q1009 NOSIG
2026-04-16 15:22 UTC,METAR WSSS 161500Z 09006KT 9999 FEW018 BKN300 29/25 Q1010 NOSIG
2026-04-16 16:53 UTC,METAR WSSS 161630Z 06005KT 9999 FEW016 BKN300 29/25 Q1010 NOSIG
2026-04-16 18:05 UTC,METAR WSSS 161800Z 08004KT 020V170 9999 FEW016 BKN300 29/26 Q1009 NOSIG
2026-04-16 19:43 UTC,METAR WSSS 161930Z 07004KT 030V090 9999 FEW016 BKN300 29/25 Q1008 NOSIG
2026-04-16 20:43 UTC,METAR WSSS 162030Z 06004KT 030V130 9999 FEW016 BKN300 28/25 Q1008 NOSIG
2026-04-16 21:38 UTC,METAR WSSS 162130Z VRB02KT 9999 SCT016 BKN300 28/25 Q1008 NOSIG
2026-04-16 22:35 UTC,METAR WSSS 162230Z 10003KT 080V150 9999 FEW016 FEW018TCU FEW020CB BKN300 28/25 Q1008 NOSIG
2026-04-16 23:36 UTC,METAR WSSS 162330Z 14005KT 9999 FEW016 FEW018TCU FEW020CB BKN300 28/25 Q1009 NOSIG
2026-04-17 02:09 UTC,METAR WSSS 170200Z 15007KT 9999 SCT018 FEW020TCU BKN300 31/25 Q1011 NOSIG
2026-04-17 05:14 UTC,METAR WSSS 170500Z 16009KT 110V190 9999 VCSH FEW017TCU FEW018CB SCT030 BKN300 32/25 Q1010 NOSIG
2026-04-17 07:09 UTC,METAR WSSS 170700Z 16009KT 120V190 9999 SCT018 FEW020TCU BKN300 32/25 Q1008 NOSIG
2026-04-17 08:59 UTC,METAR WSSS 170830Z VRB06G16KT 9999 FEW018 BKN160 30/25 Q1007 NOSIG
2026-04-17 10:19 UTC,METAR WSSS 171000Z 09006KT 030V140 9999 FEW018 BKN300 30/24 Q1006 NOSIG
2026-04-17 11:28 UTC,METAR WSSS 171100Z 08007KT 010V120 9999 FEW018 BKN300 30/24 Q1006 NOSIG
2026-04-17 12:09 UTC,METAR WSSS 171200Z 06006KT 350V080 9999 FEW016 BKN300 29/24 Q1007 NOSIG
2026-04-17 14:02 UTC,METAR WSSS 171400Z 05005KT 020V090 9999 FEW018 BKN300 29/25 Q1009 NOSIG
2026-04-17 15:34 UTC,METAR WSSS 171530Z 08004KT 010V130 9999 FEW016 BKN300 29/25 Q1010 NOSIG
2026-04-17 16:51 UTC,METAR WSSS 171630Z VRB03KT 9999 FEW018 BKN300 29/25 Q1010 NOSIG
2026-04-17 17:46 UTC,METAR WSSS 171730Z VRB02KT 9999 FEW016 BKN300 27/25 Q1009 NOSIG
2026-04-17 18:54 UTC,METAR WSSS 171830Z VRB02KT 9999 FEW016 BKN300 27/25 Q1009 NOSIG
2026-04-17 19:56 UTC,METAR WSSS 171930Z 34002KT 9999 FEW016 BKN300 27/25 Q1008 NOSIG
2026-04-17 20:41 UTC,METAR WSSS 172030Z 33003KT 9999 FEW014 BKN300 27/26 Q1008 NOSIG
2026-04-17 21:37 UTC,METAR WSSS 172130Z 33002KT 9999 FEW016 BKN300 26/25 Q1008 NOSIG
2026-04-17 22:34 UTC,METAR WSSS 172230Z VRB02KT 9000 FEW016 BKN300 27/25 Q1008 NOSIG
2026-04-17 23:35 UTC,METAR WSSS 172330Z 33003KT 300V010 7000 FEW018TCU BKN300 27/26 Q1009 NOSIG
2026-04-18 02:00 UTC,METAR WSSS 180130Z 02006KT 330V070 9999 FEW016 BKN300 30/24 Q1009 NOSIG
2026-04-18 04:43 UTC,METAR WSSS 180430Z 07007KT 360V130 9999 FEW020TCU BKN300 32/25 Q1009 NOSIG
2026-04-18 06:11 UTC,METAR WSSS 180600Z 03008KT 9999 FEW018CB FEW020TCU BKN300 33/24 Q1008 NOSIG
2026-04-18 07:39 UTC,METAR WSSS 180730Z 11009KT 040V160 9999 FEW018CB FEW020TCU BKN300 32/23 Q1007 NOSIG
2026-04-18 08:42 UTC,METAR WSSS 180830Z 09008KT 020V120 9999 FEW018CB FEW020TCU SCT060 BKN300 31/25 Q1006 TEMPO FM0845 TL0930 4000 SHRA
2026-04-18 09:42 UTC,METAR WSSS 180930Z 30005KT 180V350 9999 FEW016 FEW018TCU SCT040 28/24 Q1007 NOSIG
2026-04-18 10:36 UTC,METAR WSSS 181030Z VRB01KT 9999 FEW016 FEW018TCU SCT040 28/26 Q1007 NOSIG
2026-04-18 11:31 UTC,METAR WSSS 181130Z 33004KT 9999 FEW016 BKN300 28/25 Q1008 NOSIG
2026-04-18 12:54 UTC,METAR WSSS 181230Z VRB02KT 9999 FEW018 BKN300 28/25 Q1008 NOSIG
2026-04-18 13:59 UTC,METAR WSSS 181330Z 05005KT 010V110 9999 FEW018 BKN300 29/25 Q1009 NOSIG
2026-04-18 14:49 UTC,METAR WSSS 181430Z 36004KT 320V050 9999 FEW018 BKN300 28/25 Q1009 NOSIG
2026-04-18 15:34 UTC,METAR WSSS 181530Z 04006G16KT 340V070 9999 FEW018 BKN300 29/25 Q1010 NOSIG
2026-04-18 16:34 UTC,METAR WSSS 181630Z 35004KT 300V070 9999 FEW018 BKN300 28/25 Q1010 NOSIG
2026-04-18 17:33 UTC,METAR WSSS 181730Z 34003KT 9999 FEW018 BKN300 28/25 Q1009 NOSIG
2026-04-18 18:41 UTC,METAR WSSS 181830Z 33002KT 9999 FEW018 BKN300 27/26 Q1009 NOSIG
2026-04-18 19:37 UTC,METAR WSSS 181930Z 33002KT 9999 FEW018 FEW020CB BKN300 27/25 Q1008 NOSIG
2026-04-18 20:31 UTC,METAR WSSS 182030Z VRB02KT 9999 FEW018 FEW020CB BKN300 27/25 Q1008 NOSIG
2026-04-18 21:30 UTC,METAR WSSS 182100Z 36002KT 9999 FEW018 BKN300 27/25 Q1008 NOSIG
2026-04-18 22:29 UTC,METAR WSSS 182200Z 34003KT 9999 FEW014 BKN300 27/25 Q1008 NOSIG
2026-04-18 23:05 UTC,METAR WSSS 182300Z 32003KT 9999 FEW018 BKN300 27/25 Q1008 NOSIG
2026-04-18 23:58 UTC,METAR WSSS 182330Z 33003KT 9999 FEW018 BKN300 27/25 Q1009 NOSIG
2026-04-19 03:30 UTC,METAR WSSS 190300Z 08006KT 020V150 9999 FEW016 FEW018TCU BKN300 32/25 Q1010 NOSIG
2026-04-19 05:55 UTC,METAR WSSS 190530Z VRB04KT 7000 -SHRA FEW014 SCT016TCU FEW018CB 31/25 Q1008 NOSIG
2026-04-19 07:15 UTC,METAR WSSS 190700Z 04008KT 9000 VCSH FEW014 SCT016TCU FEW018CB 31/24 Q1007 NOSIG
2026-04-19 08:30 UTC,METAR WSSS 190800Z 06009KT 020V100 9000 VCTS FEW014 FEW015CB SCT017TCU 30/25 Q1006 BECMG TL0815 NSW
2026-04-19 09:42 UTC,METAR WSSS 190930Z 23007KT 190V280 4000 -TSRA FEW013 FEW015CB FEW016TCU SCT160 27/25 Q1007 BECMG FM0945 TL1000 6000 NSW
2026-04-19 10:35 UTC,METAR WSSS 191030Z 36009KT 330V040 2000 TSRA FEW010 FEW013CB SCT014TCU BKN140 26/23 Q1008 RESHRA BECMG FM1050 TL1100 4000 BECMG FM1110 TL1120 6000 NSW
2026-04-19 11:32 UTC,METAR WSSS 191130Z VRB01KT 8000 -SHRA FEW016TCU FEW018CB BKN150 25/24 Q1008 RETS NOSIG
2026-04-19 12:53 UTC,METAR WSSS 191230Z 32005KT 9000 -RA FEW016 BKN160 27/25 Q1009 NOSIG
2026-04-19 13:57 UTC,METAR WSSS 191330Z 33002KT 6000 FEW016 BKN270 26/25 Q1009 NOSIG
2026-04-19 14:42 UTC,METAR WSSS 191430Z VRB02KT 6000 FEW016 BKN270 26/25 Q1009 NOSIG
2026-04-19 15:34 UTC,METAR WSSS 191530Z 32004KT 8000 FEW016 BKN270 26/25 Q1010 NOSIG
2026-04-19 16:35 UTC,METAR WSSS 191630Z 34004KT 6000 FEW016 BKN270 26/25 Q1010 NOSIG
2026-04-19 17:32 UTC,METAR WSSS 191730Z 33004KT 9000 FEW016 BKN270 26/25 Q1009 NOSIG
2026-04-19 18:41 UTC,METAR WSSS 191830Z 32004KT 9999 FEW016 SCT280 27/25 Q1009 NOSIG
2026-04-19 19:38 UTC,METAR WSSS 191930Z 32003KT 300V010 9999 FEW016 BKN300 26/24 Q1009 NOSIG
2026-04-19 20:32 UTC,METAR WSSS 192030Z 33003KT 9999 FEW016 FEW018CB BKN300 25/24 Q1008 NOSIG
2026-04-19 21:31 UTC,METAR WSSS 192130Z 32004KT 9999 FEW016 FEW018CB BKN300 26/25 Q1008 NOSIG
2026-04-19 22:30 UTC,METAR WSSS 192200Z 33003KT 9999 FEW016 FEW018CB BKN300 26/25 Q1008 NOSIG
2026-04-19 23:31 UTC,METAR WSSS 192330Z 34003KT 9999 FEW016 FEW018TCU BKN300 26/25 Q1009 NOSIG
2026-04-20 02:13 UTC,METAR WSSS 200200Z 36008KT 9999 FEW018 FEW020TCU BKN300 29/25 Q1011 NOSIG
2026-04-20 05:24 UTC,METAR WSSS 200500Z 06008KT 020V100 9999 SCT018 BKN300 31/25 Q1009 NOSIG
2026-04-20 07:26 UTC,METAR WSSS 200700Z 03008KT 360V060 9999 FEW018TCU SCT020 BKN300 32/24 Q1006 NOSIG
2026-04-20 09:24 UTC,METAR WSSS 200900Z 04011KT 9999 FEW018CB FEW020TCU BKN300 31/25 Q1006 NOSIG
2026-04-20 11:02 UTC,METAR WSSS 201100Z 04007KT 010V080 9999 FEW017CB FEW018TCU SCT170 29/25 Q1007 NOSIG
2026-04-20 12:45 UTC,METAR WSSS 201230Z 04007KT 9999 TS FEW015 FEW017CB FEW018TCU SCT025 29/25 Q1008 BECMG TL1245 NSW
2026-04-20 14:45 UTC,METAR WSSS 201430Z 35005KT 9999 FEW016 SCT280 27/25 Q1009 NOSIG
2026-04-20 16:04 UTC,METAR WSSS 201600Z 35003KT 9999 FEW016 SCT070 27/25 Q1010 NOSIG
2026-04-20 17:34 UTC,METAR WSSS 201730Z 35003KT 310V010 9999 FEW016 SCT280 27/25 Q1009 NOSIG
2026-04-20 18:58 UTC,METAR WSSS 201830Z 32002KT 9999 FEW016 FEW020CB SCT080 27/25 Q1009 NOSIG
2026-04-20 20:01 UTC,METAR WSSS 202000Z 33004KT 9999 FEW018 FEW020CB BKN300 27/25 Q1008 NOSIG
2026-04-20 21:08 UTC,METAR WSSS 202100Z 33003KT 9999 FEW016 BKN300 27/25 Q1008 NOSIG
2026-04-20 22:06 UTC,METAR WSSS 202200Z VRB02KT 8000 FEW016 BKN300 27/25 Q1008 NOSIG
2026-04-20 23:07 UTC,METAR WSSS 202300Z VRB01KT 6000 FEW016 FEW020TCU BKN300 26/25 Q1008 NOSIG
2026-04-21 00:04 UTC,METAR WSSS 210000Z VRB02KT 9000 FEW018TCU FEW020CB BKN300 28/25 Q1009 NOSIG
2026-04-21 03:49 UTC,SPECI WSSS 210341Z 32009KT 300V360 3000 +TSRA FEW015 FEW017CB FEW018TCU BKN030 26/24 Q1010 BECMG FM0400 TL0415 6000 NSW
2026-04-21 05:59 UTC,METAR WSSS 210530Z 19009KT 9999 4000E -TSRA FEW015 FEW017CB FEW018TCU BKN040 27/24 Q1009 TEMPO TL0620 3500 TSRA BECMG FM0645 TL0710 NSW
2026-04-21 08:04 UTC,METAR WSSS 210800Z 33005KT 9999 -TSRA FEW014 FEW017CB FEW018TCU BKN160 25/24 Q1008 BECMG TL0820 NSW
2026-04-21 09:57 UTC,METAR WSSS 210930Z 33003KT 9999 -RA FEW018 BKN160 25/24 Q1008 NOSIG
2026-04-21 11:09 UTC,METAR WSSS 211100Z VRB02KT 9999 -RA FEW018 BKN170 26/24 Q1008 NOSIG
2026-04-21 12:12 UTC,METAR WSSS 211200Z 24002KT 9999 FEW018 BKN160 26/24 Q1008 NOSIG
2026-04-21 14:13 UTC,METAR WSSS 211400Z VRB02KT 9999 FEW018 SCT160 BKN300 25/24 Q1009 NOSIG
2026-04-21 15:50 UTC,METAR WSSS 211530Z 00000KT 9999 FEW018 SCT170 BKN300 25/24 Q1010 NOSIG
2026-04-21 16:55 UTC,METAR WSSS 211630Z VRB01KT 9999 FEW016 SCT170 BKN300 25/24 Q1010 NOSIG
2026-04-21 17:57 UTC,METAR WSSS 211730Z VRB01KT 9000 FEW016 SCT160 BKN300 25/25 Q1010 NOSIG
2026-04-21 19:16 UTC,METAR WSSS 211900Z VRB01KT 9999 FEW016 BKN150 25/25 Q1008 NOSIG
2026-04-21 20:14 UTC,METAR WSSS 212000Z 31002KT 9999 FEW016 SCT150 BKN300 25/24 Q1008 NOSIG
2026-04-21 21:09 UTC,METAR WSSS 212100Z 36002KT 8000 FEW016 SCT150 BKN300 25/25 Q1007 NOSIG
2026-04-21 22:06 UTC,METAR WSSS 212200Z 34003KT 5000 BR FEW016 SCT150 BKN300 25/25 Q1007 NOSIG
2026-04-21 23:04 UTC,METAR WSSS 212300Z 35002KT 4000 BR FEW016 SCT150 BKN300 25/24 Q1007 BECMG FM0045 6000 NSW
2026-04-21 23:59 UTC,METAR WSSS 212330Z 36003KT 320V040 3000 BR FEW016 SCT150 BKN300 25/25 Q1008 BECMG FM0045 TL0100 6000 NSW
2026-04-22 03:34 UTC,METAR WSSS 220330Z 02004KT 320V120 9999 FEW018TCU BKN300 31/24 Q1009 NOSIG
2026-04-22 05:57 UTC,METAR WSSS 220530Z 17005KT 130V250 9999 FEW020TCU BKN300 31/23 Q1008 NOSIG
2026-04-22 07:49 UTC,METAR WSSS 220730Z 14007KT 070V180 9999 FEW018TCU FEW020CB SCT300 31/24 Q1006 NOSIG
2026-04-22 09:15 UTC,METAR WSSS 220900Z 05006KT 330V100 9999 FEW018TCU FEW020CB SCT030 31/24 Q1006 NOSIG
2026-04-22 10:46 UTC,METAR WSSS 221030Z 32010KT 3000 +SHRA FEW008 SCT017TCU 27/25 Q1006 BECMG FM1045 TL1100 6000 NSW
2026-04-22 11:57 UTC,METAR WSSS 221130Z COR VRB02KT 6000 -TSRA FEW010 FEW016CB FEW017TCU SCT150 27/25 Q1006 RESHRA BECMG FM1145 TL1200 NSW
2026-04-22 13:46 UTC,METAR WSSS 221330Z 01004KT 280V090 9999 FEW015 SCT030 BKN150 28/25 Q1008 NOSIG
2026-04-22 15:08 UTC,METAR WSSS 221500Z 33003KT 9999 TS FEW015 FEW017CB BKN150 27/25 Q1009 BECMG FM1515 TL1530 NSW
2026-04-22 16:36 UTC,METAR WSSS 221630Z VRB02KT 9999 FEW015 BKN150 27/25 Q1009 NOSIG
2026-04-22 17:57 UTC,METAR WSSS 221730Z 04006KT 010V070 9999 FEW016 SCT150 BKN300 28/24 Q1008 NOSIG
2026-04-22 19:16 UTC,METAR WSSS 221900Z 03005KT 350V060 9999 FEW018 BKN300 27/24 Q1007 NOSIG
2026-04-22 20:29 UTC,METAR WSSS 222000Z VRB02KT 9999 FEW018 BKN300 26/24 Q1007 NOSIG
2026-04-22 21:27 UTC,METAR WSSS 222100Z 36002KT 9999 FEW018 BKN300 26/24 Q1007 NOSIG
2026-04-22 22:10 UTC,METAR WSSS 222200Z VRB02KT 9999 FEW018 BKN300 27/24 Q1007 NOSIG
2026-04-22 23:12 UTC,METAR WSSS 222300Z 03004KT 330V070 9999 FEW018 BKN300 27/24 Q1008 NOSIG
2026-04-23 00:07 UTC,METAR WSSS 230000Z 06004KT 9999 FEW018 BKN300 29/24 Q1008 NOSIG
2026-04-23 03:52 UTC,METAR WSSS 230330Z 08007G17KT 010V130 9999 FEW018 BKN300 32/25 Q1009 NOSIG
2026-04-23 06:02 UTC,METAR WSSS 230600Z 08007KT 030V120 9999 FEW018TCU FEW020CB BKN300 33/23 Q1007 NOSIG
2026-04-23 08:16 UTC,METAR WSSS 230800Z 10009KT 070V130 9999 FEW017TCU FEW018CB SCT270 32/23 Q1006 NOSIG
2026-04-23 10:03 UTC,METAR WSSS 231000Z 08010KT 9999 VCSH FEW015 FEW017TCU FEW018CB BKN270 30/25 Q1006 NOSIG
2026-04-23 11:37 UTC,METAR WSSS 231130Z 04009KT 010V070 9999 FEW016 FEW018TCU SCT280 30/25 Q1007 NOSIG
2026-04-23 13:18 UTC,METAR WSSS 231300Z 06007KT 010V100 9999 FEW018 BKN300 30/25 Q1008 NOSIG
2026-04-23 15:25 UTC,METAR WSSS 231500Z 10007KT 050V130 9999 FEW016 FEW018TCU BKN300 29/26 Q1009 NOSIG
2026-04-23 16:58 UTC,METAR WSSS 231630Z 08007KT 9999 FEW016 BKN300 29/26 Q1008 NOSIG
2026-04-23 18:08 UTC,METAR WSSS 231800Z 04006KT 010V080 9999 FEW016 BKN300 29/26 Q1007 NOSIG
2026-04-23 19:48 UTC,METAR WSSS 231930Z 04005KT 010V080 9999 FEW016 BKN300 28/25 Q1007 NOSIG
2026-04-23 20:47 UTC,METAR WSSS 232030Z 02004KT 350V060 9999 FEW016 BKN300 28/25 Q1007 NOSIG
2026-04-23 21:41 UTC,METAR WSSS 232130Z 04005KT 9999 FEW016 BKN300 28/26 Q1007 NOSIG
2026-04-23 22:39 UTC,METAR WSSS 232230Z 07005KT 020V100 9999 FEW016 BKN300 29/25 Q1007 NOSIG
2026-04-23 23:40 UTC,METAR WSSS 232330Z 06005KT 020V100 9999 FEW016 FEW018TCU BKN300 29/26 Q1008 NOSIG
2026-04-24 02:12 UTC,METAR WSSS 240200Z 08005KT 050V160 9999 FEW018 BKN300 31/25 Q1009 NOSIG
2026-04-24 05:19 UTC,METAR WSSS 240500Z 07009KT 030V100 9999 VCSH FEW017CB FEW018TCU SCT300 32/26 Q1008 NOSIG
2026-04-24 07:16 UTC,SPECI WSSS 240712Z 10011KT 060V120 9999 -SHRA FEW017CB FEW018TCU SCT020 31/25 Q1006 NOSIG
2026-04-24 09:14 UTC,METAR WSSS 240900Z 03009KT 010V070 9999 FEW017CB FEW018TCU SCT270 31/25 Q1006 RETS NOSIG
2026-04-24 10:49 UTC,METAR WSSS 241030Z 04009KT 9999 FEW018TCU SCT280 30/25 Q1006 NOSIG
2026-04-24 11:54 UTC,METAR WSSS 241130Z 04008KT 9999 FEW018TCU BKN300 29/25 Q1007 NOSIG
2026-04-24 13:14 UTC,METAR WSSS 241300Z 06007KT 9999 FEW018 BKN300 29/25 Q1008 NOSIG
2026-04-24 14:51 UTC,METAR WSSS 241430Z 03007KT 350V070 9999 FEW016 BKN300 29/25 Q1009 NOSIG
2026-04-24 16:01 UTC,METAR WSSS 241600Z 36003KT 330V060 9999 FEW018 BKN300 28/25 Q1009 NOSIG
2026-04-24 17:28 UTC,METAR WSSS 241700Z VRB02KT 9999 FEW016 BKN300 28/25 Q1009 NOSIG
2026-04-24 18:06 UTC,METAR WSSS 241800Z 36004KT 330V040 9999 FEW016 BKN300 28/25 Q1008 NOSIG
2026-04-24 19:26 UTC,METAR WSSS 241900Z 33003KT 300V360 9999 FEW016 BKN300 28/25 Q1008 NOSIG
2026-04-24 20:06 UTC,METAR WSSS 242000Z 04005KT 9999 FEW016 BKN300 28/25 Q1008 NOSIG
2026-04-24 21:11 UTC,METAR WSSS 242100Z 03005KT 9999 FEW016 BKN300 28/25 Q1008 NOSIG
2026-04-24 22:07 UTC,SPECI WSSS 240712Z 10011KT 060V120 9999 -SHRA FEW017CB FEW018TCU SCT020 31/25 Q1006 NOSIG
2026-04-24 23:05 UTC,METAR WSSS 242300Z 03006KT 360V060 9999 FEW018 FEW020TCU BKN300 28/25 Q1008 NOSIG
2026-04-25 00:02 UTC,METAR WSSS 250000Z 34004KT 300V360 9999 FEW018 FEW020TCU BKN300 29/26 Q1009 NOSIG
2026-04-25 03:38 UTC,METAR WSSS 250330Z 02007KT 340V060 9999 SCT020 BKN300 32/26 Q1010 NOSIG
2026-04-25 05:45 UTC,METAR WSSS 250530Z 36008KT 290V030 9999 FEW020 BKN300 33/25 Q1008 NOSIG
2026-04-25 07:08 UTC,METAR WSSS 250700Z 36010KT 320V040 9999 FEW020 BKN300 34/25 Q1007 NOSIG
2026-04-25 08:29 UTC,METAR WSSS 250800Z 03012KT 9999 FEW018 FEW020CB BKN300 34/24 Q1006 NOSIG
2026-04-25 09:29 UTC,METAR WSSS 250900Z 04012KT 360V060 9999 FEW018 FEW020CB BKN300 33/24 Q1007 NOSIG
2026-04-25 10:22 UTC,METAR WSSS 251000Z 04011KT 9999 FEW018TCU FEW020CB BKN300 32/24 Q1007 NOSIG
2026-04-25 11:10 UTC,METAR WSSS 251100Z 04009KT 010V070 9999 FEW018TCU FEW020CB BKN300 31/25 Q1008 NOSIG
2026-04-25 11:59 UTC,METAR WSSS 251130Z 04009KT 9999 FEW018TCU BKN300 30/25 Q1008 NOSIG
2026-04-25 13:23 UTC,METAR WSSS 251300Z 04006KT 010V080 9999 FEW018 FEW020CB BKN300 30/25 Q1010 NOSIG
2026-04-25 14:12 UTC,METAR WSSS 251400Z 10005KT 020V140 9999 FEW018 BKN270 29/23 Q1011 NOSIG
2026-04-25 15:06 UTC,METAR WSSS 251500Z VRB02KT 9999 FEW018 BKN270 28/23 Q1011 NOSIG
2026-04-25 16:02 UTC,METAR WSSS 251600Z 35003KT 9999 FEW018 BKN270 28/25 Q1010 NOSIG
2026-04-25 17:07 UTC,METAR WSSS 251700Z 07006KT 030V090 9999 FEW018 BKN270 28/25 Q1010 NOSIG
2026-04-25 18:02 UTC,METAR WSSS 251800Z 05004KT 010V090 9999 FEW018 BKN270 28/25 Q1009 NOSIG
2026-04-25 19:24 UTC,METAR WSSS 251900Z 34003KT 9999 FEW016 SCT040 BKN280 27/25 Q1008 NOSIG
2026-04-25 19:59 UTC,METAR WSSS 251930Z 33004KT 9999 FEW016 SCT030 BKN280 27/25 Q1008 NOSIG
2026-04-25 20:51 UTC,METAR WSSS 252030Z VRB02KT 9999 FEW016 BKN160 27/25 Q1008 NOSIG
2026-04-25 21:33 UTC,METAR WSSS 252130Z 35002KT 9999 FEW016 BKN150 28/25 Q1008 NOSIG
2026-04-25 22:32 UTC,METAR WSSS 252230Z 33003KT 9999 FEW016 BKN150 28/25 Q1008 NOSIG
2026-04-25 23:33 UTC,METAR WSSS 252330Z 34003KT 9999 FEW016 FEW018TCU SCT160 28/26 Q1009 NOSIG
2026-04-26 02:24 UTC,METAR WSSS 260200Z 36006KT 310V040 9000 SCT016 FEW018TCU BKN300 31/26 Q1010 NOSIG
2026-04-26 05:23 UTC,SPECI WSSS 260515Z 36010KT 9999 -SHRA FEW014 FEW017CB SCT018TCU 30/26 Q1009 NOSIG
2026-04-26 07:08 UTC,METAR WSSS 260700Z 19006KT 9999 -SHRA FEW012 FEW016CB SCT017TCU 28/26 Q1007 NOSIG
2026-04-26 08:41 UTC,METAR WSSS 260830Z 20004KT 160V230 9999 FEW018 FEW020TCU BKN300 30/26 Q1006 NOSIG
2026-04-26 09:51 UTC,METAR WSSS 260930Z VRB06KT 9999 FEW018 FEW020TCU BKN300 31/25 Q1006 NOSIG
2026-04-26 10:41 UTC,METAR WSSS 261030Z 17003KT 110V220 9999 FEW018 FEW020TCU BKN300 29/25 Q1007 NOSIG
2026-04-26 11:36 UTC,METAR WSSS 261130Z 04007KT 010V080 9999 FEW018 BKN300 30/25 Q1008 NOSIG
2026-04-26 12:57 UTC,METAR WSSS 261230Z 34004KT 9999 FEW018 BKN300 28/25 Q1008 NOSIG
2026-04-26 14:05 UTC,METAR WSSS 261400Z 33003KT 9999 FEW018 BKN300 28/26 Q1009 NOSIG
2026-04-26 15:06 UTC,METAR WSSS 261500Z 33003KT 9999 FEW018 BKN300 27/25 Q1009 NOSIG
2026-04-26 16:03 UTC,METAR WSSS 261600Z 34003KT 9999 FEW018 BKN300 27/26 Q1009 NOSIG
2026-04-26 17:08 UTC,METAR WSSS 261700Z 34002KT 9999 FEW018 BKN300 27/25 Q1009 NOSIG
2026-04-26 18:03 UTC,METAR WSSS 261800Z 35002KT 9999 FEW018 BKN300 27/25 Q1008 NOSIG
2026-04-26 19:26 UTC,METAR WSSS 261900Z 35003KT 9999 FEW018 BKN300 27/25 Q1007 NOSIG
2026-04-26 20:02 UTC,METAR WSSS 262000Z 33002KT 9999 FEW018 BKN300 27/25 Q1007 NOSIG
2026-04-26 21:02 UTC,METAR WSSS 262100Z 32002KT 9999 FEW018 BKN300 27/25 Q1007 NOSIG
2026-04-26 22:01 UTC,METAR WSSS 262200Z VRB01KT 9999 FEW018 BKN300 26/25 Q1007 NOSIG
2026-04-26 23:04 UTC,METAR WSSS 262300Z 31002KT 9999 FEW018 FEW020CB BKN300 26/25 Q1008 NOSIG
2026-04-27 00:02 UTC,METAR WSSS 270000Z VRB01KT 9999 FEW018 FEW020CB BKN300 27/25 Q1009 NOSIG
2026-04-27 04:05 UTC,METAR WSSS 270400Z 03005KT 330V070 5000 -SHRA FEW016TCU FEW018CB SCT270 28/25 Q1010 RESHRA NOSIG
2026-04-27 07:12 UTC,METAR WSSS 270700Z 13007KT 080V160 9999 FEW015 FEW018TCU BKN270 29/26 Q1007 NOSIG
2026-04-27 09:36 UTC,METAR WSSS 270930Z 03006KT 350V070 9999 FEW018TCU FEW020CB BKN280 30/25 Q1007 NOSIG
2026-04-27 11:41 UTC,METAR WSSS 271130Z 11005KT 080V140 9999 FEW015 FEW017TCU BKN300 30/25 Q1008 NOSIG
2026-04-27 13:43 UTC,METAR WSSS 271330Z 33003KT 9999 FEW016 SCT050 BKN300 27/24 Q1010 NOSIG
2026-04-27 15:43 UTC,METAR WSSS 271530Z 33003KT 9999 FEW016 BKN300 27/25 Q1010 NOSIG
2026-04-27 17:18 UTC,METAR WSSS 271700Z 29003KT 260V330 9999 FEW016 BKN300 27/25 Q1009 NOSIG
2026-04-27 18:47 UTC,METAR WSSS 271830Z 31003KT 8000 FEW016 BKN300 26/25 Q1008 NOSIG
2026-04-27 20:05 UTC,METAR WSSS 272000Z 35003KT 7000 FEW016 BKN300 26/25 Q1007 NOSIG
2026-04-27 21:32 UTC,METAR WSSS 272130Z VRB01KT 7000 FEW016 BKN300 26/25 Q1007 NOSIG
2026-04-27 22:46 UTC,METAR WSSS 272230Z VRB02KT 8000 FEW016 BKN300 26/25 Q1007 NOSIG
2026-04-27 23:50 UTC,SPECI WSSS 272346Z 35003KT 330V060 6000 FEW018 BKN300 28/26 Q1008 NOSIG
2026-04-28 02:34 UTC,METAR WSSS 280230Z 06007KT 360V120 9999 FEW018 BKN300 31/26 Q1010 NOSIG
2026-04-28 05:54 UTC,METAR WSSS 280530Z 09008KT 040V160 9999 FEW020TCU BKN300 33/25 Q1008 NOSIG
2026-04-28 08:19 UTC,METAR WSSS 280800Z 09013KT 9999 FEW018TCU FEW020CB SCT300 33/25 Q1006 NOSIG
2026-04-28 10:29 UTC,METAR WSSS 281000Z 09010KT 050V110 9999 FEW018TCU FEW020CB BKN300 31/25 Q1006 NOSIG
2026-04-28 12:11 UTC,METAR WSSS 281200Z 03009KT 9999 FEW020 BKN300 29/25 Q1007 NOSIG
2026-04-28 17:09 UTC,METAR WSSS 281700Z 36003KT 270V080 9999 FEW016 BKN300 28/25 Q1009 NOSIG
2026-04-28 19:04 UTC,METAR WSSS 281900Z 04005KT 010V070 9999 FEW016 BKN300 29/25 Q1007 NOSIG
2026-04-28 20:46 UTC,METAR WSSS 282030Z 35003KT 9999 FEW016 BKN300 27/25 Q1007 NOSIG
2026-04-28 21:53 UTC,METAR WSSS 282130Z VRB02KT 9999 FEW016 BKN300 27/26 Q1008 NOSIG
2026-04-28 22:53 UTC,METAR WSSS 282230Z 32002KT 9999 FEW018 FEW020TCU BKN300 27/26 Q1008 NOSIG
2026-04-28 23:51 UTC,METAR WSSS 282330Z 34003KT 320V020 9000 FEW016 FEW020TCU BKN300 27/26 Q1009 NOSIG
2026-04-29 02:34 UTC,METAR WSSS 290230Z 03006KT 340V090 9999 SCT018 BKN300 32/25 Q1011 NOSIG
2026-04-29 05:50 UTC,METAR WSSS 290530Z 08008KT 040V110 9999 FEW018 FEW020CB BKN300 32/25 Q1009 NOSIG
2026-04-29 08:09 UTC,METAR WSSS 290800Z 07010G20KT 010V120 9999 FEW018TCU FEW020CB BKN300 32/24 Q1006 NOSIG
2026-04-29 10:22 UTC,METAR WSSS 291000Z 02007KT 330V080 9999 FEW018TCU FEW020CB BKN300 31/24 Q1006 NOSIG
2026-04-29 11:58 UTC,METAR WSSS 291130Z 31003KT 260V350 9999 FEW016 FEW018TCU BKN300 30/25 Q1007 NOSIG
2026-04-29 14:07 UTC,METAR WSSS 291400Z 34004KT 9999 FEW016 BKN300 28/25 Q1009 NOSIG
2026-04-29 16:11 UTC,METAR WSSS 291600Z 33003KT 9999 FEW016 BKN300 28/25 Q1010 NOSIG
2026-04-29 17:55 UTC,METAR WSSS 291730Z 33002KT 9999 FEW016 BKN300 28/25 Q1010 NOSIG
2026-04-29 19:19 UTC,METAR WSSS 291900Z 34003KT 9999 FEW016 BKN300 28/26 Q1009 NOSIG
2026-04-29 20:38 UTC,METAR WSSS 292030Z 34002KT 9999 FEW016 BKN300 27/26 Q1008 NOSIG
2026-04-29 21:55 UTC,METAR WSSS 292130Z 31003KT 9999 FEW016 FEW020CB BKN300 27/25 Q1008 NOSIG
2026-04-29 22:54 UTC,METAR WSSS 292230Z 33003KT 300V010 9000 FEW016 FEW020CB BKN300 27/25 Q1009 NOSIG
2026-04-29 23:51 UTC,METAR WSSS 292330Z 32003KT 280V350 9000 FEW016 FEW018TCU BKN300 27/25 Q1009 NOSIG
2026-04-30 02:35 UTC,METAR WSSS 300230Z 34005KT 9999 FEW020 BKN300 32/24 Q1010 NOSIG
2026-04-30 05:54 UTC,SPECI WSSS 300543Z 08013KT 030V100 9999 3000S -SHRA FEW012 FEW017TCU SCT030 30/26 Q1009 NOSIG
2026-04-30 08:13 UTC,METAR WSSS 300800Z VRB09G23KT 9999 FEW018 FEW020TCU BKN300 33/26 Q1007 NOSIG
2026-04-30 10:23 UTC,METAR WSSS 301000Z 06007KT 360V140 9999 FEW016 FEW018CB FEW020TCU BKN160 31/25 Q1007 NOSIG
2026-04-30 11:57 UTC,METAR WSSS 301130Z 04010KT 9999 FEW016 FEW018TCU BKN160 30/25 Q1008 NOSIG
2026-04-30 13:59 UTC,METAR WSSS 301330Z 36005KT 340V040 9999 FEW018 BKN160 29/25 Q1010 NOSIG
2026-04-30 15:50 UTC,METAR WSSS 301530Z 05005KT 020V090 9999 FEW018 BKN300 30/25 Q1011 NOSIG
2026-04-30 17:16 UTC,METAR WSSS 301700Z 05005KT 9999 FEW018 BKN300 30/25 Q1010 NOSIG
2026-04-30 18:51 UTC,METAR WSSS 301830Z 35003KT 9999 FEW018 FEW020TCU BKN300 28/25 Q1009 NOSIG
2026-04-30 20:06 UTC,METAR WSSS 302000Z VRB02KT 9999 FEW017CB FEW018TCU BKN300 28/25 Q1009 NOSIG
2026-04-30 21:31 UTC,METAR WSSS 302130Z 07003KT 040V100 9999 FEW018 FEW020TCU BKN300 28/25 Q1009 NOSIG
2026-04-30 22:50 UTC,METAR WSSS 302230Z 06003KT 010V100 9999 FEW018TCU FEW020CB BKN300 29/25 Q1009 NOSIG
2026-04-30 23:49 UTC,METAR WSSS 302330Z VRB02KT 9999 FEW015 FEW018TCU FEW020CB BKN300 28/25 Q1009 TEMPO FM2340 TL0010 4000 SHRA
2026-05-01 02:41 UTC,METAR WSSS 010230Z 08005KT 020V130 9999 FEW016 FEW018TCU SCT300 31/25 Q1010 NOSIG
2026-05-01 06:12 UTC,METAR WSSS 010600Z 15011KT 9000 VCSH FEW015 FEW018TCU FEW020CB SCT270 30/24 Q1009 RETS NOSIG
2026-05-01 08:27 UTC,METAR WSSS 010800Z 18004KT 120V210 9000 -SHRA FEW014 FEW016TCU BKN160 29/24 Q1007 NOSIG
2026-05-01 10:06 UTC,METAR WSSS 011000Z 32003KT 290V010 9999 FEW018 FEW020TCU SCT160 29/25 Q1007 NOSIG
2026-05-01 11:37 UTC,METAR WSSS 011130Z 33004KT 290V360 9999 FEW018 SCT160 28/25 Q1008 NOSIG
2026-05-01 13:10 UTC,METAR WSSS 011300Z 35004KT 9999 FEW018 BKN300 27/25 Q1009 NOSIG
2026-05-01 14:35 UTC,METAR WSSS 011430Z 34003KT 9999 FEW018 BKN300 26/25 Q1010 NOSIG
2026-05-01 15:53 UTC,METAR WSSS 011530Z 34004KT 9999 FEW018 BKN300 27/24 Q1010 NOSIG
2026-05-01 16:53 UTC,METAR WSSS 011630Z VRB02KT 9999 FEW018 BKN300 27/24 Q1010 NOSIG
2026-05-01 17:55 UTC,METAR WSSS 011730Z 33003KT 9999 FEW018 BKN300 26/24 Q1010 NOSIG
2026-05-01 19:08 UTC,METAR WSSS 011900Z 36001KT 9999 FEW018 BKN300 26/24 Q1009 NOSIG
2026-05-01 20:13 UTC,METAR WSSS 012000Z 32002KT 9999 FEW018 BKN300 26/24 Q1008 NOSIG
2026-05-01 21:12 UTC,METAR WSSS 012100Z 32003KT 9999 FEW016 BKN300 27/25 Q1008 NOSIG
2026-05-01 22:10 UTC,METAR WSSS 012200Z 00000KT 9000 FEW016 BKN300 26/24 Q1008 NOSIG
2026-05-01 23:13 UTC,METAR WSSS 012300Z 00000KT 9999 FEW016 FEW018TCU BKN300 26/24 Q1008 NOSIG
2026-05-02 00:11 UTC,METAR WSSS 020000Z VRB01KT 8000 FEW016 FEW018TCU BKN300 27/25 Q1009 NOSIG
2026-05-02 03:58 UTC,SPECI WSSS 020350Z VRB04KT 9999 FEW018TCU BKN300 33/25 Q1010 NOSIG
2026-05-02 06:08 UTC,METAR WSSS 020600Z 01009KT 9999 FEW018TCU FEW020CB BKN300 32/25 Q1008 NOSIG
2026-05-02 08:05 UTC,METAR WSSS 020800Z 02006KT 340V050 9999 FEW018CB FEW020TCU BKN300 33/24 Q1006 NOSIG
2026-05-02 09:39 UTC,METAR WSSS 020930Z 04007KT 010V100 9999 VCSH FEW017CB FEW018TCU BKN300 31/25 Q1006 NOSIG
2026-05-02 10:46 UTC,METAR WSSS 021030Z 07008KT 040V100 9999 FEW016 FEW018TCU BKN300 30/25 Q1006 NOSIG
2026-05-02 11:41 UTC,METAR WSSS 021130Z 25003KT 220V320 9999 FEW018TCU SCT030 BKN300 29/24 Q1007 NOSIG
2026-05-02 13:01 UTC,METAR WSSS 021230Z VRB02KT 9999 FEW018TCU SCT030 BKN300 29/24 Q1008 NOSIG
2026-05-02 14:28 UTC,METAR WSSS 021400Z 34002KT 9999 FEW016 FEW018TCU BKN300 28/24 Q1009 NOSIG
2026-05-02 15:11 UTC,METAR WSSS 021500Z 32003KT 9999 FEW016 FEW018TCU FEW020CB SCT280 28/25 Q1010 NOSIG
2026-05-02 16:07 UTC,METAR WSSS 021600Z VRB01KT 9999 FEW018TCU FEW020CB SCT280 28/25 Q1010 NOSIG
2026-05-02 17:12 UTC,METAR WSSS 021700Z 32003KT 9000 -SHRA FEW015 FEW018TCU FEW020CB SCT270 29/25 Q1009 RETS NOSIG
2026-05-02 18:07 UTC,METAR WSSS 021800Z 33003KT 9999 FEW015 FEW018TCU SCT270 27/25 Q1009 NOSIG
2026-05-02 19:32 UTC,METAR WSSS 021930Z 35002KT 9999 FEW016 BKN300 27/25 Q1008 NOSIG
2026-05-02 20:37 UTC,METAR WSSS 022030Z 33003KT 9999 FEW016 FEW018TCU FEW020CB BKN300 27/25 Q1008 NOSIG
2026-05-02 21:36 UTC,METAR WSSS 022130Z 35004KT 9999 FEW016 BKN300 27/25 Q1007 NOSIG
2026-05-02 22:36 UTC,METAR WSSS 022230Z 34003KT 9999 FEW016 BKN300 27/25 Q1008 NOSIG
2026-05-02 23:38 UTC,METAR WSSS 022330Z 34003KT 320V030 8000 FEW018 FEW020TCU BKN300 27/25 Q1008 NOSIG
2026-05-03 02:32 UTC,METAR WSSS 030230Z 01005KT 340V060 9999 FEW017TCU SCT018 BKN300 32/26 Q1010 NOSIG
2026-05-03 05:54 UTC,METAR WSSS 030530Z 04012KT 9999 VCTS FEW017CB FEW018TCU SCT080 BKN160 29/25 Q1009 TEMPO TL0600 4000 TSRA BECMG FM0600 TL0615 NSW
2026-05-03 07:56 UTC,METAR WSSS 030730Z 35006KT 310V050 9999 FEW018CB FEW020TCU SCT050 29/25 Q1008 NOSIG
2026-05-03 09:20 UTC,METAR WSSS 030900Z 23003KT 190V280 9999 FEW016 FEW018TCU SCT060 29/24 Q1007 NOSIG
2026-05-03 10:29 UTC,METAR WSSS 031000Z VRB01KT 9999 FEW018TCU BKN270 29/24 Q1007 NOSIG
2026-05-03 11:21 UTC,METAR WSSS 031100Z VRB01KT 9999 FEW018 BKN270 28/24 Q1007 NOSIG
2026-05-03 12:04 UTC,METAR WSSS 031200Z 33002KT 9999 FEW018 BKN270 27/24 Q1008 NOSIG
2026-05-03 13:53 UTC,METAR WSSS 031330Z VRB02KT 9999 FEW018 BKN280 27/25 Q1009 NOSIG
2026-05-03 14:43 UTC,METAR WSSS 031430Z 34002KT 9999 FEW018 SCT280 27/24 Q1009 NOSIG
2026-05-03 15:42 UTC,METAR WSSS 031530Z VRB02KT 9999 FEW018 BKN300 27/25 Q1010 NOSIG
2026-05-03 16:43 UTC,METAR WSSS 031630Z 31003KT 9999 FEW018 BKN300 27/25 Q1010 NOSIG
2026-05-03 17:42 UTC,METAR WSSS 031730Z 28002KT 9999 FEW018 BKN300 27/25 Q1009 NOSIG
2026-05-03 18:53 UTC,METAR WSSS 031830Z 34002KT 9999 FEW018 BKN300 26/24 Q1009 NOSIG
2026-05-03 19:52 UTC,METAR WSSS 031930Z VRB01KT 9999 FEW018 BKN300 26/24 Q1009 NOSIG
2026-05-03 20:37 UTC,METAR WSSS 032030Z VRB02KT 9999 FEW018 BKN300 26/24 Q1009 NOSIG
2026-05-03 21:37 UTC,METAR WSSS 032130Z 36002KT 9999 FEW018 BKN300 26/24 Q1009 NOSIG
2026-05-03 22:36 UTC,METAR WSSS 032230Z 00000KT 9999 FEW018 BKN300 26/24 Q1009 NOSIG
2026-05-03 23:39 UTC,METAR WSSS 032330Z 33002KT 9999 FEW018TCU BKN300 26/25 Q1009 NOSIG
2026-05-04 02:31 UTC,METAR WSSS 040200Z VRB02KT 9999 FEW018TCU SCT020 BKN300 30/25 Q1011 NOSIG
2026-05-04 06:07 UTC,METAR WSSS 040600Z 17007KT 9999 FEW020TCU BKN300 30/25 Q1009 NOSIG
2026-05-04 09:01 UTC,METAR WSSS 040900Z VRB02KT 9999 -SHRA FEW016 FEW017TCU FEW018CB SCT150 26/24 Q1007 RETSRA NOSIG
2026-05-04 11:20 UTC,METAR WSSS 041100Z 34003KT 320V020 9999 FEW018 SCT280 BKN300 26/25 Q1008 NOSIG
2026-05-04 13:04 UTC,METAR WSSS 041300Z 32003KT 260V360 9999 FEW018 BKN300 27/25 Q1009 NOSIG
2026-05-04 15:28 UTC,METAR WSSS 041500Z 33002KT 9999 FEW018 BKN300 26/25 Q1010 NOSIG
2026-05-04 17:11 UTC,METAR WSSS 041700Z 32003KT 8000 FEW018 BKN300 26/25 Q1010 NOSIG
2026-05-04 19:01 UTC,METAR WSSS 041900Z VRB02KT 6000 SCT016 BKN300 26/25 Q1009 NOSIG
2026-05-04 20:45 UTC,METAR WSSS 042030Z 33003KT 8000 FEW016 BKN300 26/24 Q1008 NOSIG
2026-05-04 21:56 UTC,METAR WSSS 042130Z VRB02KT 9999 FEW016 BKN300 26/25 Q1008 NOSIG
2026-05-04 22:56 UTC,METAR WSSS 042230Z VRB01KT 6000 FEW016 FEW018TCU BKN300 25/24 Q1009 NOSIG
2026-05-04 23:53 UTC,METAR WSSS 042330Z VRB01KT 4000 BR FEW016 FEW017CB FEW018TCU BKN300 26/25 Q1009 BECMG FM0015 TL0030 6000 NSW
2026-05-05 02:26 UTC,METAR WSSS 050200Z 08003KT 360V170 9999 FEW018 FEW020TCU BKN300 31/24 Q1010 NOSIG
2026-05-05 05:27 UTC,METAR WSSS 050500Z 15004KT 110V200 9999 FEW018TCU FEW020CB BKN300 32/24 Q1008 NOSIG
2026-05-05 07:30 UTC,METAR WSSS 050700Z 07007KT 360V100 9000 -SHRA SCT016TCU FEW018CB SCT280 30/25 Q1007 NOSIG
2026-05-05 09:58 UTC,METAR WSSS 050930Z 17012KT 6000 -TSRA FEW012 FEW015CB SCT016TCU 29/25 Q1006 TEMPO TL1000 2500 +TSRA BECMG FM1015 TL1030 4000 SHRA BECMG FM1030 TL1045 6000 NSW
2026-05-05 11:17 UTC,METAR WSSS 051100Z 31005KT 250V360 5000 -TSRA FEW015CB FEW017TCU BKN160 26/24 Q1007 BECMG TL1115 NSW
2026-05-05 12:45 UTC,METAR WSSS 051230Z 35003KT 9999 FEW018 SCT170 26/24 Q1008 NOSIG
2026-05-05 17:02 UTC,METAR WSSS 051700Z 00000KT 9999 FEW018 BKN300 26/25 Q1009 NOSIG
2026-05-05 18:51 UTC,METAR WSSS 051830Z VRB01KT 7000 FEW018 BKN300 26/25 Q1008 NOSIG
2026-05-05 20:03 UTC,METAR WSSS 052000Z 00000KT 8000 FEW018 SCT130 27/25 Q1008 NOSIG
2026-05-05 21:33 UTC,METAR WSSS 052130Z VRB02KT 7000 FEW016 BKN300 27/26 Q1007 NOSIG
2026-05-05 22:51 UTC,METAR WSSS 052230Z VRB01KT 6000 FEW016 FEW018TCU BKN300 26/25 Q1007 NOSIG
2026-05-05 23:43 UTC,METAR WSSS 052330Z VRB01KT 4000 BR FEW018 BKN300 27/26 Q1008 BECMG FM0030 TL0045 6000 NSW
2026-05-06 02:29 UTC,METAR WSSS 060200Z 14005KT 030V180 9000 FEW018TCU BKN300 30/25 Q1009 NOSIG
2026-05-06 05:43 UTC,METAR WSSS 060530Z 16009KT 9999 TS FEW017CB FEW018TCU SCT300 30/23 Q1008 TEMPO FM0615 4500 -TSRA
2026-05-06 10:31 UTC,METAR WSSS 061000Z VRB02KT 9999 FEW016 FEW018TCU SCT300 29/25 Q1006 NOSIG
2026-05-06 12:25 UTC,METAR WSSS 061200Z 18004KT 9999 FEW016 BKN300 28/24 Q1007 NOSIG
2026-05-06 15:09 UTC,METAR WSSS 061500Z VRB02KT 7000 FEW018 SCT300 27/25 Q1009 NOSIG
2026-05-06 16:58 UTC,METAR WSSS 061630Z 31004KT 4500 HZ FEW018 SCT160 28/26 Q1009 NOSIG
2026-05-06 18:20 UTC,METAR WSSS 061800Z 35003KT 6000 FEW018 BKN160 27/25 Q1008 NOSIG
2026-05-06 20:08 UTC,METAR WSSS 062000Z 34002KT 4500 BR FEW018 SCT150 BKN300 26/25 Q1007 NOSIG
2026-05-06 21:38 UTC,METAR WSSS 062130Z 36003KT 320V020 4500 BR FEW018 BKN300 27/25 Q1007 NOSIG
2026-05-06 22:46 UTC,METAR WSSS 062230Z VRB01KT 4500 BR FEW018 FEW020TCU BKN300 26/25 Q1007 BECMG FM0000 TL0015 6000 NSW
2026-05-06 23:44 UTC,METAR WSSS 062330Z VRB02KT 3500 BR FEW018 FEW020TCU BKN300 26/25 Q1008 BECMG FM0015 TL0030 6000 NSW
2026-05-07 02:32 UTC,METAR WSSS 070230Z 14006KT 100V190 9999 FEW018TCU BKN300 31/25 Q1009 NOSIG
2026-05-07 05:57 UTC,METAR WSSS 070530Z 18005KT 160V230 9999 FEW018 FEW020CB BKN300 32/25 Q1007 NOSIG
2026-05-07 08:38 UTC,METAR WSSS 070830Z 15009KT 120V180 9999 FEW018TCU FEW020CB BKN300 32/25 Q1005 NOSIG
2026-05-07 11:06 UTC,METAR WSSS 071100Z 11003KT 070V210 9999 FEW018 BKN300 30/25 Q1005 NOSIG
2026-05-07 13:14 UTC,METAR WSSS 071300Z 16003KT 120V220 9999 FEW018 BKN300 29/25 Q1007 NOSIG
2026-05-07 15:41 UTC,METAR WSSS 071530Z 15004KT 9999 FEW016 SCT080 BKN300 29/25 Q1009 NOSIG
2026-05-07 17:44 UTC,METAR WSSS 071730Z 18003KT 9999 FEW016 SCT180 BKN300 28/25 Q1008 NOSIG
2026-05-07 19:39 UTC,METAR WSSS 071930Z 33003KT 9999 FEW016 SCT170 BKN300 28/26 Q1007 NOSIG
2026-05-07 21:01 UTC,METAR WSSS 072100Z VRB02KT 9999 FEW018 BKN300 27/26 Q1007 NOSIG
2026-05-07 22:32 UTC,METAR WSSS 072230Z 26005KT 210V320 9999 FEW017TCU SCT018 BKN300 27/24 Q1007 NOSIG
2026-05-07 23:50 UTC,METAR WSSS 072330Z 10008KT 9000 3000SE -SHRA FEW014 FEW017CB FEW018TCU SCT160 27/23 Q1008 TEMPO TL0100 3000 SHRA
2026-05-08 02:38 UTC,METAR WSSS 080230Z 19007KT 9999 FEW018 FEW020TCU SCT150 29/24 Q1010 NOSIG
2026-05-08 05:26 UTC,METAR WSSS 080500Z 18012KT 9999 -SHRA FEW010 FEW017TCU SCT030 28/24 Q1009 NOSIG
2026-05-08 07:05 UTC,METAR WSSS 080700Z 19006KT 9999 FEW018 FEW020TCU SCT160 29/24 Q1007 NOSIG
2026-05-08 08:54 UTC,METAR WSSS 080830Z 12004KT 060V180 9999 FEW018 FEW020TCU BKN160 30/25 Q1007 NOSIG
2026-05-08 10:21 UTC,METAR WSSS 081000Z 05005KT 020V090 9999 -SHRA FEW012 FEW016CB FEW017TCU SCT030 30/25 Q1007 NOSIG
2026-05-08 11:51 UTC,METAR WSSS 081130Z 26003KT 170V330 4500 TSRA FEW010 FEW015CB SCT016TCU 25/25 Q1009 RESHRA BECMG FM1215 TL1230 6000 -TSRA
2026-05-08 13:23 UTC,METAR WSSS 081300Z VRB01KT 6000 RA FEW015 FEW017TCU BKN160 25/24 Q1010 RETS BECMG FM1330 TL1345 NSW
2026-05-08 15:06 UTC,METAR WSSS 081500Z 20004KT 9999 -RA FEW016 BKN170 26/24 Q1011 NOSIG
2026-05-08 16:49 UTC,METAR WSSS 081630Z 22004KT 190V250 9999 -RA FEW016 BKN170 26/24 Q1010 NOSIG
2026-05-08 18:06 UTC,METAR WSSS 081800Z 22004KT 9999 FEW016 BKN150 27/25 Q1009 NOSIG
2026-05-08 19:52 UTC,METAR WSSS 081930Z VRB02KT 9999 FEW018 BKN160 26/24 Q1008 NOSIG
2026-05-08 20:54 UTC,METAR WSSS 082030Z 21002KT 9999 FEW018 BKN160 26/25 Q1008 NOSIG
2026-05-08 21:56 UTC,METAR WSSS 082130Z VRB02KT 9999 FEW018 BKN160 25/24 Q1008 NOSIG
2026-05-08 22:54 UTC,METAR WSSS 082230Z VRB02KT 9999 FEW018 BKN160 26/25 Q1008 NOSIG
2026-05-08 23:53 UTC,METAR WSSS 082330Z 34003KT 310V010 9999 FEW018 BKN160 26/25 Q1009 NOSIG
2026-05-09 02:32 UTC,METAR WSSS 090230Z VRB03KT 9999 FEW016 BKN160 29/24 Q1011 NOSIG
2026-05-09 05:45 UTC,METAR WSSS 090530Z 19006KT 9999 FEW018 FEW020TCU BKN160 30/24 Q1009 NOSIG
2026-05-09 07:50 UTC,METAR WSSS 090730Z 18006KT 9999 FEW018TCU BKN160 30/25 Q1007 NOSIG
2026-05-09 09:15 UTC,METAR WSSS 090900Z 17004KT 140V210 9999 FEW020TCU SCT160 BKN300 31/25 Q1006 NOSIG
2026-05-09 10:31 UTC,METAR WSSS 091030Z 19004KT 170V230 9999 FEW018 FEW020TCU SCT160 BKN300 30/25 Q1006 NOSIG
2026-05-09 11:46 UTC,METAR WSSS 091130Z 18006KT 9999 FEW018 SCT160 BKN300 29/25 Q1007 NOSIG
2026-05-09 13:08 UTC,METAR WSSS 091300Z 20004KT 9999 FEW018 SCT060 BKN300 29/25 Q1008 NOSIG
2026-05-09 14:33 UTC,METAR WSSS 091430Z 35002KT 9999 FEW018 BKN300 28/25 Q1008 NOSIG
2026-05-09 15:46 UTC,METAR WSSS 091530Z 35003KT 9999 FEW018 BKN300 27/25 Q1009 NOSIG
2026-05-09 16:50 UTC,METAR WSSS 091630Z 34002KT 9999 FEW018 BKN300 28/25 Q1009 NOSIG
2026-05-09 17:45 UTC,METAR WSSS 091730Z 34003KT 9999 FEW018 BKN300 27/25 Q1008 NOSIG
2026-05-09 18:54 UTC,METAR WSSS 091830Z 02004KT 330V060 9999 FEW018 BKN300 28/25 Q1008 NOSIG
2026-05-09 19:55 UTC,METAR WSSS 091930Z 34002KT 9999 FEW016 FEW018TCU BKN300 27/25 Q1007 NOSIG
2026-05-09 20:39 UTC,METAR WSSS 092030Z 03003KT 330V070 9999 SCT016 BKN300 28/25 Q1007 NOSIG
2026-05-09 21:38 UTC,METAR WSSS 092130Z VRB01KT 9999 FEW016 BKN300 27/25 Q1007 NOSIG
2026-05-09 22:38 UTC,METAR WSSS 092230Z 15003KT 090V190 9999 FEW016 BKN300 29/25 Q1008 NOSIG
2026-05-09 23:42 UTC,METAR WSSS 092330Z 17004KT 130V200 9999 -SHRA FEW012 FEW017TCU SCT040 28/26 Q1008 TEMPO TL0015 4000 SHRA
2026-05-10 02:35 UTC,METAR WSSS 100230Z VRB03KT 9999 FEW018 BKN300 31/25 Q1009 NOSIG
2026-05-10 06:07 UTC,METAR WSSS 100600Z 18011KT 9999 VCSH FEW017CB FEW018TCU SCT050 BKN300 32/26 Q1007 NOSIG
2026-05-10 08:25 UTC,METAR WSSS 100800Z 13006KT 100V190 9999 VCSH FEW018TCU FEW020CB SCT150 31/23 Q1006 NOSIG
2026-05-10 09:52 UTC,METAR WSSS 100930Z 13004KT 100V160 9999 FEW018TCU SCT060 BKN150 30/24 Q1006 NOSIG
2026-05-10 10:57 UTC,METAR WSSS 101030Z 09005KT 050V130 9999 FEW018TCU BKN150 30/24 Q1006 NOSIG
2026-05-10 11:53 UTC,METAR WSSS 101130Z 10005KT 9999 FEW018TCU BKN150 30/24 Q1007 NOSIG
2026-05-10 13:08 UTC,METAR WSSS 101300Z 33002KT 9999 FEW018 SCT150 BKN300 28/25 Q1008 NOSIG
2026-05-10 14:34 UTC,METAR WSSS 101430Z 34004KT 9999 FEW018 SCT150 BKN300 28/25 Q1010 NOSIG
2026-05-10 15:49 UTC,METAR WSSS 101530Z 34005KT 9999 FEW018 BKN300 28/26 Q1010 NOSIG
2026-05-10 16:50 UTC,METAR WSSS 101630Z 33003KT 9999 FEW018 BKN300 28/26 Q1010 NOSIG
2026-05-10 17:48 UTC,METAR WSSS 101730Z 34004KT 9999 FEW018 BKN300 27/25 Q1009 NOSIG
2026-05-10 18:56 UTC,METAR WSSS 101830Z 32003KT 9999 FEW018 BKN300 27/25 Q1008 NOSIG
2026-05-10 19:57 UTC,METAR WSSS 101930Z 33002KT 9999 FEW018 BKN300 26/25 Q1008 NOSIG
2026-05-10 20:50 UTC,METAR WSSS 102030Z VRB02KT 8000 FEW018 BKN300 27/25 Q1007 NOSIG
2026-05-10 21:42 UTC,METAR WSSS 102130Z VRB01KT 8000 FEW018 BKN300 26/25 Q1007 NOSIG
2026-05-10 22:41 UTC,METAR WSSS 102230Z 35002KT 9000 FEW018 FEW020TCU BKN300 26/25 Q1008 NOSIG
2026-05-10 23:47 UTC,METAR WSSS 102330Z 33002KT 7000 FEW018TCU FEW020CB BKN300 26/25 Q1008 NOSIG
2026-05-11 02:45 UTC,METAR WSSS 110230Z 18004KT 9999 -SHRA SCT016 FEW018TCU BKN300 30/24 Q1010 NOSIG
2026-05-11 06:35 UTC,METAR WSSS 110630Z 18007KT 140V280 9999 TS FEW018TCU FEW020CB SCT040 BKN300 32/26 Q1007 BECMG TL0645 NSW
2026-05-11 10:34 UTC,METAR WSSS 111030Z 18006KT 9999 FEW018TCU BKN300 29/25 Q1007 NOSIG
2026-05-11 13:44 UTC,METAR WSSS 111330Z 19002KT 9999 FEW018 SCT030 BKN300 28/25 Q1009 NOSIG
2026-05-11 16:29 UTC,METAR WSSS 111600Z 00000KT 9999 FEW018 BKN300 28/26 Q1009 NOSIG
2026-05-11 18:18 UTC,METAR WSSS 111800Z 17004KT 9999 FEW016 BKN300 28/26 Q1008 NOSIG
2026-05-11 20:14 UTC,METAR WSSS 112000Z 18004KT 9999 FEW016 BKN300 28/25 Q1008 NOSIG
2026-05-11 21:48 UTC,METAR WSSS 112130Z 19004KT 9999 SCT016 BKN300 28/25 Q1007 NOSIG
2026-05-11 22:50 UTC,METAR WSSS 112230Z 18004KT 9999 FEW016 FEW018TCU BKN300 28/26 Q1008 NOSIG
2026-05-11 23:54 UTC,METAR WSSS 112330Z 18002KT 9999 FEW018 FEW020TCU BKN300 28/26 Q1008 NOSIG
2026-05-12 02:38 UTC,METAR WSSS 120230Z 15005KT 110V190 9999 FEW018TCU SCT020 BKN300 31/26 Q1009 NOSIG
2026-05-12 06:10 UTC,METAR WSSS 120600Z VRB06KT 9999 FEW016TCU FEW018CB SCT300 31/26 Q1007 RETS NOSIG
2026-05-12 09:16 UTC,METAR WSSS 120900Z VRB03G15KT 9999 VCSH SCT015 FEW017CB FEW018TCU SCT270 31/25 Q1006 NOSIG
2026-05-12 11:29 UTC,METAR WSSS 121100Z 18013KT 9999 -SHRA FEW014 FEW016TCU SCT050 27/25 Q1007 NOSIG
2026-05-12 13:20 UTC,METAR WSSS 121300Z 17003KT 110V210 9999 FEW018 SCT160 BKN300 27/23 Q1007 NOSIG
2026-05-12 15:58 UTC,METAR WSSS 121530Z 00000KT 9999 FEW018 BKN160 27/24 Q1009 NOSIG
2026-05-12 18:03 UTC,METAR WSSS 121800Z 33003KT 9999 FEW018 BKN300 26/24 Q1007 NOSIG
2026-05-12 20:13 UTC,METAR WSSS 122000Z VRB02KT 9999 FEW018 SCT150 BKN300 26/25 Q1007 NOSIG
2026-05-12 21:47 UTC,METAR WSSS 122130Z 00000KT 9999 FEW018 BKN300 26/24 Q1007 NOSIG
2026-05-12 22:56 UTC,METAR WSSS 122230Z VRB02KT 9999 FEW018 BKN300 27/25 Q1008 NOSIG
2026-05-12 23:58 UTC,METAR WSSS 122330Z 00000KT 9999 FEW018 SCT150 BKN300 27/25 Q1008 NOSIG
2026-05-13 03:46 UTC,SPECI WSSS 130340Z 23006KT 200V280 2000 +SHRA FEW008 FEW014CB BKN015TCU 26/25 Q1010 TEMPO TL0415 +TSRA BECMG FM0415 TL0430 4500 TSRA BECMG FM0445 TL0500 6000 NSW
2026-05-13 06:44 UTC,METAR WSSS 130630Z 27004KT 200V330 8000 -RA FEW012 SCT016 BKN170 27/24 Q1007 NOSIG
2026-05-13 09:40 UTC,METAR WSSS 130930Z 16006KT 9999 -RA SCT014 SCT170 28/25 Q1006 NOSIG
2026-05-13 12:00 UTC,METAR WSSS 131130Z 17007KT 9999 FEW015 FEW018TCU SCT160 27/24 Q1007 NOSIG
2026-05-13 14:53 UTC,METAR WSSS 131430Z 20004KT 9999 FEW016 BKN300 26/24 Q1008 NOSIG
2026-05-13 17:13 UTC,METAR WSSS 131700Z 18005KT 9999 FEW016 BKN300 27/25 Q1008 NOSIG
2026-05-13 19:15 UTC,METAR WSSS 131900Z 19004KT 9999 FEW015 SCT150 BKN300 27/25 Q1007 NOSIG
2026-05-13 21:06 UTC,METAR WSSS 132100Z 19004KT 9999 FEW015 BKN150 28/26 Q1006 NOSIG
2026-05-13 22:43 UTC,METAR WSSS 132230Z VRB02KT 9999 SCT016 BKN150 28/26 Q1007 NOSIG
2026-05-13 23:52 UTC,METAR WSSS 132330Z 21004KT 9999 FEW016 BKN150 29/25 Q1007 NOSIG
2026-05-14 02:45 UTC,METAR WSSS 140230Z 18008KT 9999 SCT018 BKN300 31/25 Q1009 NOSIG
2026-05-14 06:20 UTC,METAR WSSS 140600Z 17012KT 9999 FEW018 FEW020CB BKN300 32/24 Q1007 NOSIG
2026-05-14 09:13 UTC,METAR WSSS 140900Z 18012KT 9999 FEW020CB SCT170 BKN300 31/25 Q1005 NOSIG
2026-05-14 11:24 UTC,METAR WSSS 141100Z 18007KT 9999 FEW020TCU BKN300 29/25 Q1006 NOSIG
2026-05-14 13:12 UTC,METAR WSSS 141300Z 18004KT 9999 FEW018 BKN300 29/25 Q1007 NOSIG
2026-05-14 15:39 UTC,METAR WSSS 141530Z 21002KT 9999 FEW018 BKN160 29/25 Q1009 NOSIG
2026-05-14 17:45 UTC,METAR WSSS 141730Z 00000KT 9999 FEW018 SCT060 28/25 Q1008 NOSIG
2026-05-14 19:40 UTC,METAR WSSS 141930Z 36002KT 9999 FEW018 BKN170 28/26 Q1007 NOSIG
2026-05-14 21:06 UTC,METAR WSSS 142100Z VRB01KT 8000 FEW018 BKN070 27/25 Q1006 NOSIG
2026-05-14 22:35 UTC,METAR WSSS 142230Z 33005KT 8000 TS FEW016 FEW018CB SCT070 27/25 Q1007 NOSIG
2026-05-14 23:54 UTC,METAR WSSS 142330Z 33003KT 7000 -SHRA FEW014 FEW016CB SCT017TCU 27/25 Q1008 NOSIG
2026-05-15 02:45 UTC,METAR WSSS 150230Z 17009KT 150V210 1000 R20R/P2000N R20C/P2000N R20L/1400U +SHRA FEW008 FEW015CB BKN016TCU 25/24 Q1010 TEMPO TL0300 +TSRA BECMG FM0300 TL0315 4000 SHRA BECMG FM0330 TL0345 6000 NSW
2026-05-15 06:30 UTC,METAR WSSS 150600Z 22007KT 9999 -RA SCT015 BKN160 27/25 Q1008 NOSIG
2026-05-15 09:43 UTC,METAR WSSS 150930Z 21007KT 180V240 9999 FEW018 BKN160 28/24 Q1006 NOSIG
2026-05-15 11:51 UTC,METAR WSSS 151130Z VRB02KT 9999 FEW018 SCT160 BKN300 28/23 Q1007 NOSIG
2026-05-15 13:57 UTC,METAR WSSS 151330Z 21003KT 9999 FEW018 SCT170 27/24 Q1009 NOSIG
2026-05-15 16:03 UTC,METAR WSSS 151600Z VRB02KT 9999 FEW018 BKN160 27/24 Q1010 NOSIG
2026-05-15 17:59 UTC,METAR WSSS 151730Z 24003KT 190V310 9999 FEW018 BKN160 27/24 Q1009 NOSIG
2026-05-15 19:48 UTC,METAR WSSS 151930Z VRB02KT 9999 FEW018 BKN160 27/24 Q1008 NOSIG
2026-05-15 20:56 UTC,METAR WSSS 152030Z VRB01KT 9999 FEW018 BKN160 27/24 Q1007 NOSIG
2026-05-15 21:58 UTC,METAR WSSS 152130Z VRB01KT 9999 FEW018 BKN160 27/24 Q1007 NOSIG
2026-05-15 22:57 UTC,METAR WSSS 152230Z VRB02KT 9999 FEW018 BKN160 27/25 Q1008 NOSIG
2026-05-15 23:55 UTC,METAR WSSS 152330Z 25003KT 190V320 9999 VCSH FEW017CB FEW018TCU SCT060 BKN160 27/25 Q1008 NOSIG
2026-05-16 02:43 UTC,METAR WSSS 160230Z 25004KT 200V320 5000 -SHRA FEW012 FEW016CB SCT017TCU 26/24 Q1011 TEMPO TL0325 2000 TSRA
2026-05-16 05:50 UTC,METAR WSSS 160530Z 23005KT 190V280 7000 RA FEW015 FEW016TCU OVC160 26/24 Q1010 BECMG TL0600 NSW
2026-05-16 07:58 UTC,METAR WSSS 160730Z 28004KT 220V350 9999 -RA FEW010 OVC160 26/24 Q1009 NOSIG
2026-05-16 09:43 UTC,METAR WSSS 160930Z 28003KT 250V340 9999 -RA FEW014 BKN160 26/25 Q1008 NOSIG
2026-05-16 10:59 UTC,METAR WSSS 161030Z VRB02KT 9999 -RA FEW014 BKN160 26/25 Q1008 NOSIG
2026-05-16 11:57 UTC,METAR WSSS 161130Z VRB02KT 9999 -RA FEW016 BKN160 26/25 Q1008 NOSIG
2026-05-16 13:37 UTC,METAR WSSS 161330Z 16004KT 9999 FEW018 SCT150 BKN270 26/25 Q1008 NOSIG
2026-05-16 14:52 UTC,METAR WSSS 161430Z 27002KT 9999 -RA FEW018 BKN150 26/25 Q1009 NOSIG
2026-05-16 15:54 UTC,METAR WSSS 161530Z 27003KT 220V300 9999 -RA FEW018 BKN150 26/25 Q1010 NOSIG
2026-05-16 16:54 UTC,METAR WSSS 161630Z VRB02KT 9999 FEW018 BKN150 26/25 Q1010 NOSIG
2026-05-16 17:52 UTC,METAR WSSS 161730Z 22002KT 9999 FEW018 BKN160 25/25 Q1010 NOSIG
2026-05-16 18:58 UTC,METAR WSSS 161830Z 20002KT 9999 FEW018 BKN160 26/25 Q1009 NOSIG
2026-05-16 20:03 UTC,METAR WSSS 162000Z 22002KT 9000 -SHRA FEW012 FEW016TCU SCT030 25/25 Q1008 NOSIG
2026-05-16 21:09 UTC,METAR WSSS 162100Z 23003KT 200V260 9999 FEW016 BKN270 26/25 Q1008 NOSIG
2026-05-16 22:08 UTC,METAR WSSS 162200Z VRB01KT 9999 FEW016 SCT160 BKN270 26/25 Q1008 NOSIG
2026-05-16 23:13 UTC,METAR WSSS 162300Z 18002KT 9999 FEW016 SCT160 BKN270 26/24 Q1008 NOSIG
2026-05-17 00:12 UTC,METAR WSSS 170000Z 17005KT 9999 FEW016 SCT160 BKN270 27/25 Q1009 NOSIG
2026-05-17 04:37 UTC,METAR WSSS 170430Z 18006KT 140V200 9999 FEW018 SCT170 BKN280 30/23 Q1009 NOSIG
2026-05-17 07:31 UTC,METAR WSSS 170730Z 16008KT 9999 FEW020 BKN280 31/24 Q1007 NOSIG
2026-05-17 09:43 UTC,METAR WSSS 170930Z 18006KT 9999 FEW020 BKN280 31/23 Q1006 NOSIG
2026-05-17 11:01 UTC,METAR WSSS 171100Z 19004KT 9999 FEW018 SCT280 BKN300 30/23 Q1007 NOSIG
2026-05-17 12:09 UTC,METAR WSSS 171200Z 23003KT 200V260 9999 FEW018 BKN170 29/24 Q1007 NOSIG
2026-05-17 14:02 UTC,METAR WSSS 171400Z 20002KT 9999 FEW018 SCT160 BKN300 28/24 Q1008 NOSIG
2026-05-17 15:35 UTC,METAR WSSS 171530Z 16005KT 9999 FEW018 BKN160 28/25 Q1010 NOSIG
2026-05-17 16:54 UTC,METAR WSSS 171630Z 20003KT 9999 FEW018 SCT160 BKN300 28/25 Q1010 NOSIG
2026-05-17 17:55 UTC,METAR WSSS 171730Z 21002KT 9999 FEW018 BKN160 28/25 Q1010 NOSIG
2026-05-17 19:03 UTC,METAR WSSS 171900Z 18003KT 9999 FEW018 BKN140 28/25 Q1009 NOSIG
2026-05-17 20:11 UTC,METAR WSSS 172000Z 11002KT 9999 FEW018 BKN140 28/25 Q1008 NOSIG
2026-05-17 21:13 UTC,METAR WSSS 172100Z VRB02KT 9999 FEW018 BKN140 28/24 Q1008 NOSIG
2026-05-17 22:13 UTC,METAR WSSS 172200Z VRB01KT 9999 FEW018 SCT140 BKN300 27/24 Q1008 NOSIG
2026-05-17 23:27 UTC,METAR WSSS 172300Z 33003KT 9999 FEW018 BKN300 27/24 Q1008 NOSIG
2026-05-18 01:28 UTC,METAR WSSS 180100Z 07003KT 010V100 9999 VCSH FEW016 FEW018TCU SCT150 29/24 Q1010 NOSIG
2026-05-18 05:45 UTC,METAR WSSS 180530Z 17004KT 120V230 9999 TS FEW017CB FEW018TCU SCT040 31/25 Q1008 NOSIG
2026-05-18 09:53 UTC,METAR WSSS 180930Z 34004KT 300V010 9999 FEW018 BKN180 27/25 Q1007 NOSIG
2026-05-18 13:41 UTC,METAR WSSS 181330Z 05005KT 010V080 9999 FEW018 SCT280 28/25 Q1009 NOSIG
2026-05-18 16:44 UTC,METAR WSSS 181630Z 14006KT 080V190 9999 FEW018 BKN300 28/24 Q1009 NOSIG
2026-05-18 18:28 UTC,METAR WSSS 181800Z 00000KT 9999 FEW018 SCT170 BKN300 26/25 Q1009 NOSIG
2026-05-18 21:44 UTC,METAR WSSS 182130Z 00000KT 9999 FEW018 BKN170 26/25 Q1008 NOSIG
2026-05-18 22:56 UTC,METAR WSSS 182230Z 20002KT 8000 FEW018 SCT170 26/25 Q1008 NOSIG
2026-05-19 00:05 UTC,METAR WSSS 190000Z VRB01KT 9000 FEW018 BKN300 28/27 Q1009 NOSIG
2026-05-19 04:39 UTC,METAR WSSS 190430Z 13007KT 090V180 9999 FEW020 SCT170 BKN300 32/26 Q1008 NOSIG
2026-05-19 08:23 UTC,METAR WSSS 190800Z 16007KT 120V190 9999 FEW020TCU BKN300 32/25 Q1006 NOSIG
2026-05-19 11:37 UTC,METAR WSSS 191130Z 08007KT 030V110 9999 FEW015 FEW018TCU SCT300 30/26 Q1006 NOSIG
2026-05-19 14:51 UTC,METAR WSSS 191430Z 12005KT 080V150 9999 FEW016 BKN300 29/26 Q1008 NOSIG
2026-05-19 17:35 UTC,METAR WSSS 191730Z 10005KT 9999 FEW018 BKN300 29/25 Q1008 NOSIG
2026-05-19 19:47 UTC,METAR WSSS 191930Z 07004KT 9999 FEW018 BKN300 29/25 Q1007 NOSIG
2026-05-19 21:15 UTC,METAR WSSS 192100Z VRB03KT 9999 FEW018 BKN300 28/26 Q1007 NOSIG
2026-05-19 22:42 UTC,METAR WSSS 192230Z VRB02KT 9999 FEW018 BKN300 28/26 Q1007 NOSIG
2026-05-19 23:59 UTC,METAR WSSS 192330Z VRB02KT 9999 FEW018 BKN300 28/26 Q1008 NOSIG
2026-05-20 04:20 UTC,METAR WSSS 200400Z VRB04KT 9999 SCT020 BKN300 32/26 Q1009 NOSIG
2026-05-20 08:00 UTC,METAR WSSS 200730Z 17008KT 9999 SCT018TCU FEW020CB BKN300 32/24 Q1006 NOSIG
2026-05-20 11:14 UTC,METAR WSSS 201100Z 10009KT 050V130 9999 -SHRA FEW014 FEW016CB SCT018TCU 30/26 Q1006 REFC NOSIG
2026-05-20 14:02 UTC,METAR WSSS 201400Z VRB05KT 9999 FEW016 FEW018CB BKN300 30/26 Q1008 NOSIG
2026-05-20 17:37 UTC,METAR WSSS 201730Z VRB02KT 9999 TS FEW016 FEW017CB FEW018TCU SCT300 27/25 Q1009 BECMG FM1745 TL1800 4000 TSRA BECMG FM1845 TL1900 6000 NSW
2026-05-20 20:08 UTC,METAR WSSS 202000Z VRB02KT 8000 FEW018 SCT060 26/25 Q1008 NOSIG
2026-05-20 22:09 UTC,METAR WSSS 202200Z 00000KT 7000 FEW018 SCT050 BKN150 26/25 Q1008 NOSIG
2026-05-20 23:46 UTC,METAR WSSS 202330Z 35002KT 9000 FEW016 FEW018TCU SCT040 26/25 Q1009 NOSIG
2026-05-21 02:53 UTC,METAR WSSS 210230Z 23004KT 180V280 9999 FEW018 FEW020TCU BKN140 29/24 Q1011 NOSIG
2026-05-21 06:50 UTC,METAR WSSS 210630Z 16008KT 140V200 9999 FEW020 BKN300 31/25 Q1008 NOSIG
2026-05-21 10:36 UTC,METAR WSSS 211030Z 20006KT 180V250 9999 FEW014 FEW018TCU BKN300 31/25 Q1008 NOSIG
2026-05-21 14:11 UTC,METAR WSSS 211400Z VRB02KT 9999 FEW018 BKN300 29/24 Q1010 NOSIG
2026-05-21 17:10 UTC,METAR WSSS 211700Z VRB02KT 9999 FEW018 BKN300 28/24 Q1010 NOSIG
2026-05-21 19:24 UTC,METAR WSSS 211900Z VRB01KT 9999 FEW018 BKN300 27/24 Q1010 NOSIG
2026-05-21 21:09 UTC,METAR WSSS 212100Z 32002KT 9999 FEW018 BKN300 26/25 Q1009 NOSIG
2026-05-21 22:47 UTC,METAR WSSS 212230Z 36001KT 9000 FEW018 BKN150 27/25 Q1010 NOSIG
2026-05-21 23:58 UTC,METAR WSSS 212330Z 33002KT 6000 FEW018 BKN300 27/26 Q1010 NOSIG
2026-05-22 04:07 UTC,METAR WSSS 220400Z 18010KT 150V220 9999 VCSH FEW018TCU BKN300 31/25 Q1011 NOSIG
2026-05-22 07:57 UTC,METAR WSSS 220730Z 17010KT 9999 FEW020 SCT280 BKN300 31/25 Q1009 NOSIG
2026-05-22 10:51 UTC,METAR WSSS 221030Z 18007KT 9999 FEW016 FEW018TCU BKN270 30/24 Q1009 NOSIG
2026-05-22 13:27 UTC,METAR WSSS 221300Z VRB02KT 9999 FEW018 FEW020CB BKN300 29/24 Q1010 NOSIG
2026-05-22 16:01 UTC,METAR WSSS 221530Z 13005KT 040V170 9999 FEW018 BKN300 30/26 Q1011 NOSIG
2026-05-22 18:13 UTC,METAR WSSS 221800Z 33004KT 9999 FEW016 BKN300 28/26 Q1010 NOSIG
2026-05-22 20:17 UTC,METAR WSSS 222000Z 34002KT 9999 FEW015 BKN300 27/26 Q1010 NOSIG
2026-05-22 21:40 UTC,METAR WSSS 222130Z VRB02KT 9999 FEW016 BKN300 27/26 Q1010 NOSIG
2026-05-22 22:53 UTC,METAR WSSS 222230Z VRB02KT 9000 FEW018 BKN300 28/26 Q1011 NOSIG
2026-05-23 00:02 UTC,METAR WSSS 222330Z VRB01KT 9999 FEW016 BKN300 28/26 Q1011 NOSIG
2026-05-23 04:13 UTC,METAR WSSS 230400Z 10005KT 040V190 9999 FEW018TCU SCT020 BKN300 32/26 Q1012 NOSIG
2026-05-23 07:13 UTC,METAR WSSS 230700Z VRB04KT 9999 FEW018 FEW020CB BKN160 27/25 Q1010 NOSIG
2026-05-23 09:18 UTC,METAR WSSS 230900Z 35003KT 320V020 9999 FEW018 BKN160 29/26 Q1009 NOSIG
2026-05-23 10:50 UTC,METAR WSSS 231030Z 34006KT 9999 FEW018 BKN160 28/25 Q1009 NOSIG
2026-05-23 11:57 UTC,METAR WSSS 231130Z 33002KT 9999 FEW018 SCT160 BKN300 27/25 Q1011 NOSIG
2026-05-23 13:38 UTC,METAR WSSS 231330Z 34003KT 9999 FEW018 BKN300 27/25 Q1012 NOSIG
2026-05-23 14:56 UTC,METAR WSSS 231430Z 33003KT 9999 FEW018 BKN300 27/25 Q1012 NOSIG
2026-05-23 16:01 UTC,METAR WSSS 231530Z VRB02KT 6000 FEW018 BKN300 26/25 Q1012 NOSIG
2026-05-23 17:32 UTC,METAR WSSS 231700Z 32002KT 5000 HZ FEW018 BKN300 27/25 Q1012 NOSIG
2026-05-23 19:03 UTC,METAR WSSS 231900Z 01003KT 6000 FEW018 BKN150 26/25 Q1011 NOSIG
2026-05-23 20:12 UTC,METAR WSSS 232000Z 35001KT 7000 FEW018 BKN150 26/25 Q1011 NOSIG
2026-05-23 21:13 UTC,METAR WSSS 232100Z VRB02KT 8000 FEW018 BKN300 26/25 Q1011 NOSIG
2026-05-23 22:13 UTC,METAR WSSS 232200Z VRB01KT 9000 FEW018 BKN300 27/26 Q1012 NOSIG
2026-05-23 23:27 UTC,METAR WSSS 232300Z 34003KT 6000 FEW018 BKN150 27/25 Q1012 NOSIG
2026-05-24 01:29 UTC,METAR WSSS 240100Z VRB02KT 8000 FEW018 SCT050 BKN160 29/25 Q1013 NOSIG
2026-05-24 05:39 UTC,METAR WSSS 240530Z 18009KT 9999 FEW018TCU FEW020CB SCT040 BKN300 31/25 Q1011 NOSIG
2026-05-24 08:23 UTC,METAR WSSS 240800Z VRB01KT 5000 -TSRA FEW010 FEW016CB SCT017TCU 25/24 Q1010 RESHRA BECMG FM0845 TL0900 NSW
2026-05-24 10:17 UTC,METAR WSSS 241000Z VRB02KT 9999 FEW018 FEW020TCU SCT070 28/25 Q1010 NOSIG
2026-05-24 11:47 UTC,METAR WSSS 241130Z 34002KT 9999 FEW018 SCT070 26/25 Q1011 NOSIG
2026-05-24 13:16 UTC,METAR WSSS 241300Z 29003KT 8000 FEW018 BKN300 26/25 Q1012 NOSIG
2026-05-24 14:47 UTC,METAR WSSS 241430Z 32003KT 8000 FEW018 BKN300 27/25 Q1013 NOSIG
2026-05-24 15:58 UTC,METAR WSSS 241530Z 35002KT 8000 FEW018 BKN300 26/24 Q1013 NOSIG
2026-05-24 17:07 UTC,METAR WSSS 241700Z 00000KT 8000 FEW018 BKN300 26/25 Q1013 NOSIG
2026-05-24 18:35 UTC,METAR WSSS 241830Z 00000KT 8000 FEW018 BKN300 26/25 Q1011 NOSIG
2026-05-24 20:01 UTC,METAR WSSS 241930Z 01003KT 8000 FEW018 BKN300 25/25 Q1011 NOSIG
2026-05-24 21:27 UTC,METAR WSSS 242100Z 35002KT 7000 FEW018 BKN300 25/25 Q1011 NOSIG
2026-05-24 22:29 UTC,METAR WSSS 242200Z 00000KT 7000 FEW018 BKN300 26/25 Q1011 NOSIG
2026-05-24 23:34 UTC,METAR WSSS 242330Z 00000KT 3000 BR FEW018 BKN300 26/25 Q1011 BECMG FM0015 TL0045 6000 NSW
2026-05-25 03:25 UTC,METAR WSSS 250300Z 17008KT 9999 FEW018 FEW020TCU BKN300 31/24 Q1012 NOSIG
2026-05-25 08:02 UTC,METAR WSSS 250730Z 17006KT 8000 -TSRA FEW016 FEW017CB FEW018TCU SCT270 30/25 Q1010 BECMG TL0800 NSW
2026-05-25 12:02 UTC,METAR WSSS 251130Z 33003KT 9999 FEW018 SCT270 28/24 Q1010 NOSIG
2026-05-25 15:35 UTC,METAR WSSS 251530Z 00000KT 9000 FEW018 BKN160 26/25 Q1012 NOSIG
2026-05-25 17:39 UTC,METAR WSSS 251730Z 10003KT 010V130 9000 FEW018 BKN160 28/25 Q1011 NOSIG
2026-05-25 19:22 UTC,METAR WSSS 251900Z 20002KT 9000 FEW016 BKN160 27/26 Q1011 NOSIG
2026-05-25 20:47 UTC,METAR WSSS 252030Z 33003KT 8000 FEW016 BKN160 27/26 Q1010 NOSIG
2026-05-25 22:03 UTC,METAR WSSS 252130Z 34004KT 6000 FEW016 BKN160 26/25 Q1010 NOSIG
2026-05-25 23:37 UTC,METAR WSSS 252330Z VRB01KT 2000 BR FEW016 FEW020TCU BKN300 26/25 Q1010 BECMG TL2345 4000 BECMG FM0015 TL0030 6000 NSW
2026-05-26 02:46 UTC,METAR WSSS 260230Z 24004KT 190V300 4500 -SHRA FEW012 SCT016TCU FEW017CB 26/23 Q1012 BECMG TL0300 6000
2026-05-26 06:42 UTC,METAR WSSS 260630Z 18007KT 150V210 9999 FEW018TCU FEW020CB SCT270 32/24 Q1009 NOSIG
2026-05-26 13:50 UTC,METAR WSSS 261330Z 18003KT 9999 FEW018 BKN300 28/25 Q1010 NOSIG
2026-05-26 17:23 UTC,METAR WSSS 261700Z VRB01KT 9999 FEW018 BKN300 28/25 Q1011 NOSIG
2026-05-26 19:32 UTC,METAR WSSS 261930Z 34004KT 9999 FEW018 FEW020CB BKN300 27/26 Q1010 NOSIG
2026-05-26 21:39 UTC,METAR WSSS 262130Z 33003KT 300V360 9000 FEW018 BKN300 27/26 Q1010 NOSIG
2026-05-26 23:05 UTC,METAR WSSS 262300Z 35005KT 3000 HZ FEW018 SCT150 BKN300 27/25 Q1011 BECMG FM0030 TL0045 6000 NSW
2026-05-27 01:32 UTC,METAR WSSS 270130Z 36003KT 330V040 9999 FEW018 FEW020TCU BKN300 30/26 Q1012 NOSIG
2026-05-27 06:16 UTC,METAR WSSS 270600Z 18012KT 9999 FEW018TCU FEW020CB BKN300 33/24 Q1010 NOSIG
2026-05-27 10:35 UTC,METAR WSSS 271030Z 16007KT 130V190 9999 FEW018 BKN300 30/26 Q1009 NOSIG
2026-05-27 14:23 UTC,METAR WSSS 271400Z 17006KT 9999 FEW016 BKN300 29/26 Q1010 NOSIG
2026-05-27 17:39 UTC,METAR WSSS 271730Z 19003KT 9999 FEW016 BKN300 28/26 Q1012 NOSIG
2026-05-27 20:08 UTC,METAR WSSS 272000Z 18004KT 9999 FEW016 FEW020CB BKN300 27/25 Q1010 NOSIG
2026-05-27 22:15 UTC,METAR WSSS 272200Z 20003KT 9999 FEW016 FEW018CB BKN300 27/25 Q1011 NOSIG
2026-05-27 23:42 UTC,METAR WSSS 272330Z VRB02KT 9999 FEW015 FEW018CB FEW020TCU BKN300 28/25 Q1011 TEMPO FM2345 TL0030 3000 TSRA
2026-05-28 02:45 UTC,METAR WSSS 280230Z 20008KT 170V230 9999 FEW018 FEW020TCU SCT160 BKN300 29/24 Q1012 NOSIG
2026-05-28 06:51 UTC,METAR WSSS 280630Z 19013KT 9999 FEW020 BKN300 32/24 Q1010 NOSIG
2026-05-28 10:52 UTC,METAR WSSS 281030Z 18009KT 9999 FEW020 BKN300 30/23 Q1008 NOSIG
2026-05-28 14:34 UTC,METAR WSSS 281430Z 20003KT 9999 FEW018 BKN300 29/25 Q1011 NOSIG
2026-05-28 18:07 UTC,METAR WSSS 281800Z 14005KT 9999 FEW018 SCT160 BKN300 29/26 Q1011 NOSIG
2026-05-28 20:41 UTC,METAR WSSS 282030Z 14005KT 9999 FEW018 BKN160 29/26 Q1009 NOSIG
2026-05-28 22:39 UTC,METAR WSSS 282230Z 00000KT 9999 FEW018 SCT060 BKN300 28/26 Q1009 NOSIG
2026-05-29 00:07 UTC,METAR WSSS 290000Z 00000KT 9999 FEW017CB FEW018TCU SCT040 29/27 Q1011 TEMPO FM0030 TL0115 27015G30KT 3000 TSRA
2026-05-29 04:51 UTC,METAR WSSS 290430Z VRB02KT 9999 FEW018 SCT160 28/25 Q1011 NOSIG
2026-05-29 08:39 UTC,METAR WSSS 290830Z 16007KT 130V210 9999 FEW016 SCT150 30/25 Q1008 NOSIG
2026-05-29 12:11 UTC,METAR WSSS 291200Z 14006KT 9999 FEW016 BKN160 28/24 Q1010 NOSIG
2026-05-29 16:12 UTC,METAR WSSS 291600Z 14004KT 9999 FEW016 BKN160 28/25 Q1012 NOSIG
2026-05-29 19:05 UTC,METAR WSSS 291900Z 20004KT 9999 FEW016 FEW018CB BKN160 27/25 Q1010 NOSIG
2026-05-29 21:20 UTC,METAR WSSS 292100Z VRB02KT 6000 -TSRA FEW010 FEW015CB SCT016TCU 24/22 Q1011 RESHRA BECMG FM2130 TL2145 NSW
2026-05-29 22:48 UTC,METAR WSSS 292230Z 21003KT 180V260 8000 -TSRA FEW010 FEW015CB SCT016TCU 25/23 Q1010 BECMG TL2245 NSW
2026-05-30 00:05 UTC,METAR WSSS 300000Z VRB01KT 9999 -RA FEW012 BKN150 24/23 Q1010 NOSIG
2026-05-30 04:32 UTC,METAR WSSS 300430Z 18006KT 150V230 9999 FEW020 SCT160 BKN280 30/24 Q1011 NOSIG
2026-05-30 07:37 UTC,METAR WSSS 300730Z 18009KT 9999 FEW020 BKN270 31/24 Q1008 NOSIG
2026-05-30 09:55 UTC,METAR WSSS 300930Z 17006KT 140V200 9999 FEW020 BKN280 31/24 Q1008 NOSIG
2026-05-30 11:17 UTC,METAR WSSS 301100Z 17006KT 9999 FEW020 SCT170 BKN300 30/24 Q1008 NOSIG
2026-05-30 12:45 UTC,METAR WSSS 301230Z 12004KT 100V160 9999 FEW016 BKN160 30/25 Q1009 NOSIG
2026-05-30 14:25 UTC,METAR WSSS 301400Z 13006KT 9999 FEW016 SCT280 29/25 Q1010 NOSIG
2026-05-30 15:45 UTC,METAR WSSS 301530Z 14005KT 9999 FEW018 BKN300 29/25 Q1011 NOSIG
2026-05-30 16:57 UTC,METAR WSSS 301630Z 10004KT 070V140 9999 FEW016 BKN300 29/25 Q1011 NOSIG
2026-05-30 18:03 UTC,METAR WSSS 301800Z 11004KT 9999 FEW016 BKN300 29/25 Q1010 NOSIG
2026-05-30 19:47 UTC,METAR WSSS 301930Z 11004KT 9999 SCT016 BKN300 29/25 Q1009 NOSIG
2026-05-30 20:51 UTC,METAR WSSS 302030Z 10003KT 9999 FEW016 BKN300 29/25 Q1009 NOSIG
2026-05-30 21:57 UTC,METAR WSSS 302130Z 09003KT 9999 FEW016 BKN300 29/25 Q1009 NOSIG
2026-05-30 22:58 UTC,METAR WSSS 302230Z VRB02KT 9999 FEW018 BKN300 28/25 Q1010 NOSIG
2026-05-31 00:03 UTC,METAR WSSS 310000Z 13005KT 9999 FEW018 BKN300 29/26 Q1010 NOSIG
2026-05-31 04:58 UTC,METAR WSSS 310430Z 16007KT 130V200 9999 FEW018CB FEW020TCU BKN300 32/26 Q1009 NOSIG
2026-05-31 08:16 UTC,METAR WSSS 310800Z 34005KT 300V010 9999 FEW017TCU FEW018CB SCT150 28/25 Q1008 NOSIG
2026-05-31 10:28 UTC,METAR WSSS 311000Z 15006KT 090V190 9999 FEW018 FEW020TCU SCT150 BKN270 30/25 Q1009 NOSIG
2026-05-31 11:57 UTC,METAR WSSS 311130Z 08004KT 050V110 9999 FEW018 SCT150 BKN280 29/26 Q1009 NOSIG
2026-05-31 13:50 UTC,METAR WSSS 311330Z 11006KT 080V180 9999 FEW018 BKN280 29/25 Q1010 NOSIG
2026-05-31 15:15 UTC,METAR WSSS 311500Z 11005KT 020V160 9999 FEW020 BKN280 29/25 Q1011 NOSIG
2026-05-31 16:40 UTC,METAR WSSS 311630Z VRB02KT 9999 FEW020 SCT280 28/26 Q1011 NOSIG
2026-05-31 17:57 UTC,METAR WSSS 311730Z VRB02KT 9999 FEW018 SCT280 28/26 Q1011 NOSIG
2026-05-31 19:21 UTC,METAR WSSS 311900Z 33002KT 9999 FEW016 BKN300 27/26 Q1010 NOSIG
2026-05-31 20:36 UTC,METAR WSSS 312030Z VRB01KT 9999 FEW016 BKN300 27/26 Q1010 NOSIG
2026-05-31 21:56 UTC,METAR WSSS 312130Z 12004KT 9999 FEW016 BKN300 29/26 Q1010 NOSIG
2026-05-31 22:58 UTC,METAR WSSS 312230Z 16004KT 130V190 9999 FEW018 BKN300 28/25 Q1010 NOSIG
2026-06-01 00:09 UTC,METAR WSSS 010000Z 11004KT 9999 FEW018 FEW020TCU BKN300 29/26 Q1010 NOSIG
2026-06-01 05:23 UTC,METAR WSSS 010500Z 19009KT 9999 FEW018TCU FEW020CB SCT150 30/24 Q1011 NOSIG
2026-06-01 10:36 UTC,METAR WSSS 011030Z 18007KT 9999 FEW018 SCT160 BKN300 30/24 Q1009 NOSIG
2026-06-01 16:34 UTC,METAR WSSS 011630Z 17005KT 9999 FEW016 BKN300 28/25 Q1011 NOSIG
2026-06-01 20:53 UTC,METAR WSSS 012030Z 17005KT 9999 FEW016 BKN300 28/26 Q1009 NOSIG
2026-06-01 22:58 UTC,METAR WSSS 012230Z 17005KT 9999 FEW016 BKN300 28/25 Q1010 NOSIG
2026-06-02 00:17 UTC,METAR WSSS 020000Z 20002KT 9999 FEW016 BKN050 29/26 Q1010 NOSIG
2026-06-02 05:09 UTC,METAR WSSS 020500Z 17008KT 140V220 9999 FEW016 FEW018TCU SCT300 32/26 Q1010 NOSIG
2026-06-02 09:47 UTC,METAR WSSS 020930Z 18008KT 9999 FEW018 FEW020TCU BKN280 32/25 Q1008 NOSIG
2026-06-02 13:57 UTC,METAR WSSS 021330Z 11006KT 9999 FEW016 SCT280 30/26 Q1010 NOSIG
2026-06-02 18:04 UTC,METAR WSSS 021800Z 16005KT 110V200 9999 FEW018 BKN280 29/26 Q1009 NOSIG
2026-06-02 21:29 UTC,METAR WSSS 022100Z 15006KT 9999 FEW018 BKN300 29/25 Q1009 NOSIG
2026-06-02 23:16 UTC,METAR WSSS 022300Z 16004KT 9999 FEW018 BKN300 28/26 Q1009 NOSIG
2026-06-03 02:06 UTC,METAR WSSS 030200Z 13009KT 090V170 9999 FEW018TCU BKN300 31/26 Q1010 NOSIG
2026-06-03 07:20 UTC,METAR WSSS 030700Z 18010KT 9999 FEW020 BKN300 33/25 Q1007 NOSIG
2026-06-03 12:18 UTC,METAR WSSS 031200Z 18008KT 9999 FEW018TCU FEW020CB BKN280 29/24 Q1008 NOSIG
2026-06-03 17:25 UTC,METAR WSSS 031700Z 15008KT 9999 FEW018 BKN280 30/25 Q1010 NOSIG
2026-06-03 20:35 UTC,METAR WSSS 032030Z 18005KT 9999 FEW016 SCT300 28/26 Q1008 NOSIG
2026-06-03 23:02 UTC,METAR WSSS 032300Z 15006KT 9999 FEW016 FEW020TCU BKN300 29/26 Q1009 NOSIG
2026-06-04 02:04 UTC,METAR WSSS 040200Z 15011KT 9999 FEW018 BKN300 31/27 Q1010 NOSIG
2026-06-04 07:01 UTC,METAR WSSS 040700Z 15009KT 110V180 9999 FEW020TCU SCT022 BKN300 33/26 Q1008 NOSIG
2026-06-04 10:46 UTC,METAR WSSS 041030Z 11009KT 9999 FEW020 BKN300 31/26 Q1007 NOSIG
2026-06-04 13:55 UTC,METAR WSSS 041330Z 13008KT 9999 FEW018 BKN300 30/27 Q1009 NOSIG
2026-06-04 16:51 UTC,METAR WSSS 041630Z 11008KT 9999 SCT018 BKN300 30/26 Q1010 NOSIG
2026-06-04 19:21 UTC,METAR WSSS 041900Z 11006KT 9999 FEW018 BKN300 30/26 Q1010 NOSIG
2026-06-04 21:10 UTC,METAR WSSS 042100Z 12007KT 9999 FEW016 BKN300 30/26 Q1009 NOSIG
2026-06-04 22:51 UTC,METAR WSSS 042230Z 16003KT 130V200 9999 FEW018 FEW020CB BKN300 28/26 Q1010 NOSIG
2026-06-05 00:02 UTC,METAR WSSS 042330Z 11004KT 080V140 9999 FEW018TCU BKN300 30/26 Q1010 NOSIG
2026-06-05 04:54 UTC,METAR WSSS 050430Z 13009KT 100V160 9999 FEW018 FEW020CB SCT160 32/26 Q1010 NOSIG
2026-06-05 08:40 UTC,METAR WSSS 050830Z 16012KT 9999 VCSH FEW018TCU FEW020CB SCT030 BKN300 31/25 Q1008 NOSIG
2026-06-05 11:58 UTC,METAR WSSS 051130Z 13009KT 100V160 9999 FEW018 BKN300 31/26 Q1008 NOSIG
2026-06-05 15:18 UTC,METAR WSSS 051500Z 13008KT 9999 FEW018 BKN300 30/26 Q1010 NOSIG
2026-06-05 17:28 UTC,METAR WSSS 051700Z 12007KT 9999 FEW018 BKN300 30/26 Q1010 NOSIG
2026-06-05 19:18 UTC,METAR WSSS 051900Z 17005KT 090V200 9999 FEW016 FEW018TCU BKN300 30/26 Q1010 NOSIG
2026-06-05 21:06 UTC,METAR WSSS 052100Z 16004KT 110V180 9999 FEW016 BKN300 28/26 Q1009 NOSIG
2026-06-05 22:40 UTC,METAR WSSS 052230Z 15004KT 9999 FEW016 BKN300 29/26 Q1010 NOSIG
2026-06-06 00:02 UTC,METAR WSSS 060000Z 14006KT 9999 FEW018 FEW020TCU BKN300 30/26 Q1011 NOSIG
2026-06-06 04:34 UTC,METAR WSSS 060430Z 17006KT 140V230 9999 SCT018 FEW020TCU BKN300 32/26 Q1011 NOSIG
2026-06-06 07:43 UTC,METAR WSSS 060730Z 12019KT 7000 3000S -SHRA FEW014 SCT016TCU FEW017CB 31/26 Q1009 NOSIG
2026-06-06 09:59 UTC,METAR WSSS 060930Z 13008KT 9999 FEW018TCU FEW020CB BKN300 32/26 Q1009 NOSIG
2026-06-06 11:38 UTC,METAR WSSS 061130Z 14010KT 9999 FEW018 FEW020TCU BKN300 31/26 Q1009 NOSIG
2026-06-06 13:22 UTC,METAR WSSS 061300Z 14008KT 9999 FEW016 BKN300 30/27 Q1010 NOSIG
2026-06-06 14:56 UTC,METAR WSSS 061430Z 13007KT 9999 FEW016 BKN300 30/27 Q1011 NOSIG
2026-06-06 16:04 UTC,METAR WSSS 061600Z 15004KT 110V180 9999 FEW016 BKN160 30/26 Q1011 NOSIG
2026-06-06 17:40 UTC,METAR WSSS 061730Z 15006KT 9999 FEW016 SCT020 BKN300 30/26 Q1011 NOSIG
2026-06-06 19:15 UTC,METAR WSSS 061900Z 12006KT 9999 SCT015 BKN300 30/26 Q1011 NOSIG
2026-06-06 20:38 UTC,METAR WSSS 062030Z 16005KT 9999 FEW015 FEW018TCU SCT160 BKN300 29/27 Q1011 NOSIG
2026-06-06 21:59 UTC,SPECI WSSS 062145Z 10010KT 4500 TSRA FEW010 FEW015CB SCT016TCU 26/23 Q1011 BECMG TL2200 7000 NSW
2026-06-06 23:11 UTC,METAR WSSS 062300Z 13007KT 9999 FEW014 FEW017TCU SCT070 27/25 Q1011 NOSIG
2026-06-07 01:36 UTC,METAR WSSS 070130Z 13005KT 100V160 9999 FEW018TCU SCT280 BKN300 29/24 Q1013 NOSIG
2026-06-07 06:20 UTC,METAR WSSS 070600Z 16010KT 8000 -TSRA SCT016 FEW017CB FEW018TCU 28/24 Q1011 TEMPO TL0630 4000 TSRA BECMG FM0645 TL0700 NSW
2026-06-07 09:44 UTC,METAR WSSS 070930Z 20006KT 9999 FEW018TCU BKN280 30/24 Q1010 NOSIG
2026-06-07 11:45 UTC,METAR WSSS 071130Z 19006KT 170V230 9999 FEW016 BKN300 28/25 Q1010 NOSIG
2026-06-07 13:43 UTC,METAR WSSS 071330Z 18006KT 9999 FEW015 SCT160 BKN300 28/25 Q1011 NOSIG
2026-06-07 15:21 UTC,METAR WSSS 071500Z 19003KT 9999 FEW016 BKN300 28/25 Q1012 NOSIG
2026-06-07 16:50 UTC,METAR WSSS 071630Z 16006KT 9999 FEW015 BKN300 28/25 Q1012 NOSIG
2026-06-07 18:00 UTC,METAR WSSS 071730Z 19004KT 9999 FEW015 BKN300 27/25 Q1012 NOSIG
2026-06-07 19:53 UTC,METAR WSSS 071930Z VRB01KT 9999 FEW015 BKN160 27/25 Q1011 NOSIG
2026-06-07 21:06 UTC,METAR WSSS 072100Z VRB02KT 9999 FEW016 BKN160 28/25 Q1011 NOSIG
2026-06-07 22:35 UTC,METAR WSSS 072230Z 19003KT 9999 FEW016 BKN160 28/25 Q1011 NOSIG
2026-06-08 00:02 UTC,METAR WSSS 080000Z 18003KT 9999 FEW016 BKN160 29/26 Q1011 NOSIG
2026-06-08 05:10 UTC,METAR WSSS 080500Z 17006KT 110V220 9999 SCT018 FEW020TCU BKN300 32/26 Q1011 NOSIG
2026-06-08 10:00 UTC,METAR WSSS 080930Z 34014KT 1200 R02L/P2000N R02C/P2000N R02R/P2000N +TSRA FEW008 FEW015CB BKN016TCU 24/23 Q1010 BECMG TL1000 4000 TSRA BECMG FM1015 TL1030 6000 NSW
2026-06-08 14:32 UTC,METAR WSSS 081430Z 17007KT 9999 FEW016 SCT160 BKN300 27/24 Q1011 NOSIG
2026-06-08 17:48 UTC,METAR WSSS 081730Z VRB01KT 9999 FEW018 BKN300 25/24 Q1010 NOSIG
2026-06-08 20:08 UTC,METAR WSSS 082000Z 00000KT 9999 FEW018 BKN150 26/24 Q1010 NOSIG
2026-06-08 22:08 UTC,METAR WSSS 082200Z 32001KT 9999 SCT018 BKN300 26/25 Q1011 NOSIG
2026-06-08 23:44 UTC,METAR WSSS 082330Z 30002KT 8000 FEW018 FEW020TCU BKN300 26/25 Q1011 NOSIG
2026-06-09 02:43 UTC,METAR WSSS 090230Z 25004KT 180V330 9000 FEW018 FEW020TCU BKN160 30/26 Q1012 NOSIG
2026-06-09 06:45 UTC,METAR WSSS 090630Z 00000KT 7000 -TSRA FEW014 FEW017CB SCT060 BKN170 27/26 Q1009 RERA BECMG FM0645 TL0700 NSW
2026-06-09 10:31 UTC,METAR WSSS 091030Z VRB02KT 9000 FEW016 SCT180 BKN270 26/25 Q1010 NOSIG
2026-06-09 13:41 UTC,METAR WSSS 091330Z 23003KT 9999 FEW018 BKN150 26/24 Q1011 NOSIG
2026-06-09 16:28 UTC,METAR WSSS 091600Z 21010KT 9999 FEW018TCU SCT040 BKN150 27/24 Q1012 NOSIG
2026-06-09 18:31 UTC,METAR WSSS 091800Z VRB02KT 9999 FEW018 BKN150 26/24 Q1011 NOSIG
2026-06-09 20:53 UTC,METAR WSSS 092030Z 22003KT 9999 FEW018 BKN150 27/24 Q1010 NOSIG
2026-06-09 22:20 UTC,METAR WSSS 092200Z 23004KT 9999 FEW018 BKN150 27/24 Q1011 NOSIG
2026-06-09 23:50 UTC,METAR WSSS 092330Z 21008KT 9999 FEW018 SCT150 BKN300 27/24 Q1012 NOSIG
2026-06-10 02:57 UTC,METAR WSSS 100230Z 21004KT 150V260 9999 FEW018 SCT050 BKN280 29/24 Q1013 NOSIG
2026-06-10 07:10 UTC,METAR WSSS 100700Z 17011KT 9999 FEW020TCU SCT160 BKN300 31/25 Q1010 NOSIG
2026-06-10 11:07 UTC,METAR WSSS 101100Z 19006KT 9999 FEW020 BKN160 29/24 Q1010 NOSIG
2026-06-10 14:34 UTC,METAR WSSS 101430Z 17005KT 9999 -RA FEW016 SCT060 BKN160 28/25 Q1013 NOSIG
2026-06-10 17:54 UTC,METAR WSSS 101730Z 19003KT 9999 FEW016 BKN160 28/25 Q1012 NOSIG
2026-06-10 20:23 UTC,METAR WSSS 102000Z 18003KT 9999 FEW016 BKN160 28/25 Q1011 NOSIG
2026-06-10 22:25 UTC,METAR WSSS 102200Z 17003KT 9999 SCT016 BKN160 28/25 Q1011 NOSIG
2026-06-10 23:55 UTC,METAR WSSS 102330Z VRB02KT 9999 FEW016CB FEW017TCU SCT018 BKN300 28/25 Q1012 TEMPO TL0030 4000 -TSRA
2026-06-11 03:33 UTC,METAR WSSS 110330Z 17004KT 9999 FEW017TCU FEW018CB SCT150 27/24 Q1013 NOSIG
2026-06-11 08:41 UTC,METAR WSSS 110830Z 02005KT 340V040 9999 -RA FEW012 BKN160 27/25 Q1011 NOSIG
2026-06-11 12:40 UTC,METAR WSSS 111230Z 09005KT 050V130 9999 FEW017 BKN160 28/25 Q1013 NOSIG
2026-06-11 16:50 UTC,METAR WSSS 111630Z 11006KT 050V140 9999 FEW016 BKN160 29/25 Q1014 NOSIG
2026-06-11 19:31 UTC,METAR WSSS 111930Z 08005KT 9000 FEW016 SCT280 29/25 Q1012 NOSIG
2026-06-11 21:58 UTC,METAR WSSS 112130Z 32002KT 8000 FEW016 BKN150 27/25 Q1012 NOSIG
2026-06-11 23:26 UTC,METAR WSSS 112300Z 31003KT 4000 BR FEW016 FEW020TCU SCT150 26/25 Q1013 BECMG FM0045 6000 NSW
2026-06-12 01:55 UTC,METAR WSSS 120130Z 34003KT 7000 FEW016 FEW018TCU BKN160 29/26 Q1015 NOSIG
2026-06-12 06:37 UTC,METAR WSSS 120630Z 01005KT 340V040 9999 -RA FEW018 BKN170 27/23 Q1013 NOSIG
2026-06-12 10:58 UTC,METAR WSSS 121030Z 06005KT 360V100 9999 FEW018 BKN150 27/23 Q1012 NOSIG
2026-06-12 14:10 UTC,METAR WSSS 121400Z 10005KT 010V140 9999 FEW018 BKN300 28/24 Q1013 NOSIG
2026-06-12 17:20 UTC,METAR WSSS 121700Z 32004KT 9999 FEW018 BKN150 27/24 Q1014 NOSIG
2026-06-12 19:28 UTC,METAR WSSS 121900Z VRB02KT 9000 SCT016 SCT150 26/25 Q1012 NOSIG
2026-06-12 21:13 UTC,METAR WSSS 122100Z VRB02KT 9000 FEW016 SCT160 BKN300 26/24 Q1012 NOSIG
2026-06-12 22:55 UTC,METAR WSSS 122230Z VRB02KT 9000 FEW018 BKN160 26/24 Q1012 NOSIG
2026-06-13 00:16 UTC,METAR WSSS 130000Z 29003KT 260V320 7000 FEW018 SCT170 BKN300 27/24 Q1013 NOSIG
2026-06-13 04:58 UTC,METAR WSSS 130430Z 10005KT 060V170 9999 FEW020TCU BKN300 31/24 Q1012 NOSIG
2026-06-13 08:24 UTC,METAR WSSS 130800Z 14008KT 100V170 9999 FEW020TCU FEW022CB BKN300 32/24 Q1009 NOSIG
2026-06-13 10:55 UTC,METAR WSSS 131030Z 09008KT 070V130 9999 FEW020 BKN300 30/25 Q1009 NOSIG
2026-06-13 12:23 UTC,METAR WSSS 131200Z 12008KT 9999 FEW018 BKN300 30/24 Q1010 NOSIG
2026-06-13 14:36 UTC,METAR WSSS 131430Z 14007KT 9999 FEW018 BKN300 29/25 Q1012 NOSIG
2026-06-13 16:10 UTC,METAR WSSS 131600Z 10005KT 9999 FEW018 BKN300 29/25 Q1012 NOSIG
2026-06-13 17:51 UTC,METAR WSSS 131730Z 10006KT 9999 FEW018 BKN300 29/25 Q1011 NOSIG
2026-06-13 19:18 UTC,METAR WSSS 131900Z 10004KT 9999 SCT018 BKN300 29/25 Q1011 NOSIG
2026-06-13 20:46 UTC,METAR WSSS 132030Z 10005KT 9999 SCT018 BKN300 29/25 Q1010 NOSIG
2026-06-13 21:59 UTC,METAR WSSS 132130Z 09004KT 9999 FEW018 BKN300 28/25 Q1010 NOSIG
2026-06-13 23:12 UTC,METAR WSSS 132300Z 10006KT 9999 FEW018 FEW020CB BKN300 29/25 Q1010 NOSIG
2026-06-14 01:41 UTC,METAR WSSS 140130Z 09008KT 060V120 9999 FEW018 FEW020TCU SCT300 30/24 Q1012 NOSIG
2026-06-14 10:21 UTC,METAR WSSS 141000Z 09003KT 030V140 9999 FEW018 FEW020TCU SCT270 28/24 Q1009 NOSIG
2026-06-14 12:21 UTC,METAR WSSS 141200Z 00000KT 9999 FEW018 BKN300 27/24 Q1010 NOSIG
2026-06-14 14:38 UTC,METAR WSSS 141430Z 19002KT 9000 FEW018 BKN300 27/24 Q1011 NOSIG
2026-06-14 16:18 UTC,METAR WSSS 141600Z 20001KT 9000 FEW018 BKN300 27/24 Q1012 NOSIG
2026-06-14 17:55 UTC,METAR WSSS 141600Z 20001KT 9000 FEW018 BKN300 27/24 Q1012 NOSIG
2026-06-14 19:21 UTC,METAR WSSS 141900Z VRB01KT 8000 FEW016 BKN300 26/25 Q1010 NOSIG
2026-06-14 20:46 UTC,METAR WSSS 142030Z 34002KT 7000 FEW018 BKN300 26/25 Q1010 NOSIG
2026-06-14 22:05 UTC,METAR WSSS 142200Z 32003KT 8000 FEW018 BKN150 27/24 Q1009 NOSIG
2026-06-14 23:44 UTC,METAR WSSS 142330Z 29003KT 220V010 5000 HZ FEW016 FEW018TCU BKN300 27/24 Q1011 BECMG FM0015 TL0030 NSW
2026-06-15 03:45 UTC,METAR WSSS 150330Z 17008KT 9999 FEW018TCU BKN300 31/26 Q1012 NOSIG
2026-06-15 09:58 UTC,METAR WSSS 150930Z 17006KT 9999 FEW018CB FEW020TCU BKN300 30/25 Q1009 NOSIG
2026-06-15 15:49 UTC,METAR WSSS 151530Z 20005KT 9999 FEW018 BKN140 28/25 Q1013 NOSIG
2026-06-15 19:43 UTC,METAR WSSS 151930Z 14007KT 9999 FEW016 BKN150 28/25 Q1011 NOSIG
2026-06-15 22:15 UTC,METAR WSSS 152200Z 17003KT 9999 FEW016 FEW020TCU SCT160 27/25 Q1011 NOSIG
2026-06-16 00:08 UTC,METAR WSSS 160000Z 14005KT 120V180 9999 SCT016 FEW018TCU SCT160 28/25 Q1012 NOSIG
2026-06-16 05:43 UTC,METAR WSSS 160530Z 12008KT 080V150 9999 FEW018 BKN160 30/25 Q1011 NOSIG
2026-06-16 11:03 UTC,METAR WSSS 161100Z 13006KT 9999 FEW020TCU BKN300 30/24 Q1009 NOSIG
2026-06-16 16:08 UTC,METAR WSSS 161600Z 13004KT 9999 FEW016 BKN300 29/24 Q1012 NOSIG
2026-06-16 19:54 UTC,METAR WSSS 161930Z 09003KT 050V150 9999 FEW018 BKN300 28/25 Q1011 NOSIG
2026-06-16 22:07 UTC,METAR WSSS 162200Z 12006KT 9999 FEW018 BKN300 28/24 Q1011 NOSIG
2026-06-16 23:54 UTC,METAR WSSS 162330Z 10005KT 9999 FEW018 FEW020CB BKN300 29/24 Q1011 NOSIG
2026-06-17 03:38 UTC,METAR WSSS 170330Z 10008KT 070V130 9999 VCSH FEW016 FEW018CB FEW020TCU BKN300 31/24 Q1012 NOSIG
